card_txn_id,card_id,merchant_id,amount,currency_code,txn_datetime,status,is_flagged
1,262,95,2151.42,GBP,2024-11-23T04:35:47,reversed,0
2,459,87,1919.73,USD,2025-07-10T09:46:59,approved,0
3,353,26,345.9,USD,2025-05-21T03:33:06,approved,0
4,13,107,1518.4,USD,2022-09-07T09:25:30,reversed,0
5,431,109,1641.06,QAR,2025-10-27T14:54:42,approved,0
6,326,3,556.05,QAR,2025-09-08T07:10:32,approved,0
7,244,62,871.53,EUR,2025-04-20T15:23:42,approved,0
8,410,14,1392.96,QAR,2022-10-31T00:18:29,approved,0
9,298,39,104.18,EUR,2025-09-07T19:28:02,declined,0
10,72,60,2647.51,USD,2022-01-19T05:22:32,approved,0
11,179,116,2119.26,USD,2022-05-09T05:41:09,approved,0
12,174,59,2146.12,GBP,2023-07-25T21:19:59,approved,0
13,331,62,1130.82,USD,2025-09-11T05:36:45,declined,0
14,270,34,390.01,USD,2025-04-04T11:37:39,approved,0
15,16,110,2199.17,USD,2025-09-24T03:31:59,approved,0
16,119,99,2426.05,GBP,2023-04-30T03:57:56,approved,0
17,387,54,2767.28,USD,2023-05-28T03:02:54,approved,0
18,192,78,1894.62,USD,2022-12-23T10:06:44,approved,0
19,327,74,1670.29,USD,2024-10-02T14:43:18,approved,0
20,223,105,1586.53,GBP,2022-06-26T18:01:40,declined,0
21,18,104,423.41,USD,2024-04-15T18:34:55,approved,0
22,374,117,2185.39,USD,2023-01-25T06:36:52,approved,0
23,317,116,1676.97,USD,2022-05-18T14:27:40,approved,0
24,41,17,2347.6,USD,2022-08-30T15:14:03,approved,0
25,115,106,2821.97,QAR,2023-05-30T12:45:22,approved,0
26,496,37,226.18,EUR,2024-11-26T19:32:19,approved,0
27,358,115,334.4,USD,2023-06-23T20:01:02,approved,0
28,172,114,2294.68,USD,2025-01-25T23:21:59,approved,0
29,32,31,1481.68,QAR,2025-02-28T19:44:53,approved,0
30,37,54,1795.25,EUR,2022-06-15T17:30:08,approved,0
31,19,64,1523.8,EUR,2024-06-02T15:19:50,approved,0
32,11,120,167.96,GBP,2023-02-06T17:38:55,approved,0
33,10,71,1447.56,USD,2024-02-12T22:08:27,approved,0
34,60,57,355.74,EUR,2024-01-24T11:12:21,approved,0
35,119,12,1766.68,USD,2025-01-03T18:02:51,approved,0
36,417,8,231.68,USD,2023-01-05T09:02:20,approved,0
37,126,38,390.89,USD,2025-09-08T03:42:04,approved,0
38,106,64,2116.36,QAR,2023-03-28T14:45:19,declined,0
39,150,112,1961.62,USD,2023-07-02T10:44:34,approved,0
40,462,53,2117.09,EUR,2023-07-27T02:13:58,approved,0
41,119,40,2226.24,USD,2024-02-02T23:52:50,approved,0
42,358,57,1950.42,USD,2022-08-22T00:31:53,approved,0
43,197,39,2481.88,USD,2023-07-26T19:24:31,approved,0
44,228,6,674.9,USD,2025-09-13T13:34:03,approved,0
45,391,45,2811.8,QAR,2023-11-20T08:51:48,approved,0
46,175,93,2488.06,USD,2024-05-25T23:59:47,approved,0
47,284,50,2857.52,QAR,2023-08-12T17:29:27,approved,0
48,266,34,489.32,USD,2023-05-03T04:58:00,approved,0
49,141,11,2996.42,GBP,2023-08-29T10:36:25,approved,0
50,138,85,753.04,EUR,2025-05-30T00:07:19,approved,0
51,136,109,538.0,USD,2024-06-19T00:29:02,reversed,0
52,433,72,655.09,USD,2022-06-12T08:57:39,approved,0
53,226,24,775.5,GBP,2023-06-16T15:08:14,approved,0
54,317,84,150.64,USD,2022-03-20T05:43:32,approved,0
55,22,71,2152.64,USD,2023-06-15T08:01:43,approved,0
56,277,92,136.11,USD,2022-08-12T02:32:28,approved,0
57,105,42,1711.96,QAR,2025-10-26T13:04:41,approved,0
58,13,42,1821.69,USD,2024-04-15T20:23:30,declined,0
59,16,21,1106.17,USD,2022-11-04T18:01:06,approved,0
60,262,92,2343.06,USD,2025-04-05T22:22:13,approved,0
61,337,93,451.92,GBP,2025-08-22T02:04:59,reversed,0
62,295,81,1645.6,USD,2022-09-06T16:51:03,approved,0
63,267,57,952.18,USD,2025-03-24T09:58:15,approved,0
64,186,30,1368.55,GBP,2022-08-25T22:15:28,approved,0
65,186,11,1057.25,USD,2024-01-12T20:30:38,approved,0
66,118,73,2483.81,AED,2025-01-06T07:49:58,approved,0
67,71,78,782.32,USD,2023-10-05T03:05:26,approved,0
68,295,64,1898.62,GBP,2023-01-04T14:00:10,approved,0
69,284,92,2790.52,GBP,2022-09-16T01:53:27,approved,0
70,38,17,1545.66,USD,2024-03-05T13:22:08,approved,0
71,365,38,358.85,QAR,2023-11-21T18:38:39,approved,0
72,38,95,2762.33,QAR,2024-04-17T20:28:47,approved,0
73,245,90,405.55,USD,2025-04-22T16:05:09,declined,0
74,190,87,1948.92,USD,2024-06-17T05:32:46,approved,0
75,50,30,893.45,USD,2025-03-01T16:57:33,approved,0
76,219,37,969.75,USD,2023-01-01T04:02:52,declined,0
77,375,27,1292.75,USD,2025-06-14T10:06:22,approved,0
78,141,63,1317.87,QAR,2023-08-14T08:38:48,approved,0
79,143,19,289.74,EUR,2024-11-07T05:01:38,declined,0
80,277,69,2397.38,USD,2022-02-22T11:13:18,declined,0
81,375,57,1563.64,QAR,2023-08-28T03:45:45,declined,0
82,456,56,1480.78,USD,2022-10-08T08:46:42,approved,0
83,41,96,2380.37,GBP,2023-11-01T05:32:21,approved,0
84,263,87,2331.58,GBP,2023-10-07T01:27:06,declined,0
85,163,25,2524.61,EUR,2025-07-06T01:40:40,approved,0
86,193,112,2829.6,EUR,2023-06-28T15:09:31,approved,0
87,145,17,597.32,QAR,2024-11-23T23:47:13,approved,0
88,286,79,627.22,USD,2024-05-06T22:16:39,approved,0
89,327,45,1453.73,EUR,2023-01-04T09:53:14,approved,0
90,251,102,1890.82,EUR,2025-01-17T15:18:06,approved,0
91,460,97,2292.28,USD,2024-07-04T10:15:42,approved,0
92,490,41,1982.52,USD,2024-03-26T22:08:49,declined,0
93,443,63,1803.97,EUR,2022-03-01T09:17:32,approved,0
94,210,8,1687.65,USD,2025-10-14T10:26:25,approved,0
95,134,117,165.79,USD,2023-03-25T10:40:52,approved,0
96,114,74,2627.11,USD,2025-07-04T03:39:39,approved,0
97,11,93,65.31,USD,2025-12-14T10:58:22,approved,0
98,336,7,1556.91,USD,2023-02-11T05:53:34,approved,0
99,149,103,485.89,USD,2024-04-26T06:35:46,approved,1
100,433,3,2265.86,USD,2024-10-24T12:50:31,approved,0
101,13,30,1895.4,EUR,2022-03-11T08:47:07,approved,0
102,206,17,2455.25,QAR,2022-06-23T02:04:32,approved,0
103,213,3,46.2,QAR,2025-05-23T04:06:47,approved,0
104,426,78,2578.19,GBP,2024-05-20T16:47:01,approved,0
105,52,34,2907.85,EUR,2024-02-11T09:27:05,approved,0
106,143,62,854.7,GBP,2024-11-03T07:24:01,reversed,0
107,488,48,2288.58,GBP,2024-07-15T07:36:01,approved,0
108,190,62,1690.33,EUR,2023-11-12T04:51:40,reversed,0
109,87,27,2594.75,USD,2023-05-27T02:09:25,approved,0
110,371,108,1700.78,USD,2024-10-07T08:26:19,approved,0
111,19,42,2067.61,EUR,2022-01-12T08:44:13,approved,0
112,280,64,940.42,EUR,2023-10-22T14:45:30,approved,0
113,376,11,2763.85,USD,2022-06-08T12:08:48,approved,0
114,63,22,593.71,QAR,2022-08-21T01:56:27,approved,0
115,269,63,421.32,QAR,2024-05-06T12:00:18,approved,0
116,369,119,2640.92,USD,2023-10-23T19:56:23,approved,0
117,149,67,2055.7,QAR,2024-01-31T16:38:16,approved,0
118,170,119,2240.8,AED,2022-10-05T05:33:45,approved,1
119,214,23,452.75,USD,2022-01-12T09:44:12,approved,0
120,235,43,285.95,EUR,2025-05-02T05:04:22,approved,0
121,177,81,44.36,USD,2023-08-06T13:37:46,approved,0
122,207,120,765.74,USD,2025-09-12T06:04:37,approved,0
123,144,23,790.29,USD,2024-12-05T18:41:49,approved,0
124,437,76,1815.12,AED,2025-06-15T21:58:30,approved,1
125,119,28,275.83,QAR,2022-10-28T04:10:30,approved,0
126,459,7,412.65,QAR,2024-05-21T21:30:20,approved,0
127,124,72,1180.95,GBP,2025-12-17T15:22:19,approved,0
128,41,114,1816.93,USD,2022-12-07T20:53:17,approved,0
129,287,57,1471.3,GBP,2025-11-04T03:35:57,approved,0
130,13,111,1098.33,USD,2025-10-04T11:46:27,approved,0
131,472,25,1148.61,USD,2022-01-22T06:28:23,approved,1
132,159,43,284.14,USD,2023-06-04T16:58:00,approved,0
133,141,83,1437.25,USD,2025-11-25T22:16:17,approved,0
134,422,4,2589.83,QAR,2025-05-29T20:29:31,approved,0
135,332,97,1637.67,USD,2024-01-27T00:39:57,approved,0
136,91,112,2553.13,USD,2022-09-02T01:28:40,approved,0
137,440,70,833.88,QAR,2025-09-03T19:47:01,approved,0
138,461,41,2693.41,USD,2025-04-16T23:23:33,approved,0
139,214,108,2003.83,USD,2023-01-31T16:09:46,approved,0
140,23,36,1826.37,EUR,2024-04-18T05:40:47,approved,0
141,160,36,1682.56,USD,2024-08-12T18:53:44,approved,0
142,46,15,2754.2,USD,2022-06-26T05:20:37,approved,1
143,87,101,33.3,EUR,2024-07-31T02:56:46,declined,0
144,349,83,2828.09,QAR,2022-09-29T09:03:24,approved,0
145,72,73,947.99,USD,2023-01-21T08:56:12,approved,0
146,358,57,795.11,USD,2025-03-31T11:22:49,approved,0
147,324,88,2495.53,USD,2025-04-13T12:09:34,approved,0
148,223,45,1938.73,EUR,2023-08-15T06:21:44,reversed,0
149,381,102,808.31,USD,2023-03-08T08:13:29,approved,0
150,265,85,1894.08,USD,2024-08-14T18:20:23,approved,0
151,462,5,968.47,USD,2024-01-05T00:10:26,approved,0
152,463,13,562.96,USD,2022-11-30T14:34:11,approved,0
153,316,59,1781.54,EUR,2024-03-28T15:53:15,approved,0
154,173,62,2036.31,USD,2023-04-25T16:06:26,approved,0
155,296,52,1780.04,USD,2022-12-07T09:56:38,reversed,0
156,102,73,2256.05,USD,2023-11-14T01:05:19,approved,0
157,178,59,1189.19,USD,2025-09-10T04:12:56,approved,0
158,95,31,2573.57,USD,2023-05-17T04:43:35,approved,0
159,245,21,1035.45,USD,2025-11-07T12:44:13,declined,0
160,426,60,2119.26,GBP,2022-07-16T12:08:20,approved,0
161,396,42,2694.27,QAR,2024-05-19T19:25:34,approved,0
162,380,76,82.64,QAR,2022-12-31T07:23:23,approved,0
163,313,77,2255.55,QAR,2025-08-15T07:08:31,approved,0
164,223,12,1020.08,EUR,2024-05-21T04:18:19,approved,0
165,18,34,2875.62,USD,2022-12-01T12:43:33,approved,0
166,43,45,2058.82,USD,2024-04-08T00:10:20,approved,0
167,352,59,36.74,EUR,2025-10-04T12:27:49,approved,0
168,380,82,349.64,QAR,2024-07-11T16:23:49,approved,0
169,274,47,336.79,USD,2024-05-18T17:48:24,approved,0
170,4,44,2844.71,GBP,2023-06-13T06:32:52,approved,0
171,223,7,1395.36,USD,2024-09-29T14:23:03,declined,0
172,130,55,1013.71,USD,2022-02-18T17:17:11,approved,0
173,229,42,894.45,USD,2022-08-17T11:46:02,approved,0
174,90,11,1605.89,USD,2022-10-24T20:31:27,declined,0
175,235,89,1852.49,QAR,2024-12-08T18:29:02,approved,0
176,76,78,2930.58,EUR,2022-07-27T12:32:46,approved,0
177,384,39,1268.74,USD,2023-06-11T23:41:47,declined,0
178,222,15,2381.35,EUR,2023-09-13T19:32:34,approved,0
179,410,7,1123.96,USD,2024-06-13T08:47:44,approved,0
180,344,6,1814.66,QAR,2025-10-20T09:17:00,approved,1
181,213,85,391.04,USD,2025-05-11T20:20:06,approved,1
182,167,29,193.04,USD,2025-12-29T19:52:29,approved,0
183,169,70,1168.34,QAR,2022-01-26T10:21:20,approved,0
184,237,110,2228.23,USD,2025-11-29T05:43:24,approved,0
185,437,74,2903.24,EUR,2025-02-23T11:05:13,approved,0
186,156,38,2253.07,USD,2024-08-15T00:09:39,approved,0
187,290,56,1247.35,GBP,2023-08-05T17:47:31,reversed,0
188,276,17,1136.53,QAR,2022-09-10T03:25:13,approved,0
189,149,23,2594.95,GBP,2024-04-01T17:26:22,approved,0
190,307,36,959.57,USD,2022-08-05T21:56:43,reversed,0
191,163,65,1607.81,USD,2024-04-07T15:48:29,approved,0
192,81,119,2620.28,USD,2022-01-07T17:53:21,approved,0
193,350,117,296.77,EUR,2024-05-06T13:26:12,approved,0
194,71,79,1860.52,AED,2025-05-12T18:46:26,declined,0
195,128,22,1708.78,USD,2022-07-06T11:01:47,approved,0
196,200,71,1534.98,USD,2022-11-27T14:23:46,approved,0
197,480,92,2764.31,USD,2023-08-24T02:57:01,approved,0
198,126,88,1810.54,AED,2022-12-29T14:32:41,approved,0
199,170,112,2760.63,USD,2024-08-04T23:04:00,approved,0
200,209,111,1560.26,USD,2024-02-29T02:50:26,declined,0
201,276,16,2147.95,EUR,2024-12-29T22:01:28,approved,0
202,150,104,1196.39,QAR,2022-03-23T11:25:45,declined,0
203,226,55,2362.7,USD,2023-06-22T18:48:50,approved,0
204,212,85,1020.82,QAR,2024-09-15T06:16:06,approved,0
205,235,116,2127.83,GBP,2023-06-17T10:18:44,approved,0
206,359,34,1705.56,EUR,2022-10-14T04:33:18,approved,0
207,289,47,2141.98,USD,2022-11-21T18:40:19,approved,0
208,151,20,2231.71,EUR,2022-10-28T19:18:54,approved,0
209,15,109,636.56,USD,2025-04-11T00:16:23,approved,0
210,265,52,1431.97,QAR,2023-12-06T20:09:37,approved,0
211,192,49,2596.5,USD,2022-12-13T16:30:11,approved,0
212,343,9,1028.42,USD,2023-04-05T04:17:38,approved,0
213,333,26,1070.79,USD,2025-07-31T00:53:47,approved,0
214,269,115,686.66,USD,2025-09-22T01:25:40,approved,0
215,35,35,1660.75,USD,2025-01-06T02:51:03,approved,0
216,126,33,2392.22,USD,2025-08-25T07:14:44,approved,0
217,312,35,1656.82,USD,2023-01-25T23:53:58,approved,0
218,268,39,184.47,USD,2025-04-14T18:30:29,approved,0
219,27,41,2370.47,USD,2024-09-06T03:28:05,approved,0
220,302,28,1795.68,USD,2022-01-20T18:27:55,declined,0
221,227,100,1928.6,EUR,2025-07-24T19:48:29,reversed,0
222,209,77,813.69,EUR,2023-11-05T16:30:32,approved,0
223,136,112,1597.51,USD,2025-10-20T17:32:19,approved,0
224,388,24,1463.77,USD,2024-11-09T15:31:10,approved,0
225,345,39,285.51,QAR,2023-12-03T20:43:34,approved,0
226,56,98,696.94,USD,2023-09-18T10:49:33,approved,0
227,475,79,632.46,EUR,2023-10-26T05:12:49,approved,0
228,81,79,1988.45,USD,2024-11-23T15:41:38,approved,0
229,138,30,2798.66,USD,2023-09-14T11:09:19,approved,0
230,382,41,1350.22,USD,2024-03-16T13:00:48,declined,0
231,210,46,1938.09,USD,2024-07-24T08:01:52,approved,0
232,367,33,885.8,USD,2023-10-22T13:50:24,approved,0
233,103,103,646.51,USD,2023-07-16T03:04:15,approved,0
234,483,93,1779.63,AED,2022-04-05T21:24:44,declined,0
235,128,36,2960.81,EUR,2022-05-02T03:03:40,approved,0
236,225,119,854.14,USD,2022-06-01T10:49:46,approved,0
237,78,76,897.97,USD,2022-06-30T14:15:20,approved,0
238,134,72,1594.02,USD,2022-02-14T04:49:49,approved,0
239,365,95,943.26,QAR,2024-07-02T23:56:13,approved,0
240,236,47,1000.37,EUR,2025-12-12T08:16:38,approved,1
241,62,83,1233.52,USD,2024-09-23T01:53:33,approved,0
242,192,3,1698.01,AED,2024-10-29T10:50:34,approved,0
243,325,9,2203.83,EUR,2025-02-17T03:34:10,approved,0
244,45,74,2767.65,EUR,2023-01-26T02:49:43,approved,0
245,232,114,2641.86,GBP,2025-08-25T10:04:11,approved,0
246,271,100,2078.37,QAR,2024-06-04T00:25:36,approved,0
247,200,3,27.6,USD,2022-11-05T08:54:14,approved,0
248,273,59,1961.53,USD,2025-03-22T11:57:56,approved,0
249,97,99,446.55,USD,2022-07-26T00:34:38,declined,0
250,66,70,1046.86,USD,2023-10-08T07:42:13,approved,0
251,139,30,2809.03,USD,2023-12-29T00:08:56,declined,0
252,428,49,78.22,QAR,2023-03-04T12:03:28,approved,0
253,395,49,1771.47,USD,2022-12-25T16:58:37,approved,0
254,388,27,362.83,USD,2025-05-23T11:47:20,approved,0
255,47,103,1521.72,USD,2024-11-07T03:29:01,approved,0
256,205,110,302.0,USD,2023-09-27T02:27:54,approved,0
257,360,11,1952.0,QAR,2024-08-23T00:17:46,approved,0
258,73,109,748.5,EUR,2022-09-20T16:09:08,approved,0
259,32,77,2407.54,QAR,2025-09-15T09:23:39,approved,0
260,89,23,2809.0,AED,2025-10-01T05:23:56,declined,0
261,16,64,613.82,USD,2024-02-04T08:39:20,approved,1
262,15,114,1412.57,GBP,2022-10-23T13:02:34,approved,0
263,269,22,476.2,USD,2023-04-02T02:26:04,approved,0
264,213,110,2694.63,USD,2025-05-20T20:00:19,approved,0
265,132,17,969.98,USD,2025-06-10T21:45:06,approved,0
266,437,74,590.47,USD,2022-09-23T04:14:42,approved,0
267,207,37,2660.98,USD,2023-04-09T08:11:46,approved,0
268,499,60,2005.73,USD,2025-03-28T08:48:57,approved,0
269,339,19,1738.95,QAR,2022-03-12T23:57:51,approved,0
270,102,24,44.94,EUR,2023-05-03T05:25:20,approved,0
271,440,45,564.87,QAR,2025-03-28T12:28:13,approved,0
272,226,16,2235.39,EUR,2024-11-19T10:21:57,approved,0
273,447,63,2316.48,USD,2022-07-17T21:54:21,approved,0
274,401,47,1280.69,USD,2025-01-17T04:06:14,reversed,0
275,62,71,2138.66,USD,2023-12-13T09:28:27,approved,0
276,495,111,2915.1,USD,2024-11-12T06:09:53,approved,0
277,102,94,2234.3,USD,2022-11-07T18:55:33,approved,0
278,186,70,692.81,QAR,2024-12-23T05:23:10,approved,0
279,325,110,1855.32,QAR,2022-11-08T17:39:27,approved,0
280,492,52,890.9,QAR,2024-05-12T15:29:20,approved,0
281,1,10,755.49,EUR,2023-10-01T06:59:46,approved,0
282,31,97,1232.31,USD,2022-11-25T07:25:50,approved,0
283,303,25,747.22,USD,2023-04-09T08:08:57,approved,0
284,300,87,457.23,USD,2025-10-08T08:48:20,approved,0
285,160,68,309.63,EUR,2024-08-22T07:42:28,approved,0
286,381,79,1364.19,USD,2023-12-01T08:02:24,approved,0
287,321,60,1278.88,USD,2025-12-24T22:55:50,approved,0
288,268,14,267.54,GBP,2025-05-11T11:15:55,approved,0
289,360,56,1266.18,EUR,2023-07-28T23:46:17,declined,0
290,169,54,2001.6,USD,2024-01-01T02:00:06,approved,0
291,300,64,665.72,USD,2023-06-29T03:49:52,approved,0
292,429,73,1128.72,USD,2025-09-29T12:02:38,approved,0
293,330,13,1727.73,USD,2023-05-04T11:37:43,approved,0
294,418,51,2155.43,USD,2025-08-18T14:54:29,approved,0
295,482,52,2439.86,EUR,2024-06-03T21:58:01,approved,0
296,323,43,298.21,QAR,2022-02-28T23:29:54,declined,0
297,350,45,1058.43,AED,2023-07-21T14:50:03,approved,0
298,326,34,2306.3,USD,2025-02-17T17:41:20,approved,0
299,400,105,517.83,USD,2022-07-02T10:22:39,approved,0
300,495,30,950.97,USD,2022-07-05T20:25:20,approved,0
301,388,49,608.04,QAR,2024-09-21T11:21:51,approved,0
302,82,22,969.63,USD,2025-04-06T09:58:32,approved,0
303,388,72,1615.69,USD,2025-11-25T02:12:05,approved,0
304,449,85,1215.1,USD,2023-11-28T17:22:25,approved,0
305,433,95,2444.09,QAR,2023-08-25T19:36:05,approved,0
306,423,6,739.22,USD,2023-07-15T00:31:14,approved,0
307,126,113,679.05,EUR,2023-03-19T04:00:18,approved,1
308,314,62,2514.12,USD,2025-02-02T18:12:26,approved,0
309,205,81,1727.22,QAR,2024-03-03T23:16:45,approved,0
310,411,34,1295.08,USD,2023-04-26T10:34:22,approved,0
311,165,111,2482.69,GBP,2025-01-07T18:08:06,reversed,0
312,260,91,1428.26,USD,2025-05-22T07:46:22,approved,0
313,284,106,2955.26,USD,2025-03-22T01:29:39,approved,0
314,34,22,68.3,USD,2025-08-24T01:57:22,approved,0
315,33,88,1064.53,AED,2023-07-20T18:16:57,approved,0
316,252,56,2113.25,QAR,2024-03-22T06:42:28,approved,0
317,156,43,699.23,GBP,2024-11-06T13:09:49,approved,0
318,162,111,22.31,EUR,2025-12-29T11:37:07,approved,0
319,33,68,1242.31,USD,2023-02-03T07:38:49,approved,0
320,93,4,1948.92,USD,2022-09-02T10:05:06,declined,0
321,486,88,1163.58,USD,2025-11-27T15:08:54,approved,0
322,182,23,2122.37,QAR,2024-10-20T02:11:16,approved,0
323,332,82,246.54,USD,2022-07-12T16:16:01,approved,0
324,286,8,2048.76,USD,2022-01-04T16:00:00,approved,0
325,410,116,1705.1,USD,2022-05-23T05:12:40,approved,0
326,112,45,292.7,EUR,2022-11-13T19:23:36,approved,0
327,434,113,2316.41,USD,2024-06-30T00:39:02,declined,0
328,407,16,2422.0,USD,2023-08-20T03:22:43,approved,0
329,461,13,1493.96,EUR,2025-06-09T10:29:59,approved,0
330,402,58,2832.15,EUR,2022-05-15T10:15:23,approved,0
331,252,25,2382.57,USD,2022-05-01T15:51:53,declined,0
332,430,76,298.14,USD,2025-09-20T20:20:58,approved,0
333,273,67,1183.77,USD,2023-02-16T09:20:08,approved,0
334,484,81,1280.1,USD,2022-06-18T15:01:31,approved,0
335,313,50,919.08,AED,2023-08-12T21:44:03,approved,0
336,485,12,922.75,EUR,2025-03-15T17:11:41,approved,0
337,15,7,2900.37,USD,2023-12-22T17:03:52,approved,0
338,379,66,1572.91,USD,2024-01-30T21:44:02,declined,0
339,487,24,2677.28,GBP,2022-05-30T22:13:31,approved,0
340,8,6,2766.41,USD,2025-11-12T03:59:18,approved,0
341,417,118,2494.25,AED,2024-03-09T07:23:58,approved,0
342,73,77,740.03,EUR,2024-05-15T21:36:45,approved,0
343,105,113,1960.7,QAR,2024-04-18T22:00:26,approved,0
344,432,116,570.11,GBP,2023-06-04T19:00:40,approved,0
345,393,58,388.41,EUR,2022-05-25T20:07:07,approved,0
346,35,24,1611.75,USD,2023-06-10T21:45:59,approved,0
347,147,37,2566.81,USD,2022-09-02T12:52:56,declined,0
348,285,109,1494.91,USD,2022-03-15T15:30:06,approved,0
349,199,24,252.66,EUR,2022-05-19T07:27:39,approved,0
350,227,77,2307.84,EUR,2024-10-28T06:49:13,approved,0
351,8,20,1025.36,AED,2022-12-26T11:29:12,declined,0
352,195,20,2840.57,USD,2023-04-07T05:40:12,approved,0
353,13,112,1322.71,QAR,2025-05-17T16:18:35,approved,0
354,163,8,335.87,USD,2024-11-26T17:01:39,approved,0
355,165,48,117.21,QAR,2025-11-02T07:00:24,approved,0
356,199,99,1701.73,QAR,2025-07-10T01:36:34,approved,0
357,467,61,2811.76,EUR,2023-08-02T21:39:24,approved,0
358,350,63,1838.6,USD,2025-07-27T14:30:58,declined,0
359,451,47,673.07,USD,2022-12-24T12:16:56,approved,0
360,222,104,900.97,USD,2024-04-20T22:56:34,approved,0
361,65,108,1880.25,USD,2024-04-11T13:56:26,approved,0
362,488,50,1391.62,USD,2025-09-24T12:08:46,approved,0
363,365,25,1706.02,QAR,2025-09-12T19:23:57,approved,0
364,406,53,1125.7,USD,2024-03-15T04:30:06,approved,0
365,464,107,2867.29,QAR,2024-04-24T01:12:13,approved,0
366,338,50,2811.49,USD,2024-06-26T00:44:13,approved,0
367,140,96,2042.53,GBP,2025-08-06T12:36:50,approved,0
368,163,60,738.6,GBP,2024-09-23T10:39:59,approved,0
369,322,113,107.83,USD,2022-05-14T02:01:00,declined,0
370,170,110,271.66,QAR,2024-01-01T06:47:09,declined,0
371,34,47,1870.45,USD,2024-07-03T15:21:45,approved,0
372,411,72,481.12,QAR,2022-12-01T13:07:34,declined,0
373,288,71,1886.79,EUR,2023-07-30T22:54:57,approved,0
374,485,19,2727.74,USD,2022-03-22T04:56:24,approved,0
375,393,3,1759.35,AED,2024-01-13T14:37:36,approved,0
376,497,63,2839.92,EUR,2023-11-27T02:56:23,approved,0
377,154,87,1182.06,USD,2025-10-01T06:40:20,approved,0
378,403,11,1065.43,AED,2024-10-10T00:39:57,approved,0
379,187,109,759.64,USD,2024-12-01T00:31:20,declined,0
380,123,90,921.3,USD,2024-06-05T10:02:17,approved,0
381,235,85,242.57,EUR,2022-09-25T19:00:47,approved,0
382,103,116,1411.42,USD,2025-11-24T21:17:44,approved,0
383,263,110,2980.97,USD,2025-12-19T10:08:22,approved,0
384,251,37,801.48,QAR,2025-10-07T02:51:42,declined,0
385,459,15,70.98,USD,2022-08-08T07:04:11,approved,0
386,411,31,2337.07,QAR,2022-01-20T23:00:47,approved,0
387,317,10,470.42,EUR,2024-08-01T20:55:21,approved,0
388,63,8,2113.03,USD,2022-06-16T05:05:45,declined,1
389,406,88,700.76,USD,2022-06-12T12:20:40,approved,0
390,102,91,2963.81,EUR,2023-01-17T15:18:46,approved,0
391,32,57,556.41,USD,2022-12-27T06:16:09,approved,0
392,97,90,373.78,GBP,2023-01-21T05:54:20,approved,0
393,203,82,2508.45,USD,2024-04-24T16:40:18,approved,0
394,177,95,723.83,USD,2025-10-31T08:18:48,approved,0
395,253,45,2708.28,USD,2024-05-30T02:43:48,declined,0
396,382,87,266.52,EUR,2024-01-11T22:43:38,approved,0
397,135,94,2519.5,USD,2024-09-10T11:31:19,approved,0
398,382,25,685.88,USD,2025-11-15T11:26:29,approved,0
399,408,109,2835.75,USD,2024-08-09T14:09:09,approved,0
400,487,4,2620.34,GBP,2024-02-21T20:09:25,approved,0
401,419,85,2716.28,USD,2023-01-12T06:06:01,approved,0
402,173,26,67.0,USD,2023-09-14T17:17:14,approved,0
403,256,56,1306.45,QAR,2024-09-25T21:03:22,reversed,0
404,166,91,1431.15,USD,2023-04-27T16:31:51,approved,0
405,490,40,1895.26,USD,2023-09-29T21:39:27,approved,0
406,272,37,1024.61,USD,2025-11-11T04:23:36,reversed,0
407,229,48,1252.17,USD,2023-10-31T22:14:58,approved,0
408,469,116,2917.64,GBP,2025-02-10T10:36:50,approved,0
409,66,42,2345.22,EUR,2023-04-14T22:37:39,approved,0
410,251,73,1410.32,USD,2024-11-12T03:24:48,approved,0
411,271,63,1389.14,QAR,2023-06-29T02:28:24,approved,0
412,142,92,430.96,QAR,2022-05-01T15:15:14,approved,0
413,423,80,1448.69,USD,2023-07-13T10:31:20,approved,0
414,422,104,1938.23,AED,2025-05-08T19:07:18,approved,0
415,100,68,2396.95,USD,2024-02-10T13:44:52,approved,0
416,105,19,889.72,USD,2025-08-11T13:05:23,approved,0
417,76,58,1878.42,EUR,2025-05-01T14:48:20,approved,0
418,142,26,2119.48,USD,2022-11-30T18:08:20,declined,0
419,445,42,1658.62,USD,2023-10-08T23:24:35,approved,0
420,166,51,535.64,EUR,2022-03-12T20:18:20,approved,0
421,453,66,169.47,GBP,2022-09-28T15:04:59,approved,0
422,268,21,2820.49,USD,2024-01-08T11:21:05,approved,0
423,253,52,1636.24,USD,2025-08-07T12:44:09,approved,0
424,107,58,478.86,GBP,2023-06-19T07:15:03,approved,0
425,27,83,2528.99,USD,2022-03-28T01:14:48,approved,0
426,446,18,1502.75,USD,2025-07-23T21:25:01,approved,0
427,13,86,2144.8,USD,2022-05-20T01:12:37,approved,0
428,252,1,1049.45,USD,2024-01-24T16:57:53,approved,0
429,275,1,2745.77,GBP,2023-07-31T08:35:23,approved,0
430,104,97,1823.64,USD,2023-11-01T08:25:07,approved,0
431,229,78,2903.27,EUR,2024-04-10T06:11:07,approved,0
432,381,120,2622.95,USD,2025-03-13T23:47:19,approved,0
433,454,76,2453.95,USD,2022-04-22T20:40:14,approved,0
434,130,28,1534.28,USD,2023-03-20T05:55:21,approved,0
435,199,93,983.42,AED,2025-05-17T05:58:31,approved,0
436,408,86,2572.36,USD,2025-06-16T03:56:00,approved,0
437,439,2,2840.47,QAR,2023-09-14T14:24:46,approved,0
438,28,48,647.5,USD,2024-05-16T23:56:23,approved,0
439,12,39,2311.79,QAR,2023-09-11T04:16:29,declined,0
440,410,118,615.59,QAR,2025-10-28T00:56:59,declined,0
441,58,12,2174.98,USD,2025-04-02T22:35:17,approved,0
442,246,9,2194.84,USD,2022-05-14T12:43:24,approved,0
443,426,60,1238.45,AED,2025-03-27T01:42:04,declined,0
444,364,37,2157.17,USD,2023-07-02T00:42:17,reversed,0
445,354,58,2431.44,AED,2022-04-01T18:53:54,approved,0
446,251,102,696.1,QAR,2022-04-07T09:23:05,approved,0
447,242,70,493.36,EUR,2024-01-31T23:35:34,approved,0
448,178,53,523.54,USD,2024-08-15T11:49:18,approved,0
449,456,64,2027.78,USD,2024-06-03T02:38:16,declined,0
450,184,83,1400.73,GBP,2025-10-25T05:56:02,approved,0
451,321,19,1797.18,USD,2022-11-23T18:08:52,approved,0
452,203,11,2470.68,QAR,2024-10-23T17:02:33,approved,1
453,479,71,1994.58,USD,2023-04-10T21:45:50,approved,0
454,375,108,2391.15,USD,2024-03-19T16:42:52,approved,0
455,384,53,2064.03,AED,2023-04-08T20:41:29,approved,0
456,386,25,2149.17,QAR,2024-10-30T03:31:09,declined,0
457,157,31,2267.89,USD,2023-03-05T17:40:06,declined,0
458,9,4,888.76,USD,2025-10-25T02:04:16,approved,0
459,484,46,1985.43,USD,2025-05-08T09:21:24,approved,0
460,318,76,2758.83,EUR,2025-04-30T01:43:31,reversed,0
461,180,4,768.83,USD,2024-02-25T17:49:06,approved,0
462,451,45,2847.47,EUR,2022-02-25T12:02:31,approved,0
463,130,70,277.96,USD,2025-07-16T03:29:24,approved,0
464,241,5,969.97,EUR,2025-12-12T14:13:39,approved,1
465,66,76,2588.42,GBP,2024-11-02T14:04:32,approved,0
466,290,50,2404.32,USD,2022-04-10T08:37:07,approved,0
467,462,58,881.58,USD,2023-08-18T19:21:27,approved,0
468,429,10,598.97,USD,2022-01-12T12:49:47,approved,0
469,396,49,133.54,USD,2023-11-28T21:37:54,approved,0
470,414,90,2844.23,USD,2022-12-03T04:08:47,reversed,0
471,13,57,1489.44,GBP,2024-05-30T00:45:33,declined,0
472,279,14,1257.04,USD,2024-06-12T17:44:27,approved,0
473,450,86,1074.21,USD,2023-05-14T04:07:01,approved,0
474,341,26,1339.41,AED,2024-02-04T17:16:30,approved,0
475,95,75,1240.94,EUR,2023-04-21T06:09:19,approved,0
476,6,48,181.86,GBP,2022-08-19T16:42:17,approved,1
477,451,104,412.91,QAR,2024-09-10T06:12:42,approved,0
478,51,23,1164.8,EUR,2025-01-13T02:09:42,approved,0
479,441,98,205.85,USD,2022-05-29T18:10:15,approved,0
480,321,47,2812.95,QAR,2024-04-12T01:48:27,approved,0
481,203,4,579.43,GBP,2024-02-05T12:28:38,approved,0
482,465,17,1439.14,QAR,2024-11-09T13:41:55,approved,0
483,307,67,864.31,GBP,2024-06-05T19:01:26,approved,0
484,457,100,438.4,EUR,2024-01-27T08:25:17,approved,0
485,470,44,911.88,USD,2023-11-01T09:54:30,approved,0
486,447,108,2065.98,EUR,2025-10-29T19:38:42,approved,0
487,173,12,2074.89,AED,2024-12-27T16:39:40,approved,0
488,479,35,2624.51,EUR,2023-04-12T10:59:57,approved,0
489,98,45,2917.08,USD,2023-11-18T16:43:26,approved,0
490,343,85,566.68,EUR,2022-10-13T22:18:12,approved,0
491,278,71,964.79,GBP,2025-04-06T16:11:07,approved,0
492,327,32,618.79,GBP,2023-11-22T05:56:41,approved,0
493,201,62,2151.69,QAR,2024-07-29T17:21:09,approved,0
494,64,49,2439.72,AED,2022-01-07T02:12:51,declined,0
495,233,120,2972.58,EUR,2023-07-22T16:36:26,approved,0
496,219,81,2945.13,EUR,2024-09-02T13:24:20,approved,0
497,186,98,2404.3,USD,2022-05-24T08:06:35,approved,0
498,50,119,2229.58,USD,2022-03-23T21:36:03,approved,0
499,320,93,832.97,USD,2023-04-18T07:39:38,approved,0
500,283,46,2522.62,USD,2025-02-07T18:20:48,approved,0
501,423,50,611.02,EUR,2022-11-25T02:36:47,approved,0
502,415,63,375.44,USD,2024-04-12T07:15:29,approved,0
503,470,29,839.85,USD,2025-10-06T09:27:37,approved,0
504,229,28,698.08,QAR,2024-04-16T22:28:28,approved,0
505,436,79,2252.58,USD,2023-07-11T06:56:43,approved,0
506,269,44,967.6,USD,2025-06-14T12:53:28,approved,0
507,361,10,1803.66,EUR,2024-02-13T05:50:25,approved,0
508,208,36,747.8,USD,2023-04-18T12:38:56,approved,1
509,479,73,733.73,EUR,2024-07-15T22:51:01,approved,0
510,196,3,1473.89,GBP,2024-05-18T02:27:16,approved,0
511,467,34,1436.64,USD,2025-04-14T20:33:38,approved,0
512,19,49,1094.99,GBP,2022-07-04T22:58:10,approved,0
513,26,33,239.61,QAR,2024-07-16T04:18:09,approved,0
514,469,24,688.81,USD,2024-12-02T02:14:55,approved,0
515,336,101,2353.22,AED,2022-12-27T09:35:30,declined,0
516,121,3,2423.57,USD,2025-12-30T02:04:49,approved,0
517,92,69,374.16,USD,2024-01-26T23:11:09,approved,0
518,403,2,977.78,USD,2023-07-12T16:52:01,approved,0
519,202,18,502.67,USD,2022-09-28T07:55:38,approved,0
520,143,60,738.88,USD,2022-08-14T22:15:10,approved,0
521,35,49,409.44,USD,2024-12-19T15:43:48,approved,0
522,207,114,1576.1,AED,2024-11-30T11:50:38,approved,0
523,208,97,755.79,QAR,2022-12-08T16:54:31,approved,0
524,38,77,2984.15,QAR,2022-08-25T19:57:26,approved,0
525,13,41,1462.69,GBP,2023-03-18T13:49:40,approved,0
526,303,102,2276.75,USD,2023-09-11T12:15:09,approved,0
527,225,33,1461.35,USD,2024-08-10T11:56:13,approved,0
528,27,32,2843.28,QAR,2022-07-27T09:23:03,approved,0
529,455,84,2616.59,USD,2023-08-26T11:52:32,approved,0
530,445,109,1439.42,USD,2023-02-01T09:59:32,approved,0
531,75,96,2133.89,USD,2022-02-20T16:13:40,approved,1
532,207,43,2395.94,USD,2025-06-27T10:18:23,approved,0
533,64,114,1316.32,USD,2024-11-18T01:42:49,approved,0
534,260,9,2995.94,USD,2024-02-13T10:42:45,approved,0
535,137,19,428.35,QAR,2022-07-10T19:24:17,approved,0
536,156,2,2860.77,USD,2025-03-11T06:26:51,approved,0
537,281,73,766.93,QAR,2022-01-02T02:10:54,approved,0
538,403,9,658.85,QAR,2022-12-06T21:31:07,approved,0
539,461,44,1851.16,AED,2024-08-18T08:36:35,approved,0
540,380,43,1895.31,USD,2022-11-15T21:43:53,approved,0
541,143,104,1782.36,QAR,2023-04-09T00:27:30,approved,0
542,154,64,2918.34,AED,2022-04-16T18:19:51,approved,0
543,76,72,672.43,GBP,2023-05-25T14:57:09,declined,0
544,259,47,1239.11,USD,2025-03-06T10:19:05,approved,0
545,486,119,1989.32,GBP,2022-04-27T13:25:52,approved,0
546,16,43,2812.91,USD,2023-04-28T15:56:31,declined,0
547,110,52,1291.46,USD,2023-05-14T19:51:10,approved,0
548,304,49,2559.89,USD,2022-06-18T23:00:09,approved,0
549,48,120,2910.24,QAR,2025-08-20T04:03:00,approved,0
550,150,108,1101.57,EUR,2025-12-04T11:42:36,approved,0
551,159,43,301.71,AED,2022-06-18T01:39:00,approved,0
552,88,115,1173.81,AED,2022-08-09T08:37:18,approved,0
553,426,79,854.77,USD,2025-05-26T08:10:41,approved,0
554,255,78,672.93,USD,2024-03-16T10:42:10,approved,0
555,184,66,920.58,EUR,2024-04-01T13:51:59,approved,0
556,159,86,981.18,USD,2022-11-01T22:09:02,approved,0
557,61,19,324.81,USD,2022-11-02T23:04:18,approved,0
558,297,31,2156.48,USD,2022-09-09T20:42:42,approved,0
559,480,91,630.9,USD,2022-03-11T11:10:25,approved,0
560,17,108,2559.5,USD,2023-01-18T15:29:42,reversed,0
561,442,42,1349.94,QAR,2025-12-19T13:42:20,declined,0
562,445,90,553.52,QAR,2022-12-03T08:26:05,approved,0
563,76,6,2652.89,USD,2025-05-21T15:17:58,approved,0
564,20,99,29.66,USD,2023-12-04T19:23:21,approved,0
565,423,65,606.74,USD,2025-10-25T21:54:47,approved,0
566,201,114,1587.15,EUR,2025-06-07T06:27:49,declined,0
567,233,93,1773.74,USD,2024-07-23T01:18:21,approved,0
568,495,102,190.27,QAR,2024-05-04T14:58:56,approved,0
569,162,107,1773.5,USD,2023-09-07T20:54:02,approved,0
570,297,33,1185.65,USD,2023-04-15T01:14:52,approved,0
571,221,7,2876.0,QAR,2023-07-15T17:52:57,approved,0
572,257,112,2857.89,GBP,2025-08-03T09:49:38,approved,0
573,298,28,1603.2,EUR,2022-08-26T07:59:24,approved,0
574,280,84,602.37,EUR,2022-06-13T10:41:15,declined,1
575,67,120,2248.73,USD,2025-09-08T09:42:16,approved,0
576,105,94,493.39,USD,2023-08-15T09:34:44,approved,0
577,80,112,366.08,QAR,2023-05-06T02:49:49,approved,0
578,495,23,341.89,USD,2022-09-06T16:49:53,approved,0
579,63,62,2004.66,USD,2022-06-20T11:50:05,approved,0
580,97,70,2834.93,GBP,2025-06-24T02:04:10,approved,0
581,418,89,1605.36,USD,2025-07-17T11:01:21,approved,0
582,222,14,2422.21,GBP,2024-04-04T06:10:12,approved,0
583,301,96,2092.67,AED,2023-04-10T21:59:58,approved,0
584,235,50,968.0,USD,2022-03-27T01:28:12,approved,0
585,341,120,1118.87,USD,2022-01-16T10:55:29,approved,0
586,305,67,1685.11,USD,2022-10-06T15:31:35,reversed,0
587,175,16,1875.59,USD,2025-07-30T10:15:19,approved,0
588,20,110,321.51,QAR,2025-09-23T04:44:16,approved,0
589,144,44,2549.51,AED,2024-12-23T11:04:31,approved,0
590,12,4,2943.8,USD,2025-12-28T02:55:08,declined,0
591,437,13,1088.87,USD,2023-06-26T10:20:56,approved,0
592,299,103,238.36,USD,2023-09-30T17:48:34,declined,0
593,365,71,2805.76,QAR,2025-01-23T09:58:35,approved,0
594,207,97,2792.5,USD,2024-05-10T02:42:21,approved,0
595,36,13,2847.05,EUR,2022-08-07T15:02:30,approved,0
596,55,34,478.1,QAR,2023-05-23T02:21:10,approved,0
597,359,111,313.41,QAR,2024-08-21T06:46:45,approved,0
598,421,111,2047.98,USD,2024-04-15T00:43:33,approved,0
599,374,100,2525.84,USD,2023-05-03T01:27:13,approved,0
600,423,68,879.53,USD,2025-04-24T13:58:37,approved,0
601,439,114,375.7,USD,2025-08-20T19:31:00,reversed,0
602,98,96,760.3,USD,2023-01-13T20:37:07,reversed,0
603,365,6,694.11,USD,2022-04-06T23:04:43,approved,0
604,142,15,1724.58,EUR,2022-08-15T22:00:26,approved,0
605,74,19,2173.49,GBP,2024-01-26T10:26:24,approved,0
606,228,85,606.24,EUR,2023-02-28T12:22:12,approved,0
607,340,32,1470.76,QAR,2024-06-14T01:16:00,approved,0
608,401,114,2501.4,GBP,2024-12-09T09:13:26,approved,0
609,146,36,532.83,GBP,2024-08-27T16:04:37,approved,0
610,115,58,604.37,QAR,2024-09-03T12:17:10,approved,0
611,69,3,2343.46,EUR,2024-02-27T07:35:32,approved,0
612,138,93,1113.76,USD,2022-07-22T08:55:42,approved,0
613,207,3,190.78,AED,2022-08-08T07:57:18,approved,0
614,491,86,2794.25,QAR,2025-03-22T16:58:11,approved,0
615,2,20,2875.95,USD,2025-11-13T17:26:36,approved,0
616,96,14,2198.39,GBP,2024-05-20T08:44:51,approved,0
617,206,86,2526.05,EUR,2025-03-01T11:06:24,approved,0
618,126,42,139.32,USD,2024-08-23T07:34:21,approved,0
619,288,3,2069.81,USD,2022-10-08T07:26:55,approved,0
620,274,95,219.67,EUR,2025-01-28T14:45:08,approved,0
621,190,13,111.77,USD,2025-04-18T13:07:17,approved,0
622,458,27,282.26,QAR,2025-06-06T03:05:51,approved,0
623,383,81,2814.94,USD,2024-09-01T22:17:34,approved,0
624,374,1,2778.83,USD,2023-03-20T13:56:21,approved,0
625,118,119,1727.87,USD,2025-11-27T11:59:22,approved,0
626,85,4,2217.22,AED,2025-03-16T00:42:17,approved,0
627,120,95,137.52,USD,2023-03-05T06:08:18,approved,0
628,116,80,405.28,USD,2023-02-23T11:40:48,declined,0
629,352,56,463.48,USD,2022-11-22T15:24:00,approved,0
630,90,88,2529.04,USD,2022-06-23T05:13:04,approved,0
631,118,90,2438.17,USD,2024-12-01T22:35:56,approved,0
632,478,76,2697.13,QAR,2023-11-07T14:10:53,reversed,0
633,291,28,2860.95,USD,2025-06-05T14:17:20,approved,0
634,376,103,2315.88,USD,2024-04-11T09:24:49,approved,0
635,448,75,347.81,EUR,2022-04-21T07:47:44,approved,0
636,287,62,1185.03,EUR,2025-12-30T23:52:08,approved,0
637,449,30,2397.23,USD,2022-04-14T16:54:38,approved,0
638,276,71,252.54,USD,2022-07-11T08:16:21,approved,0
639,23,55,1472.54,QAR,2022-10-14T07:44:40,approved,0
640,227,10,1267.52,EUR,2022-06-14T23:48:20,approved,0
641,434,44,91.82,GBP,2022-02-25T21:44:01,approved,0
642,43,42,496.44,GBP,2025-07-28T18:05:05,approved,0
643,413,13,1318.06,QAR,2025-08-19T11:03:50,approved,0
644,14,93,451.03,USD,2024-02-16T21:07:50,declined,0
645,386,38,783.89,USD,2022-10-30T19:42:36,approved,0
646,268,117,2304.43,USD,2023-08-15T16:39:50,approved,0
647,21,65,1305.2,USD,2025-05-12T01:00:42,approved,0
648,177,82,1025.78,USD,2024-11-22T08:33:09,approved,0
649,121,53,449.52,USD,2023-04-12T10:23:42,approved,0
650,88,101,1731.32,GBP,2025-02-05T22:02:40,approved,0
651,124,53,1807.1,EUR,2024-07-31T19:22:50,reversed,0
652,399,82,2859.41,QAR,2024-12-12T05:08:04,approved,0
653,476,16,2596.02,USD,2024-12-18T03:56:35,declined,0
654,134,81,2200.39,AED,2025-08-11T05:35:30,approved,0
655,265,25,1135.51,GBP,2024-12-18T20:04:25,approved,0
656,34,19,2090.54,EUR,2023-08-28T23:10:33,approved,0
657,375,40,1224.11,USD,2023-05-13T13:48:45,approved,0
658,433,68,1293.81,USD,2023-05-31T02:29:55,approved,0
659,485,81,1170.86,USD,2024-02-05T09:55:55,approved,0
660,118,93,2027.9,USD,2025-10-31T05:18:12,declined,0
661,12,86,255.65,USD,2024-04-22T08:55:18,approved,0
662,272,65,2748.99,USD,2023-04-08T23:06:23,approved,0
663,266,23,2491.59,USD,2022-10-02T14:39:53,approved,0
664,175,5,870.51,EUR,2023-08-20T07:13:58,approved,0
665,422,46,584.6,USD,2025-04-17T10:56:45,approved,0
666,414,19,2418.23,USD,2025-12-27T19:29:33,approved,0
667,64,70,146.89,AED,2023-05-09T18:05:40,approved,0
668,69,52,1932.8,AED,2022-03-22T13:54:02,approved,0
669,471,97,1836.4,USD,2023-11-02T12:06:29,reversed,0
670,399,71,2161.42,USD,2022-01-18T00:58:11,approved,1
671,416,4,1759.1,USD,2024-04-29T03:35:08,approved,0
672,7,32,2065.81,USD,2025-07-28T22:31:16,approved,0
673,306,16,2881.18,QAR,2022-01-07T19:43:13,approved,0
674,178,18,2657.88,USD,2025-05-21T02:51:07,approved,0
675,295,37,328.35,USD,2023-04-19T12:33:30,approved,1
676,72,97,2990.8,USD,2022-11-19T06:38:38,approved,0
677,232,36,1006.9,USD,2022-07-08T08:59:02,approved,0
678,151,17,1560.0,USD,2022-03-29T11:40:01,approved,0
679,253,120,1187.7,USD,2022-04-05T16:44:06,approved,0
680,400,109,55.87,USD,2023-01-31T01:33:56,approved,0
681,453,78,266.96,QAR,2022-02-25T12:09:43,approved,0
682,382,28,301.64,USD,2023-03-24T08:57:21,approved,0
683,261,71,551.84,EUR,2024-09-21T20:54:31,approved,0
684,463,19,1864.29,AED,2023-06-25T09:47:02,approved,0
685,284,1,2381.85,AED,2023-02-02T10:19:15,approved,0
686,282,95,2681.39,USD,2022-04-05T06:14:41,approved,0
687,28,14,2001.74,USD,2025-11-22T00:38:52,approved,0
688,290,75,2123.23,QAR,2023-08-09T18:11:59,approved,0
689,131,75,2422.36,USD,2025-05-09T22:36:39,declined,0
690,320,74,2424.59,QAR,2025-09-07T09:53:35,approved,0
691,382,94,2028.37,GBP,2024-07-23T02:56:33,approved,0
692,188,75,1153.53,AED,2023-05-24T04:21:36,approved,1
693,257,114,930.16,EUR,2023-02-03T05:56:12,approved,0
694,414,105,670.64,GBP,2024-05-30T12:36:35,reversed,0
695,319,90,70.84,EUR,2022-11-14T12:40:07,approved,0
696,457,4,1926.52,USD,2023-03-19T09:35:46,approved,0
697,167,86,1988.3,QAR,2025-08-24T07:57:33,approved,0
698,388,3,2508.24,AED,2022-01-07T11:26:56,approved,0
699,462,89,1699.67,USD,2022-03-03T17:51:54,approved,0
700,391,46,1634.41,USD,2025-09-15T08:05:50,approved,0
701,177,53,1891.8,QAR,2023-03-20T00:35:30,approved,0
702,426,88,2647.1,GBP,2024-12-18T10:36:21,reversed,0
703,129,108,577.74,USD,2025-01-13T04:15:37,approved,0
704,261,35,1878.87,USD,2022-03-02T05:30:48,approved,1
705,437,66,1303.88,USD,2024-03-08T02:03:07,approved,0
706,258,26,227.02,EUR,2025-06-07T10:52:52,approved,0
707,34,49,1584.38,EUR,2023-07-26T02:18:40,approved,0
708,165,7,1360.5,GBP,2025-07-13T16:12:55,approved,0
709,211,81,432.66,GBP,2023-03-28T20:17:17,approved,0
710,227,77,845.94,USD,2024-07-08T04:46:25,approved,0
711,67,77,413.3,USD,2022-07-08T23:55:31,approved,0
712,473,50,2769.42,AED,2025-03-03T22:59:38,approved,0
713,12,51,2809.85,EUR,2023-06-23T02:12:12,approved,0
714,480,17,2862.67,USD,2022-12-17T06:22:58,reversed,0
715,279,119,239.29,USD,2022-12-03T21:06:05,approved,1
716,58,29,2251.51,USD,2024-11-17T21:20:08,approved,0
717,500,45,1129.19,USD,2024-07-05T02:57:42,approved,0
718,304,7,2178.51,USD,2025-03-31T10:03:09,approved,0
719,23,105,285.36,USD,2022-04-19T07:28:13,approved,0
720,204,61,1603.48,QAR,2024-08-06T23:50:31,approved,0
721,96,10,44.01,USD,2022-07-08T15:57:52,approved,0
722,53,81,581.77,USD,2024-05-09T05:36:34,approved,0
723,402,94,2060.96,USD,2024-05-22T07:55:52,approved,0
724,435,66,533.3,EUR,2023-10-15T13:01:21,approved,0
725,492,95,70.71,GBP,2025-04-20T17:46:40,approved,0
726,61,59,1436.01,USD,2024-10-13T07:57:25,approved,0
727,441,102,48.35,GBP,2024-02-10T17:09:05,approved,0
728,115,81,1049.21,EUR,2022-06-26T12:43:55,approved,1
729,172,70,2966.64,QAR,2025-11-07T08:25:36,approved,0
730,334,99,2811.33,USD,2025-03-14T04:20:36,approved,0
731,305,6,1673.46,USD,2025-10-28T08:15:27,approved,0
732,402,70,2604.5,AED,2022-09-17T01:54:21,approved,0
733,355,94,690.94,QAR,2024-06-06T23:38:45,approved,0
734,150,83,391.7,QAR,2023-11-23T23:39:32,approved,0
735,44,37,1041.64,EUR,2024-11-05T14:51:48,declined,0
736,226,12,1072.1,USD,2025-01-19T12:28:24,approved,0
737,498,85,561.91,QAR,2024-07-14T08:24:49,approved,0
738,369,81,1991.75,USD,2025-06-04T17:31:24,approved,0
739,295,118,1310.52,USD,2022-11-12T04:20:33,approved,0
740,384,5,2372.0,USD,2025-10-27T16:00:25,approved,0
741,406,31,1107.31,EUR,2022-03-03T21:57:55,approved,0
742,196,94,1859.38,EUR,2025-03-11T01:01:43,approved,0
743,278,23,2335.58,USD,2024-02-07T08:16:11,declined,0
744,304,51,589.93,USD,2025-06-06T09:11:40,approved,0
745,350,69,2218.6,QAR,2024-03-12T07:55:12,approved,0
746,294,120,311.1,USD,2023-06-18T02:43:43,declined,0
747,390,44,2167.82,QAR,2022-12-31T10:24:10,reversed,0
748,485,76,666.51,EUR,2023-12-05T16:38:50,approved,0
749,441,65,320.42,GBP,2024-01-27T11:01:41,approved,0
750,198,109,1676.94,USD,2023-10-19T15:49:43,approved,0
751,4,25,921.24,EUR,2025-10-15T16:52:36,approved,0
752,468,62,1797.81,USD,2023-02-12T16:53:45,approved,0
753,407,5,259.86,USD,2024-03-18T09:05:20,approved,0
754,424,42,608.49,USD,2022-12-22T11:39:56,approved,0
755,373,109,2851.97,USD,2024-05-22T14:54:20,approved,0
756,137,109,450.76,QAR,2022-08-12T09:49:50,approved,0
757,91,59,1150.03,USD,2022-09-07T22:37:33,approved,0
758,376,107,396.64,USD,2023-07-11T11:08:15,approved,0
759,439,99,1046.25,USD,2022-10-08T10:35:51,declined,0
760,214,8,2866.73,QAR,2025-04-10T16:26:50,approved,0
761,144,39,2588.05,USD,2025-12-17T10:32:21,reversed,0
762,144,70,1897.25,GBP,2024-05-14T11:50:55,approved,0
763,315,37,534.97,USD,2025-06-12T03:05:51,approved,0
764,14,18,2797.86,USD,2022-03-22T01:09:51,approved,0
765,301,83,2635.47,USD,2023-04-30T04:41:56,approved,0
766,60,103,979.28,USD,2023-03-03T00:20:21,approved,0
767,325,82,1278.2,GBP,2025-10-28T03:18:19,approved,0
768,316,50,1158.71,EUR,2024-10-01T04:31:54,approved,0
769,217,58,2696.81,GBP,2023-08-23T20:26:09,approved,0
770,434,66,2954.4,GBP,2024-01-26T09:13:04,approved,0
771,89,91,1631.01,QAR,2022-10-01T06:53:04,approved,0
772,450,108,1936.15,EUR,2025-07-02T02:03:24,approved,0
773,267,32,1247.27,USD,2023-02-22T22:35:29,approved,0
774,393,61,1213.27,GBP,2025-09-24T14:11:50,approved,0
775,238,42,782.5,AED,2025-02-25T20:17:30,approved,0
776,293,5,977.65,EUR,2024-11-12T21:47:29,approved,0
777,124,94,308.55,USD,2023-01-08T22:28:07,approved,0
778,235,88,646.78,USD,2023-03-21T18:41:37,reversed,0
779,475,4,978.82,USD,2025-03-26T18:58:39,approved,0
780,88,13,2198.95,GBP,2025-09-08T18:04:40,approved,0
781,74,31,2690.33,USD,2024-01-15T22:15:50,approved,0
782,105,41,1668.72,USD,2024-05-05T03:31:46,approved,0
783,452,64,658.16,QAR,2023-08-17T07:01:36,approved,0
784,296,104,2859.33,USD,2022-08-27T05:57:28,approved,0
785,299,57,10.06,EUR,2024-06-20T02:10:03,approved,0
786,306,60,2279.72,QAR,2022-08-19T06:31:45,declined,0
787,297,72,2837.52,USD,2022-09-25T04:01:51,approved,0
788,69,102,1094.19,GBP,2022-04-22T17:12:11,approved,0
789,390,71,1467.86,QAR,2025-11-05T14:33:32,approved,0
790,179,88,633.34,GBP,2025-12-14T11:42:32,approved,0
791,274,51,2773.06,GBP,2022-03-24T06:01:17,reversed,0
792,199,83,247.87,EUR,2025-03-21T10:07:29,approved,0
793,84,27,2616.28,EUR,2022-07-11T00:49:09,approved,0
794,475,94,2825.6,GBP,2025-09-21T00:05:19,approved,0
795,445,95,1535.12,USD,2023-02-07T00:36:26,reversed,0
796,352,76,1500.6,EUR,2022-08-24T04:25:03,approved,0
797,60,27,473.9,QAR,2025-12-05T14:26:29,approved,0
798,59,78,2314.59,EUR,2022-08-26T03:24:25,approved,0
799,22,16,1853.29,USD,2022-10-06T23:21:42,approved,0
800,225,120,747.52,QAR,2023-03-15T01:18:36,approved,0
801,107,69,42.2,USD,2025-08-25T21:51:19,approved,0
802,392,101,847.57,USD,2023-08-06T00:50:35,approved,0
803,72,119,1012.79,USD,2025-09-23T10:08:09,approved,0
804,9,108,2470.07,USD,2024-01-22T11:46:24,approved,0
805,380,95,1966.16,QAR,2023-03-16T22:42:36,approved,0
806,356,75,1490.68,USD,2022-07-19T07:29:07,approved,0
807,479,46,1649.99,USD,2024-03-04T09:48:59,approved,0
808,133,10,2664.53,GBP,2022-02-22T04:30:59,approved,0
809,315,21,1438.97,EUR,2023-07-24T01:10:38,approved,0
810,370,11,1294.8,QAR,2022-02-15T13:14:08,approved,0
811,333,116,322.9,USD,2022-11-21T21:40:41,approved,0
812,444,37,99.08,USD,2022-02-04T19:23:58,declined,0
813,289,118,2305.7,USD,2024-05-16T09:39:04,approved,0
814,399,45,1117.17,USD,2022-12-20T07:16:30,approved,0
815,415,33,1386.31,USD,2022-04-01T17:03:49,approved,0
816,63,5,623.24,QAR,2024-04-24T17:14:06,approved,0
817,483,12,1467.97,USD,2022-03-29T17:00:33,approved,0
818,188,58,323.99,EUR,2022-08-10T10:45:03,approved,0
819,22,53,1359.98,USD,2024-08-04T22:14:21,approved,0
820,446,37,1084.64,USD,2023-07-19T15:19:12,approved,0
821,361,26,76.32,EUR,2023-01-08T11:34:55,approved,0
822,219,91,1289.6,USD,2022-03-02T06:07:35,approved,0
823,344,103,2616.76,USD,2024-04-04T05:52:51,declined,0
824,131,108,1313.55,USD,2022-11-01T02:22:37,approved,0
825,71,90,2561.54,USD,2022-04-28T08:25:26,approved,0
826,170,81,1768.76,GBP,2022-08-27T01:28:37,approved,0
827,468,33,113.98,GBP,2023-06-22T18:15:34,approved,0
828,421,92,1689.64,EUR,2025-12-19T20:44:17,approved,0
829,342,91,199.2,GBP,2022-03-28T08:39:38,approved,0
830,153,83,2490.73,QAR,2024-03-19T19:33:31,approved,0
831,102,60,1771.77,EUR,2024-04-29T12:38:35,approved,0
832,465,49,2866.45,USD,2024-09-20T09:03:31,approved,0
833,120,107,524.24,USD,2023-01-10T06:47:44,reversed,0
834,305,38,1749.43,QAR,2025-06-04T14:51:00,approved,0
835,136,22,2650.51,QAR,2025-09-14T04:01:13,approved,0
836,420,116,1622.57,USD,2022-07-02T13:03:53,approved,0
837,15,81,2410.14,EUR,2022-07-14T17:51:05,approved,0
838,385,79,1715.54,EUR,2025-04-12T14:57:09,declined,0
839,228,3,2193.41,USD,2025-07-05T18:18:59,approved,0
840,421,109,213.69,USD,2024-03-28T08:19:34,approved,0
841,232,113,2650.56,USD,2023-04-23T18:28:32,approved,0
842,277,23,187.02,USD,2025-01-11T01:26:30,approved,0
843,425,108,541.13,USD,2025-02-27T02:19:38,approved,0
844,343,11,2802.58,USD,2024-10-20T21:52:37,approved,0
845,344,55,1679.95,USD,2024-08-06T23:48:25,approved,0
846,477,109,1432.45,EUR,2023-07-02T01:37:22,approved,0
847,464,102,267.13,EUR,2022-08-19T11:27:02,approved,0
848,128,23,1463.55,EUR,2025-11-16T17:35:14,approved,0
849,55,100,2793.17,EUR,2025-09-10T21:41:25,approved,0
850,454,78,2778.83,GBP,2023-08-03T19:24:24,approved,0
851,480,79,1289.07,USD,2024-11-13T09:09:04,approved,0
852,174,14,1159.03,USD,2023-12-30T18:48:15,approved,0
853,278,70,376.92,USD,2025-03-21T07:17:34,approved,0
854,117,79,125.18,USD,2023-06-14T12:30:09,reversed,0
855,228,78,1728.1,USD,2025-06-30T02:05:19,approved,0
856,58,76,2688.39,AED,2023-05-24T11:42:48,reversed,0
857,84,106,2619.65,GBP,2022-08-10T07:13:30,approved,0
858,175,24,2943.08,USD,2023-06-06T10:35:32,approved,0
859,425,90,67.75,USD,2023-07-25T09:31:09,approved,0
860,220,41,1951.56,QAR,2025-11-28T09:17:01,approved,0
861,433,9,1411.2,GBP,2022-05-14T16:08:44,approved,0
862,386,70,1892.2,USD,2022-01-06T12:29:53,approved,0
863,41,57,814.07,USD,2022-08-03T07:53:20,approved,0
864,321,49,2841.66,USD,2025-06-16T21:34:39,approved,0
865,500,75,1188.69,EUR,2024-06-20T09:59:32,approved,0
866,457,111,272.71,USD,2023-06-19T10:51:42,approved,0
867,70,93,1798.13,USD,2025-11-08T15:23:15,approved,0
868,356,6,1055.08,USD,2022-06-10T13:43:46,approved,0
869,276,97,2314.33,QAR,2023-03-01T13:20:15,approved,0
870,65,13,1544.97,USD,2024-02-02T19:03:24,approved,0
871,305,84,1954.68,USD,2022-10-06T09:33:37,approved,0
872,472,49,2995.92,EUR,2023-07-16T23:55:35,approved,0
873,211,7,981.97,USD,2022-11-28T00:52:50,declined,0
874,443,47,1471.11,USD,2025-01-05T00:36:28,approved,0
875,164,29,578.48,USD,2025-05-31T00:27:08,approved,0
876,133,103,1214.5,USD,2022-09-25T20:11:49,approved,0
877,28,14,1190.68,USD,2025-05-30T11:14:59,approved,0
878,346,55,482.47,USD,2022-12-25T04:18:11,reversed,0
879,220,113,1436.14,EUR,2023-09-29T12:08:48,approved,0
880,15,14,239.04,USD,2022-07-24T02:23:58,reversed,0
881,490,33,1601.16,USD,2024-03-06T01:00:48,declined,0
882,56,61,1767.25,AED,2024-09-12T22:31:35,approved,0
883,89,74,1787.38,QAR,2024-06-28T00:59:51,approved,0
884,368,53,2378.0,QAR,2025-07-31T13:04:09,approved,0
885,28,27,1587.23,USD,2024-09-07T10:14:27,approved,0
886,198,111,2258.17,USD,2025-02-08T11:52:40,approved,0
887,486,66,526.14,USD,2025-10-07T17:44:48,approved,0
888,130,47,2391.15,AED,2023-07-04T01:02:43,declined,0
889,335,48,857.05,USD,2022-10-26T06:54:56,approved,0
890,100,20,2804.09,AED,2023-08-08T17:39:48,approved,0
891,350,80,2200.85,AED,2024-07-12T14:57:49,approved,0
892,341,38,1935.9,EUR,2022-12-07T15:10:01,approved,0
893,276,49,2055.88,QAR,2024-08-30T11:45:00,approved,0
894,434,9,1821.01,USD,2023-05-21T01:16:21,approved,0
895,198,78,2983.0,AED,2023-10-28T23:34:32,approved,0
896,458,30,994.41,USD,2023-09-18T00:02:54,declined,0
897,325,95,313.3,USD,2024-03-22T14:30:32,approved,0
898,432,55,1037.33,USD,2023-06-05T08:58:42,declined,0
899,219,7,2477.9,USD,2024-12-31T11:44:04,approved,0
900,231,91,2353.27,USD,2025-08-07T21:41:48,declined,0
901,165,31,1931.66,USD,2025-01-04T14:32:32,approved,0
902,377,50,2412.11,EUR,2024-05-21T18:33:32,approved,0
903,392,89,1797.35,USD,2023-10-07T15:37:44,approved,0
904,141,108,1349.34,USD,2024-02-11T07:02:51,approved,0
905,307,70,2243.6,USD,2023-06-02T05:17:08,declined,0
906,333,29,1777.99,USD,2023-04-28T07:36:50,approved,0
907,331,85,1650.02,USD,2022-11-18T18:13:11,approved,0
908,26,92,1735.07,QAR,2022-12-10T04:07:02,approved,1
909,118,23,2667.11,USD,2025-11-17T16:24:29,approved,0
910,466,4,1524.75,EUR,2025-10-07T17:58:51,approved,0
911,63,2,1644.13,QAR,2023-01-23T11:24:50,approved,0
912,371,31,2693.43,USD,2023-10-16T20:15:41,declined,0
913,387,7,2358.93,USD,2025-02-01T20:08:12,approved,0
914,302,41,2496.51,GBP,2022-03-13T00:12:46,approved,1
915,428,97,1214.02,USD,2024-01-28T08:21:47,approved,0
916,39,43,60.6,EUR,2024-06-11T13:57:42,approved,0
917,38,2,2715.15,USD,2024-01-30T09:55:05,approved,0
918,457,29,2960.37,USD,2024-07-04T17:20:06,approved,0
919,470,76,808.06,EUR,2022-03-27T16:39:00,approved,0
920,100,56,1260.23,USD,2025-02-08T04:24:34,approved,0
921,208,21,1166.47,USD,2022-02-01T16:14:34,approved,0
922,460,82,1698.13,USD,2025-10-28T21:41:31,approved,0
923,16,48,2408.95,USD,2024-01-14T14:54:04,approved,0
924,12,89,1784.92,USD,2022-06-28T04:27:56,approved,0
925,233,109,2890.25,USD,2025-02-18T05:24:00,approved,0
926,438,1,2283.64,AED,2025-03-16T11:59:08,declined,0
927,185,43,1532.47,AED,2022-08-30T14:31:29,approved,0
928,383,18,1465.86,USD,2023-01-14T02:06:34,approved,0
929,283,19,842.43,EUR,2025-04-27T12:08:27,approved,0
930,309,62,1004.13,EUR,2024-07-09T01:51:45,declined,0
931,136,93,2194.77,USD,2022-09-28T03:52:35,approved,0
932,249,107,2505.35,USD,2024-11-01T04:00:54,approved,0
933,446,47,1491.84,USD,2025-03-22T00:46:03,approved,0
934,474,91,2695.63,USD,2022-04-19T14:10:13,approved,0
935,443,61,2975.65,USD,2025-02-20T19:20:56,approved,0
936,3,8,268.7,USD,2024-11-24T05:10:44,approved,0
937,47,18,2981.07,USD,2025-01-15T11:00:30,approved,0
938,483,72,1925.16,GBP,2022-05-01T02:07:36,approved,1
939,92,109,1392.54,QAR,2025-09-07T02:20:11,approved,0
940,23,96,1089.46,QAR,2024-06-21T01:52:36,approved,0
941,237,10,2429.37,EUR,2025-10-25T00:00:30,approved,0
942,335,12,2632.02,EUR,2023-10-02T17:45:20,approved,0
943,331,19,2392.75,USD,2024-04-26T18:35:36,approved,0
944,177,17,1786.34,USD,2024-08-25T03:26:53,approved,0
945,407,93,1544.98,USD,2024-08-29T06:51:19,approved,0
946,462,99,2176.61,USD,2023-06-13T10:02:09,approved,0
947,313,52,666.89,USD,2024-08-17T09:13:56,approved,0
948,225,33,1573.01,QAR,2023-05-11T10:55:58,approved,0
949,208,111,820.48,USD,2022-03-21T23:27:28,approved,0
950,368,33,2673.21,QAR,2024-10-27T06:35:19,reversed,0
951,117,49,2763.57,GBP,2025-07-15T09:25:58,approved,0
952,172,7,1337.66,USD,2023-07-21T22:03:25,approved,0
953,181,11,1093.94,USD,2023-02-26T18:11:46,approved,0
954,277,120,1001.25,GBP,2022-08-08T01:31:40,approved,0
955,342,77,306.95,USD,2022-06-20T03:29:49,approved,0
956,308,88,59.25,USD,2023-08-28T22:28:43,approved,0
957,91,22,1902.27,USD,2025-06-25T11:58:14,approved,0
958,138,90,2821.61,EUR,2022-01-02T02:42:08,approved,0
959,402,102,2700.49,USD,2022-05-02T00:10:55,approved,0
960,471,7,238.66,USD,2023-03-16T23:59:11,declined,0
961,409,84,2059.78,EUR,2024-06-20T20:56:39,approved,0
962,23,107,1477.95,GBP,2025-12-13T06:54:08,approved,0
963,477,46,2125.47,EUR,2024-01-20T20:01:58,approved,0
964,34,7,31.15,USD,2025-10-19T19:13:19,approved,1
965,354,115,1737.78,USD,2023-12-15T04:02:56,approved,0
966,314,90,2916.97,USD,2022-05-28T17:19:40,approved,0
967,114,84,1011.76,EUR,2022-12-23T17:22:22,approved,0
968,192,88,1702.11,USD,2024-01-11T12:04:02,approved,0
969,292,74,41.12,USD,2025-03-15T13:58:58,approved,0
970,280,50,2151.95,USD,2022-04-01T22:57:15,reversed,0
971,356,88,377.67,QAR,2023-03-23T21:12:36,approved,0
972,358,48,2585.94,USD,2024-03-15T15:29:24,approved,0
973,172,42,26.13,USD,2023-12-14T00:04:31,approved,0
974,131,17,2696.73,USD,2022-08-05T14:34:16,approved,0
975,96,85,2841.18,GBP,2022-11-03T07:50:14,approved,0
976,36,2,2212.21,USD,2022-03-23T20:57:57,approved,0
977,183,32,18.84,GBP,2025-01-12T17:58:26,approved,0
978,78,114,2708.75,USD,2024-03-15T14:14:50,approved,0
979,145,115,2035.66,AED,2024-07-23T10:48:56,reversed,0
980,279,58,971.19,EUR,2023-01-17T02:10:37,approved,0
981,160,22,1186.93,USD,2023-05-08T13:42:51,declined,0
982,453,89,426.11,USD,2024-12-02T05:04:16,approved,0
983,13,89,1788.32,USD,2024-06-30T03:05:51,approved,0
984,366,97,1653.09,USD,2024-06-02T22:10:06,approved,0
985,339,22,204.44,QAR,2024-12-10T03:33:36,declined,0
986,352,47,1697.5,USD,2022-08-18T16:27:13,approved,0
987,282,11,2191.53,QAR,2025-03-11T23:29:44,reversed,0
988,354,13,1146.4,USD,2025-12-22T01:48:49,approved,0
989,274,98,2425.27,EUR,2023-03-19T02:35:24,approved,0
990,466,75,1439.82,USD,2024-11-08T08:21:56,approved,0
991,50,66,416.03,GBP,2024-09-03T05:00:03,approved,0
992,151,69,384.13,QAR,2023-04-14T04:42:09,approved,0
993,143,63,2962.23,EUR,2022-09-27T23:55:33,approved,0
994,499,47,1732.67,GBP,2025-12-06T00:43:08,approved,0
995,66,5,1902.86,AED,2023-07-22T22:44:09,approved,0
996,368,57,1495.09,QAR,2022-09-18T22:56:06,approved,0
997,22,116,2330.98,USD,2022-07-11T13:21:56,approved,0
998,101,1,2047.18,QAR,2023-12-07T22:50:38,approved,0
999,234,59,1068.87,QAR,2022-07-16T19:34:14,approved,0
1000,12,84,487.37,EUR,2024-05-01T21:56:52,approved,0
1001,241,39,1135.6,EUR,2022-11-22T18:47:33,approved,0
1002,15,34,745.33,AED,2025-01-13T08:04:39,approved,0
1003,291,11,2404.77,USD,2022-08-31T13:31:00,approved,0
1004,286,114,1106.99,QAR,2024-03-16T14:48:56,declined,0
1005,359,51,2789.72,USD,2024-11-14T12:23:23,approved,0
1006,399,98,2350.1,USD,2022-03-16T14:27:25,reversed,0
1007,310,99,567.32,USD,2024-05-03T11:00:19,approved,0
1008,233,25,390.17,USD,2022-10-03T13:56:53,approved,0
1009,76,33,650.89,USD,2022-10-09T23:21:41,approved,0
1010,345,20,306.03,USD,2024-11-17T20:56:02,approved,0
1011,305,88,1853.86,GBP,2024-04-14T04:40:15,approved,0
1012,365,11,1974.73,EUR,2024-02-18T08:14:12,approved,0
1013,455,18,2161.06,AED,2023-07-31T14:11:56,approved,0
1014,273,31,676.29,USD,2023-02-19T01:51:44,approved,0
1015,428,47,2545.32,USD,2024-04-10T00:23:46,approved,0
1016,399,94,1172.43,EUR,2025-10-14T08:31:21,approved,0
1017,365,115,2162.21,AED,2025-07-25T10:12:23,reversed,0
1018,289,61,2973.4,USD,2024-03-02T23:38:49,approved,0
1019,33,56,627.45,USD,2022-06-11T05:21:18,approved,0
1020,466,2,1718.91,QAR,2025-06-20T09:32:05,approved,0
1021,205,77,429.5,GBP,2024-01-31T18:24:25,approved,0
1022,58,110,2768.07,USD,2023-07-20T04:15:23,approved,0
1023,61,35,546.41,USD,2023-08-09T01:42:16,approved,0
1024,127,102,2691.99,QAR,2022-08-27T09:49:20,declined,0
1025,415,8,1359.51,USD,2025-09-09T14:14:06,reversed,0
1026,10,4,1603.41,EUR,2022-09-07T15:33:52,approved,0
1027,478,16,240.04,GBP,2024-07-03T02:58:59,approved,0
1028,108,47,2447.31,EUR,2022-12-27T13:56:57,approved,0
1029,137,109,2041.47,QAR,2024-10-17T01:07:31,approved,0
1030,446,83,2801.41,EUR,2025-11-17T16:26:50,approved,0
1031,76,29,2715.0,USD,2022-09-28T18:27:25,approved,0
1032,100,60,12.21,USD,2022-05-07T20:52:02,declined,0
1033,183,105,459.2,USD,2025-01-04T02:01:59,declined,0
1034,266,85,2952.28,USD,2022-11-08T15:54:43,approved,0
1035,159,24,960.73,EUR,2023-02-04T03:27:01,approved,0
1036,294,89,2375.7,GBP,2023-03-22T12:33:51,approved,0
1037,85,117,107.18,USD,2024-02-14T19:22:22,approved,0
1038,201,23,2719.64,USD,2025-08-13T05:36:46,approved,0
1039,127,45,385.21,USD,2025-06-14T11:52:57,approved,0
1040,466,31,446.78,USD,2025-11-20T14:14:44,approved,0
1041,309,78,524.57,USD,2024-08-28T22:44:53,declined,0
1042,401,46,678.05,USD,2024-05-24T02:32:22,reversed,0
1043,47,117,148.77,AED,2022-04-04T16:11:24,approved,0
1044,62,98,1517.99,USD,2023-02-14T12:02:06,approved,0
1045,203,13,1063.95,QAR,2025-02-07T07:57:35,approved,0
1046,94,91,270.74,QAR,2025-09-26T20:27:59,approved,0
1047,441,34,2338.49,USD,2023-10-27T14:48:16,approved,0
1048,497,28,2946.49,AED,2022-10-18T05:58:45,approved,0
1049,387,78,877.53,AED,2023-12-10T17:42:54,approved,0
1050,418,86,2972.46,EUR,2023-01-13T05:46:22,approved,0
1051,421,114,1854.56,AED,2023-03-09T11:41:03,declined,0
1052,460,82,2371.49,USD,2023-05-17T02:54:41,approved,0
1053,204,88,2379.36,USD,2023-04-29T00:31:42,approved,0
1054,487,40,2316.97,EUR,2023-10-26T04:00:56,approved,0
1055,198,23,1205.08,USD,2023-08-11T21:25:14,approved,0
1056,337,47,1159.58,USD,2023-07-21T15:02:23,approved,0
1057,410,23,2810.48,EUR,2024-01-25T02:27:46,approved,0
1058,393,118,2020.34,USD,2023-07-11T00:36:59,approved,0
1059,193,76,2954.33,EUR,2024-07-12T17:31:22,approved,0
1060,412,1,2433.99,USD,2022-12-12T13:10:42,approved,0
1061,334,64,290.09,GBP,2022-07-03T04:19:04,declined,0
1062,385,92,1291.13,QAR,2024-04-06T14:34:36,approved,0
1063,290,67,1424.75,USD,2024-05-23T15:57:30,approved,0
1064,395,24,397.29,EUR,2025-10-14T00:29:21,approved,0
1065,274,80,1426.51,USD,2023-12-23T07:53:40,declined,0
1066,351,74,2700.53,EUR,2023-09-25T06:07:38,approved,0
1067,169,40,566.75,AED,2025-10-08T23:50:37,approved,0
1068,64,19,138.95,USD,2022-05-22T11:53:01,approved,0
1069,194,35,2979.58,EUR,2024-07-23T09:30:00,approved,1
1070,216,72,1393.87,USD,2025-01-20T21:48:27,approved,0
1071,230,76,1351.52,USD,2022-07-02T13:52:12,approved,0
1072,354,5,772.28,USD,2022-02-17T13:15:22,approved,0
1073,102,5,1767.41,USD,2023-07-12T18:27:39,approved,0
1074,41,15,2648.43,EUR,2024-01-04T04:36:44,approved,0
1075,26,89,1114.14,USD,2022-01-17T05:23:22,approved,0
1076,237,53,2023.91,USD,2023-04-26T02:54:20,approved,0
1077,318,109,1679.65,EUR,2023-11-18T19:25:22,declined,0
1078,223,32,897.01,USD,2023-06-21T09:47:14,approved,0
1079,38,102,2690.27,EUR,2024-03-21T18:59:38,approved,0
1080,125,107,2117.65,QAR,2023-07-19T18:28:18,approved,0
1081,450,53,792.86,USD,2025-10-16T21:44:35,approved,0
1082,304,43,1502.51,USD,2024-09-03T23:59:13,reversed,0
1083,273,83,2312.07,USD,2023-07-07T03:15:10,approved,1
1084,458,98,1713.88,USD,2025-11-16T05:07:55,approved,0
1085,168,39,2697.91,USD,2023-01-30T09:40:45,approved,0
1086,242,103,1757.64,QAR,2022-09-15T01:15:00,approved,0
1087,222,109,914.55,QAR,2022-10-31T23:39:14,approved,0
1088,73,115,2212.42,USD,2022-10-07T03:13:46,approved,0
1089,202,111,1070.0,GBP,2024-03-13T06:21:37,approved,0
1090,242,1,1667.02,USD,2022-06-11T18:39:13,declined,0
1091,185,71,896.44,USD,2023-11-02T12:24:14,approved,0
1092,278,71,1114.22,QAR,2023-08-31T05:12:53,approved,0
1093,380,18,102.39,USD,2023-09-27T14:18:11,approved,0
1094,56,3,905.17,EUR,2025-04-01T13:32:47,approved,0
1095,203,101,2465.02,QAR,2022-03-08T17:50:57,reversed,0
1096,364,91,2691.76,EUR,2023-07-29T12:48:37,declined,0
1097,413,84,270.83,EUR,2024-09-24T14:56:18,approved,0
1098,20,39,625.1,USD,2022-11-14T07:34:50,approved,0
1099,25,21,487.64,EUR,2023-07-29T13:25:21,approved,0
1100,374,112,2262.17,GBP,2023-02-12T06:08:33,reversed,0
1101,120,2,410.6,USD,2024-04-01T18:06:13,approved,1
1102,12,29,593.41,USD,2024-06-22T02:46:44,approved,0
1103,402,59,1096.87,QAR,2024-06-15T13:09:49,approved,0
1104,385,105,946.94,QAR,2022-04-27T05:17:41,approved,0
1105,483,116,520.78,USD,2025-04-06T17:49:16,approved,0
1106,15,28,814.02,QAR,2022-09-27T01:08:34,approved,0
1107,498,103,1745.42,GBP,2022-02-03T02:29:45,approved,0
1108,409,17,879.44,QAR,2022-04-30T14:52:56,approved,0
1109,133,85,2649.53,USD,2022-07-28T15:41:40,approved,0
1110,134,53,319.4,GBP,2025-05-15T05:59:16,approved,0
1111,278,30,1611.4,QAR,2022-11-12T21:30:40,approved,0
1112,477,9,541.28,USD,2022-03-24T18:50:44,approved,0
1113,274,37,2138.41,QAR,2022-10-29T07:31:15,approved,0
1114,394,10,2383.7,USD,2022-06-23T02:03:07,approved,0
1115,22,31,2091.27,AED,2025-02-06T13:51:58,approved,0
1116,470,115,2928.04,USD,2022-04-12T15:18:44,approved,0
1117,116,77,454.85,USD,2025-06-22T19:16:44,approved,0
1118,377,114,2692.4,USD,2022-07-28T05:11:09,declined,0
1119,384,33,750.82,EUR,2023-01-08T05:01:23,approved,0
1120,58,49,530.09,EUR,2025-11-04T08:37:56,approved,0
1121,99,117,587.51,GBP,2025-11-18T17:52:12,approved,0
1122,155,57,2631.87,QAR,2023-09-17T16:53:33,approved,0
1123,473,43,37.21,USD,2022-12-07T00:55:23,approved,0
1124,260,88,1049.38,EUR,2023-10-04T06:50:43,approved,0
1125,360,116,546.61,USD,2025-09-09T06:10:56,approved,0
1126,120,35,556.59,QAR,2024-08-29T10:50:10,approved,0
1127,79,3,1256.25,QAR,2023-12-17T17:05:09,approved,0
1128,335,48,1718.97,QAR,2022-11-06T18:18:07,approved,0
1129,489,119,2306.28,USD,2022-11-07T18:20:20,approved,0
1130,206,30,1308.8,USD,2022-11-12T20:26:11,approved,0
1131,341,98,2861.96,USD,2024-02-12T02:21:42,approved,0
1132,331,86,1654.57,USD,2023-02-24T23:06:14,approved,0
1133,21,6,819.29,USD,2023-04-05T22:54:10,approved,0
1134,91,109,457.22,QAR,2022-12-21T02:23:47,approved,0
1135,453,15,2134.26,USD,2024-06-10T17:26:34,approved,0
1136,458,2,313.74,EUR,2024-12-23T10:16:35,approved,0
1137,157,97,402.43,QAR,2022-01-02T01:50:24,approved,0
1138,469,120,1494.49,EUR,2024-09-10T07:53:20,approved,0
1139,492,50,1914.14,USD,2024-03-28T23:19:49,approved,0
1140,371,17,654.7,EUR,2022-08-17T19:09:45,declined,0
1141,92,10,581.54,USD,2025-11-14T02:02:18,approved,0
1142,112,102,2917.8,USD,2024-09-21T16:58:56,approved,0
1143,444,15,271.96,QAR,2024-07-03T04:52:48,approved,0
1144,314,36,1726.95,USD,2025-08-27T05:32:44,approved,0
1145,11,8,659.58,USD,2024-04-19T00:47:44,approved,0
1146,32,1,1044.81,USD,2022-11-27T17:21:12,approved,0
1147,50,1,966.65,USD,2023-01-03T08:15:56,approved,0
1148,364,1,2806.08,EUR,2022-11-28T13:53:51,approved,0
1149,290,99,1835.17,USD,2024-03-26T17:44:27,approved,0
1150,224,120,733.71,USD,2025-02-12T06:56:55,approved,0
1151,345,102,2648.53,USD,2024-09-17T13:57:47,approved,0
1152,59,114,1894.06,USD,2024-04-04T05:25:29,approved,0
1153,157,100,327.76,AED,2023-01-24T04:42:32,approved,0
1154,116,92,1827.1,USD,2025-01-12T16:46:14,approved,0
1155,378,77,2185.51,USD,2024-09-03T10:45:48,approved,0
1156,208,115,1447.87,USD,2025-08-25T01:27:48,approved,0
1157,298,22,20.81,QAR,2025-01-07T16:06:54,approved,0
1158,395,10,1864.27,USD,2024-06-29T13:07:29,declined,0
1159,181,76,1258.16,QAR,2025-08-10T07:34:44,approved,0
1160,92,95,2027.32,AED,2022-11-05T22:25:24,approved,0
1161,205,69,1154.65,USD,2023-12-26T18:53:06,approved,0
1162,158,79,1522.67,EUR,2022-11-29T10:20:14,approved,0
1163,322,82,29.08,USD,2023-09-03T04:37:55,approved,0
1164,322,61,429.87,EUR,2024-05-16T18:19:04,approved,0
1165,203,63,66.74,USD,2025-05-04T14:19:43,approved,0
1166,181,88,1854.19,EUR,2024-04-10T08:04:32,approved,0
1167,259,109,908.2,USD,2023-05-12T09:53:29,approved,0
1168,106,52,2199.76,USD,2024-12-28T03:24:18,approved,0
1169,136,38,949.48,GBP,2022-12-08T21:40:32,approved,0
1170,168,22,356.57,QAR,2022-03-06T05:25:08,reversed,0
1171,205,38,1659.53,QAR,2022-02-07T17:11:17,approved,0
1172,267,14,2310.98,USD,2025-01-10T18:35:12,approved,0
1173,169,62,916.75,QAR,2025-02-02T07:39:38,approved,0
1174,438,96,2984.54,EUR,2024-05-01T07:00:09,declined,0
1175,190,118,40.15,USD,2022-04-05T21:22:46,approved,0
1176,53,76,2666.04,GBP,2023-12-30T20:13:01,declined,0
1177,199,38,293.08,USD,2025-03-03T06:52:28,reversed,0
1178,460,38,1297.12,EUR,2024-10-26T15:58:46,declined,0
1179,272,61,487.66,QAR,2022-03-13T00:07:40,approved,0
1180,455,89,370.38,USD,2023-08-29T09:16:08,approved,0
1181,202,62,824.23,USD,2024-05-14T17:57:59,approved,0
1182,85,39,2820.12,USD,2022-09-16T03:20:58,approved,0
1183,447,62,412.51,QAR,2023-01-01T05:54:11,approved,1
1184,121,28,2795.75,EUR,2023-08-27T14:50:01,approved,0
1185,462,50,912.11,USD,2023-10-29T11:38:14,approved,0
1186,50,109,2472.62,USD,2023-04-07T10:00:31,approved,0
1187,148,43,2186.51,USD,2022-12-07T22:53:55,declined,0
1188,380,32,1184.37,EUR,2022-07-07T02:59:45,approved,0
1189,399,82,431.27,AED,2024-10-10T05:27:49,approved,0
1190,375,32,1853.22,EUR,2025-12-29T21:20:35,approved,0
1191,343,40,512.59,QAR,2022-10-14T22:54:20,approved,0
1192,258,42,1468.78,EUR,2024-07-07T02:03:21,declined,0
1193,327,7,1091.09,EUR,2023-06-14T14:29:19,approved,0
1194,188,82,646.04,GBP,2023-09-02T14:55:33,approved,0
1195,152,15,2500.13,QAR,2022-09-01T11:37:19,approved,0
1196,236,26,781.35,QAR,2025-05-20T06:02:21,approved,0
1197,16,29,587.32,USD,2024-05-12T02:55:50,approved,0
1198,423,83,1564.45,EUR,2023-01-09T13:59:02,approved,0
1199,456,23,2436.63,EUR,2023-12-24T05:30:34,approved,1
1200,424,72,1305.52,USD,2022-05-09T10:11:07,approved,0
1201,168,107,1983.36,QAR,2023-04-09T15:51:51,approved,0
1202,263,73,2590.7,USD,2025-11-05T15:12:18,approved,0
1203,45,95,1438.61,GBP,2022-11-29T18:51:25,approved,0
1204,159,29,631.28,USD,2025-04-18T19:36:16,declined,0
1205,221,34,2915.06,USD,2025-06-02T18:36:37,approved,0
1206,58,7,1597.73,EUR,2024-09-09T07:36:01,approved,0
1207,477,88,2127.19,USD,2025-12-13T02:34:38,approved,0
1208,464,37,512.26,USD,2023-07-22T23:32:49,approved,0
1209,481,116,2518.44,EUR,2024-07-26T18:23:28,approved,0
1210,190,106,2325.84,USD,2025-07-24T22:36:22,approved,0
1211,266,95,335.26,EUR,2023-01-02T04:04:28,approved,0
1212,276,78,1981.68,EUR,2025-07-16T02:52:08,approved,0
1213,328,78,2722.1,USD,2022-06-17T14:00:59,approved,0
1214,154,118,2896.53,QAR,2022-07-22T08:50:59,approved,0
1215,448,21,1570.17,USD,2024-12-07T03:05:11,approved,0
1216,108,68,1509.33,GBP,2025-01-03T03:49:05,approved,0
1217,252,107,1617.23,USD,2023-11-21T18:00:56,approved,0
1218,317,85,2750.93,AED,2025-03-19T20:54:10,approved,0
1219,296,7,1112.48,USD,2024-05-20T13:37:13,approved,0
1220,46,81,2487.52,USD,2024-10-30T17:48:01,approved,0
1221,384,2,2306.87,EUR,2023-02-04T04:43:25,approved,0
1222,63,74,724.91,EUR,2022-01-22T07:54:34,approved,0
1223,243,40,404.93,QAR,2023-12-17T03:15:46,approved,0
1224,354,68,985.61,USD,2022-07-26T16:45:07,approved,0
1225,451,18,899.41,GBP,2023-02-28T12:04:57,approved,0
1226,403,68,1489.58,USD,2024-04-03T04:58:28,approved,0
1227,261,93,1799.55,EUR,2023-03-05T11:15:51,approved,0
1228,321,43,1634.57,AED,2024-05-31T02:23:40,declined,0
1229,127,12,1952.68,QAR,2024-02-09T07:37:31,approved,0
1230,405,113,348.84,USD,2023-05-20T12:43:39,approved,0
1231,261,117,721.47,USD,2024-07-24T00:54:10,approved,0
1232,393,84,1135.87,USD,2023-05-26T09:11:33,approved,0
1233,132,9,2451.37,EUR,2022-06-06T01:57:06,approved,0
1234,491,42,1904.55,USD,2025-01-01T20:58:19,approved,0
1235,500,48,2890.08,USD,2025-10-02T17:34:00,approved,0
1236,5,34,429.84,USD,2024-05-14T04:59:54,approved,0
1237,325,34,2029.94,USD,2024-12-19T18:14:37,approved,0
1238,12,74,1236.46,GBP,2024-05-06T15:25:16,approved,0
1239,338,111,1821.22,AED,2022-01-08T18:11:11,approved,0
1240,143,79,1528.42,GBP,2023-10-18T11:07:54,approved,0
1241,393,43,1613.84,QAR,2022-10-06T15:07:29,approved,0
1242,329,55,2418.52,AED,2022-09-03T03:48:24,approved,0
1243,398,93,2297.47,USD,2023-09-17T06:37:32,approved,0
1244,260,64,618.23,USD,2025-08-28T23:22:32,approved,0
1245,208,37,2283.42,USD,2023-05-30T03:14:45,approved,1
1246,468,15,2826.35,USD,2024-11-15T20:55:26,reversed,0
1247,66,51,401.45,USD,2022-12-08T01:59:16,approved,0
1248,442,112,699.47,USD,2022-03-13T23:41:22,approved,0
1249,138,98,839.94,USD,2025-12-19T22:31:44,approved,0
1250,52,73,646.84,USD,2023-05-07T17:41:04,approved,0
1251,316,40,298.17,EUR,2022-10-23T04:48:17,approved,0
1252,301,94,2206.67,USD,2024-03-09T08:55:59,approved,0
1253,91,48,236.23,USD,2023-09-04T04:11:18,approved,0
1254,356,83,2021.0,USD,2022-07-24T03:34:53,approved,0
1255,157,49,1578.47,USD,2024-02-21T06:03:30,approved,0
1256,230,89,1959.09,USD,2022-11-07T01:02:38,approved,0
1257,201,115,2408.16,GBP,2022-05-24T18:23:12,approved,0
1258,16,2,1018.21,USD,2023-10-04T00:03:06,approved,0
1259,490,103,1690.13,USD,2024-08-02T06:39:29,approved,0
1260,18,84,1355.51,USD,2022-08-12T06:34:52,approved,0
1261,261,61,2654.03,EUR,2024-10-12T04:11:07,approved,0
1262,162,112,2766.3,GBP,2024-04-14T03:31:07,approved,0
1263,494,9,1422.94,USD,2023-06-10T09:15:26,approved,0
1264,423,29,2279.21,USD,2022-09-27T05:23:09,approved,0
1265,74,44,544.89,QAR,2023-07-07T02:09:46,declined,0
1266,9,75,816.25,GBP,2024-07-02T15:56:11,approved,1
1267,346,24,1263.16,EUR,2023-10-09T03:14:59,approved,0
1268,334,60,1808.83,USD,2025-02-15T00:43:08,approved,0
1269,355,46,1753.87,USD,2024-02-22T01:08:06,approved,0
1270,164,120,1612.0,QAR,2022-07-06T05:51:27,approved,0
1271,388,90,858.04,EUR,2025-01-02T13:16:30,approved,0
1272,466,66,2024.04,USD,2024-08-07T12:03:58,approved,0
1273,160,59,777.94,USD,2023-04-18T14:52:42,approved,0
1274,290,15,1716.52,USD,2025-06-23T18:08:05,approved,0
1275,207,74,2211.46,GBP,2023-02-17T12:38:46,approved,0
1276,403,42,2938.98,USD,2023-07-05T16:27:17,approved,0
1277,259,21,353.57,EUR,2024-12-16T13:20:17,approved,0
1278,439,2,506.18,AED,2023-02-13T23:46:31,approved,0
1279,444,2,1079.12,USD,2023-03-03T06:00:03,approved,0
1280,193,32,2380.25,GBP,2024-04-05T14:15:37,approved,1
1281,265,67,1716.07,GBP,2022-07-04T03:16:07,approved,1
1282,297,110,2551.48,USD,2025-07-09T04:52:15,approved,0
1283,479,59,2227.01,EUR,2024-12-25T18:46:29,approved,0
1284,199,2,1626.25,GBP,2023-09-07T17:53:05,declined,0
1285,281,55,1441.13,USD,2023-05-17T01:03:01,declined,0
1286,498,76,1546.12,EUR,2023-05-26T13:07:56,approved,0
1287,488,58,249.28,USD,2022-06-24T10:05:42,approved,0
1288,356,34,990.52,USD,2025-03-20T09:09:01,approved,0
1289,435,86,38.09,USD,2023-10-26T07:17:26,approved,0
1290,193,74,1822.41,USD,2025-04-06T22:17:55,approved,0
1291,367,7,288.28,EUR,2023-07-01T20:46:01,approved,0
1292,277,117,276.62,USD,2022-10-10T20:14:32,approved,0
1293,148,1,449.58,QAR,2022-10-16T01:33:22,approved,0
1294,135,89,975.64,USD,2023-04-11T11:40:12,approved,0
1295,477,29,1034.63,USD,2022-01-18T09:05:10,approved,0
1296,287,18,1655.88,USD,2025-01-29T03:43:26,declined,0
1297,403,81,2923.71,USD,2022-02-06T09:42:55,declined,0
1298,17,8,1395.02,USD,2022-04-24T08:27:26,approved,0
1299,288,32,1568.07,USD,2022-03-02T02:46:56,approved,0
1300,463,17,1704.26,AED,2025-07-08T13:04:22,approved,1
1301,464,34,2839.62,GBP,2022-01-24T15:47:27,approved,0
1302,490,105,2316.17,GBP,2023-06-14T09:24:46,approved,0
1303,336,23,2681.71,AED,2024-05-08T07:54:40,approved,0
1304,13,14,1866.87,USD,2022-01-15T11:31:46,approved,0
1305,105,94,928.76,QAR,2023-06-16T07:22:35,reversed,0
1306,210,69,508.89,QAR,2022-07-27T23:43:08,approved,0
1307,94,51,1360.28,USD,2024-03-13T13:45:51,approved,0
1308,358,101,1201.77,USD,2022-09-24T08:04:59,approved,0
1309,210,110,1638.24,USD,2023-07-07T19:18:30,approved,0
1310,82,75,182.15,USD,2022-01-31T01:26:59,approved,0
1311,257,73,1451.15,USD,2022-10-26T04:15:20,approved,0
1312,158,7,923.1,USD,2024-02-14T17:09:07,approved,0
1313,327,56,2530.74,EUR,2023-12-31T05:22:16,approved,0
1314,497,52,1980.45,USD,2023-08-03T20:52:05,approved,0
1315,364,79,1480.19,USD,2025-02-01T02:33:09,approved,1
1316,343,55,702.04,USD,2025-10-18T18:50:18,approved,0
1317,413,23,2172.6,USD,2023-07-22T18:51:26,approved,0
1318,208,34,2598.78,USD,2022-07-21T03:02:11,approved,0
1319,190,40,589.83,GBP,2022-06-18T23:11:15,approved,0
1320,206,7,934.24,GBP,2024-12-17T13:00:52,declined,0
1321,52,92,2190.48,QAR,2024-02-28T01:03:12,approved,0
1322,104,14,1784.83,EUR,2025-04-27T19:38:58,declined,0
1323,414,36,99.24,USD,2023-09-02T15:52:07,approved,0
1324,255,96,298.51,QAR,2025-08-28T17:26:02,approved,0
1325,323,97,1165.09,QAR,2023-12-28T21:45:39,reversed,0
1326,370,65,776.59,EUR,2023-08-07T20:29:52,approved,0
1327,472,2,1886.8,USD,2024-06-15T10:14:21,approved,0
1328,12,61,2768.03,EUR,2025-10-16T14:33:47,approved,0
1329,240,77,2281.84,GBP,2024-08-16T03:26:06,approved,0
1330,263,15,2338.03,USD,2022-11-13T04:57:12,approved,0
1331,302,82,2963.56,USD,2024-10-01T03:34:12,approved,0
1332,21,58,2635.16,EUR,2022-08-06T00:11:51,approved,1
1333,371,92,1648.02,GBP,2024-08-11T16:02:00,approved,0
1334,445,38,584.08,GBP,2023-03-13T12:11:10,reversed,0
1335,300,5,2368.45,USD,2025-10-01T12:35:22,approved,0
1336,342,61,61.73,QAR,2025-10-29T21:22:04,approved,0
1337,126,74,2549.41,QAR,2024-01-17T22:47:56,declined,0
1338,29,95,348.09,USD,2023-09-03T04:24:04,approved,0
1339,112,26,1093.21,AED,2025-08-21T16:49:16,declined,0
1340,435,28,2109.04,EUR,2025-06-23T17:55:14,approved,0
1341,438,38,1511.16,USD,2022-01-21T09:58:06,approved,0
1342,415,10,2442.51,USD,2023-04-14T01:09:06,approved,0
1343,244,93,1095.46,QAR,2025-01-31T12:44:18,approved,0
1344,119,86,2603.47,EUR,2023-11-07T07:19:35,approved,1
1345,9,105,357.24,GBP,2024-10-18T13:16:49,reversed,0
1346,420,104,1756.45,USD,2022-09-08T10:30:15,approved,0
1347,392,118,2592.95,USD,2022-06-06T14:58:31,approved,0
1348,120,76,1117.6,EUR,2024-11-03T03:21:23,approved,0
1349,481,82,138.75,EUR,2025-05-10T14:10:14,approved,1
1350,152,101,879.57,GBP,2024-01-28T08:27:49,approved,0
1351,184,9,1325.75,USD,2023-02-21T01:52:32,approved,0
1352,413,34,2264.59,USD,2025-08-06T07:30:42,approved,0
1353,250,41,922.07,USD,2022-02-02T05:56:28,approved,0
1354,155,65,2540.34,GBP,2025-10-07T05:24:03,approved,0
1355,133,99,2255.72,EUR,2024-04-04T04:57:28,approved,0
1356,154,6,1347.19,USD,2022-10-06T00:28:41,declined,0
1357,74,62,2836.9,QAR,2025-12-17T06:21:13,approved,0
1358,206,61,1253.87,USD,2025-05-21T04:13:57,approved,0
1359,428,61,1822.93,USD,2025-10-07T22:01:51,approved,0
1360,268,51,1774.78,USD,2022-04-28T22:21:49,approved,0
1361,4,45,2365.04,EUR,2025-05-21T04:30:12,approved,0
1362,490,116,983.46,QAR,2024-05-28T08:49:00,approved,0
1363,378,42,1235.66,USD,2024-08-28T16:38:56,approved,0
1364,177,33,478.04,QAR,2025-04-16T22:55:01,approved,0
1365,133,19,2535.54,USD,2024-04-04T23:53:08,approved,0
1366,31,91,529.84,QAR,2022-10-29T15:06:06,approved,0
1367,426,48,1954.44,USD,2025-05-27T03:31:06,approved,0
1368,151,21,1851.13,USD,2022-08-22T09:17:53,approved,0
1369,120,5,1125.64,QAR,2024-05-20T18:00:13,approved,0
1370,96,4,2695.67,GBP,2025-03-10T17:00:06,reversed,0
1371,95,87,1193.77,USD,2022-06-08T01:27:34,approved,0
1372,238,114,2661.4,USD,2023-03-19T02:25:59,approved,0
1373,21,114,1028.62,USD,2022-03-09T09:37:12,approved,0
1374,235,24,762.91,USD,2025-03-28T07:54:07,approved,0
1375,289,36,2347.99,USD,2023-05-10T17:00:34,approved,0
1376,380,51,2269.18,USD,2022-05-05T05:56:22,approved,0
1377,282,42,327.96,EUR,2025-05-23T07:08:29,approved,0
1378,253,24,1623.67,USD,2025-03-18T03:52:24,approved,0
1379,153,99,1690.51,USD,2022-09-14T13:45:26,approved,0
1380,422,22,1361.94,USD,2025-08-12T09:22:13,approved,0
1381,384,81,1759.98,USD,2022-01-02T16:54:34,approved,0
1382,215,96,1486.49,USD,2024-04-25T00:10:02,approved,0
1383,473,14,1696.0,QAR,2022-12-18T19:02:10,approved,0
1384,191,100,2476.19,USD,2023-05-03T19:02:17,approved,0
1385,18,75,677.06,QAR,2023-12-15T06:15:13,approved,0
1386,126,46,203.57,USD,2024-02-06T20:51:21,approved,0
1387,59,80,2654.44,USD,2023-11-23T09:21:50,approved,0
1388,116,110,1215.65,USD,2025-02-09T17:18:44,approved,0
1389,387,100,738.32,QAR,2023-08-27T07:25:58,approved,0
1390,4,104,1613.14,USD,2025-01-07T20:14:07,approved,0
1391,138,97,812.13,USD,2025-04-02T01:28:49,approved,0
1392,161,117,2623.95,EUR,2022-10-02T01:07:09,approved,0
1393,102,10,1444.4,USD,2024-02-01T08:10:04,declined,0
1394,305,100,2601.16,EUR,2025-03-05T06:57:28,approved,0
1395,51,76,399.05,USD,2022-06-05T22:14:06,approved,0
1396,206,17,2832.57,QAR,2023-07-16T15:20:09,approved,0
1397,470,52,757.12,USD,2022-10-18T22:01:56,approved,0
1398,415,99,687.25,USD,2025-04-29T05:42:47,approved,0
1399,162,112,414.01,USD,2022-12-07T22:06:04,approved,0
1400,170,46,31.78,USD,2023-03-06T23:49:08,approved,0
1401,154,31,1999.24,USD,2024-06-23T15:58:37,approved,0
1402,239,78,2921.53,USD,2023-05-30T04:09:05,approved,0
1403,420,33,1885.59,EUR,2025-12-05T17:50:07,approved,0
1404,497,1,908.93,USD,2024-10-05T01:27:31,approved,0
1405,102,27,2642.12,GBP,2025-04-21T18:35:27,approved,0
1406,317,8,499.46,USD,2025-01-16T21:18:27,approved,0
1407,171,82,1511.36,GBP,2024-12-15T16:12:53,approved,0
1408,397,42,2099.01,GBP,2024-09-05T04:25:50,approved,0
1409,137,51,1447.8,EUR,2022-12-11T11:19:59,approved,0
1410,448,41,2211.87,USD,2025-04-14T12:10:35,approved,0
1411,180,2,2265.44,USD,2023-12-24T23:50:42,declined,0
1412,388,114,2966.59,USD,2025-02-05T13:12:37,approved,0
1413,331,2,273.74,QAR,2022-11-29T07:59:17,approved,0
1414,90,77,36.31,USD,2025-12-09T20:26:25,approved,0
1415,21,18,1230.91,USD,2023-12-03T01:37:23,approved,0
1416,245,108,856.55,USD,2023-04-20T19:04:03,approved,0
1417,113,32,1113.47,USD,2025-06-22T05:08:10,approved,0
1418,45,76,668.13,QAR,2025-11-24T01:26:01,declined,0
1419,249,85,113.74,USD,2024-03-30T03:59:43,approved,0
1420,29,61,2926.9,QAR,2024-03-11T09:13:45,approved,0
1421,6,2,1718.18,USD,2022-12-22T06:17:27,approved,0
1422,338,19,2572.45,EUR,2023-02-26T06:50:26,approved,0
1423,406,80,778.41,GBP,2024-06-10T09:08:12,approved,0
1424,142,116,2451.75,USD,2023-02-07T14:11:29,approved,0
1425,268,47,1430.87,USD,2022-03-06T13:54:44,approved,0
1426,150,24,1871.78,USD,2023-07-23T13:51:04,approved,0
1427,52,66,1652.34,USD,2022-06-27T15:39:39,approved,0
1428,358,24,125.45,USD,2025-02-21T07:28:19,approved,0
1429,394,64,506.32,USD,2024-05-27T10:50:12,approved,0
1430,131,58,1711.68,AED,2022-12-05T11:55:18,approved,0
1431,116,49,2526.52,USD,2025-02-19T18:02:17,approved,0
1432,265,56,2202.36,USD,2025-08-30T00:00:38,approved,0
1433,173,81,2657.14,USD,2023-07-03T05:05:25,approved,0
1434,400,76,1811.01,QAR,2022-03-08T18:49:14,approved,0
1435,345,55,151.63,USD,2025-08-19T20:26:47,approved,0
1436,259,117,1568.61,USD,2024-07-25T01:25:46,approved,0
1437,232,108,1956.17,QAR,2024-05-01T08:57:26,approved,0
1438,449,50,2265.55,USD,2022-05-18T11:42:19,declined,0
1439,191,105,1553.55,EUR,2022-03-10T01:09:28,approved,0
1440,296,108,331.77,GBP,2023-09-23T10:02:44,approved,0
1441,288,50,63.26,AED,2024-01-15T13:48:56,approved,0
1442,19,30,2118.25,USD,2024-05-20T18:32:15,approved,0
1443,331,57,1998.28,USD,2024-04-08T15:44:50,declined,0
1444,478,18,550.74,USD,2024-04-20T15:58:36,approved,0
1445,315,3,2313.75,USD,2025-08-18T16:27:21,approved,0
1446,347,77,2425.4,USD,2024-08-22T06:36:26,approved,0
1447,87,90,1546.08,EUR,2024-10-28T15:25:01,approved,0
1448,327,42,2544.79,QAR,2025-07-28T09:36:08,approved,0
1449,234,8,788.56,QAR,2024-05-15T22:48:04,approved,0
1450,371,57,91.16,USD,2023-01-18T01:48:04,approved,0
1451,477,87,2689.15,USD,2023-01-28T18:37:11,approved,0
1452,316,11,2019.37,EUR,2025-01-03T05:31:07,approved,0
1453,166,114,2308.85,GBP,2023-04-23T14:05:29,approved,0
1454,274,55,2467.43,USD,2023-06-22T05:25:37,approved,0
1455,368,90,1774.89,EUR,2025-09-23T07:56:05,approved,0
1456,168,39,2061.89,EUR,2025-11-18T00:07:18,approved,0
1457,215,58,82.3,USD,2023-01-03T02:39:21,approved,0
1458,2,48,776.87,EUR,2022-11-29T08:14:35,declined,0
1459,143,85,2359.48,QAR,2025-11-29T04:50:55,approved,0
1460,39,60,2174.59,USD,2024-08-23T16:55:59,approved,0
1461,489,83,814.7,USD,2022-08-22T10:56:41,approved,0
1462,389,116,2763.57,USD,2025-08-25T08:56:49,approved,0
1463,73,116,2550.06,USD,2023-11-04T00:12:28,approved,0
1464,28,120,1798.03,USD,2025-07-15T09:02:28,approved,0
1465,263,81,1619.18,USD,2022-05-15T14:10:25,approved,0
1466,485,54,1651.7,EUR,2023-08-30T09:53:33,approved,0
1467,339,109,59.68,USD,2024-11-05T21:37:21,declined,0
1468,332,60,1894.77,USD,2024-05-08T17:00:27,declined,0
1469,369,77,2653.91,USD,2022-08-14T05:51:30,approved,0
1470,286,5,1592.09,QAR,2023-05-07T19:07:29,approved,0
1471,90,119,1265.0,EUR,2023-06-26T08:17:13,approved,0
1472,323,84,553.27,USD,2024-12-04T21:52:56,approved,1
1473,92,2,2207.88,USD,2025-09-17T21:09:19,approved,0
1474,111,53,1790.82,EUR,2022-11-16T07:29:23,approved,0
1475,466,35,1710.49,USD,2025-12-13T01:15:39,approved,0
1476,1,17,2755.04,USD,2024-02-08T10:08:54,approved,0
1477,22,46,1065.87,EUR,2024-05-20T08:32:48,approved,0
1478,226,102,1102.92,QAR,2025-10-23T00:15:55,approved,0
1479,431,113,2696.79,USD,2022-09-01T11:55:45,approved,0
1480,128,67,1109.58,QAR,2024-03-30T13:09:12,reversed,0
1481,20,49,1210.89,USD,2025-07-03T16:26:18,approved,0
1482,298,40,1701.71,USD,2025-09-27T05:08:47,approved,0
1483,310,68,1162.08,USD,2024-04-21T18:39:08,approved,0
1484,38,59,2845.99,EUR,2024-04-15T05:12:57,approved,0
1485,303,117,2669.28,EUR,2022-11-13T18:58:47,approved,0
1486,281,32,647.58,GBP,2024-09-04T12:35:32,approved,0
1487,313,24,1117.76,GBP,2022-01-26T09:07:15,approved,0
1488,268,111,2422.82,QAR,2023-05-21T03:20:12,approved,0
1489,500,98,1799.27,USD,2022-09-16T12:00:01,approved,0
1490,153,7,1957.81,EUR,2024-08-13T12:09:53,approved,0
1491,35,102,916.27,EUR,2023-04-10T01:55:18,approved,0
1492,112,39,356.39,USD,2025-03-23T15:20:09,declined,0
1493,241,17,101.45,EUR,2024-06-09T20:20:53,approved,0
1494,381,101,2002.05,EUR,2023-08-31T00:21:39,reversed,0
1495,29,67,549.59,USD,2023-04-21T00:36:59,approved,0
1496,312,103,308.71,QAR,2025-02-18T19:25:08,declined,0
1497,424,100,1636.51,AED,2022-03-11T20:54:23,approved,0
1498,3,11,1422.63,USD,2025-07-10T00:28:39,approved,0
1499,270,56,1716.47,AED,2022-11-10T20:58:46,approved,0
1500,435,109,22.17,USD,2023-09-22T15:16:07,approved,0
1501,494,10,1970.63,USD,2025-06-21T10:54:25,approved,0
1502,251,64,590.95,USD,2024-10-13T11:03:14,approved,0
1503,391,85,539.66,USD,2025-11-24T10:53:39,approved,0
1504,370,10,1773.18,USD,2023-02-01T06:29:02,approved,0
1505,415,38,2555.65,USD,2024-07-07T09:35:38,approved,0
1506,221,4,1332.91,AED,2024-05-01T04:49:14,approved,0
1507,496,114,17.4,QAR,2024-04-26T10:04:49,approved,0
1508,242,81,104.28,QAR,2025-02-15T11:05:30,approved,0
1509,86,111,1615.56,USD,2023-07-03T11:24:12,reversed,0
1510,417,10,1675.92,USD,2022-01-03T11:22:34,approved,0
1511,414,13,964.24,QAR,2023-06-18T08:45:51,approved,0
1512,128,78,1999.88,QAR,2022-04-07T20:31:52,approved,0
1513,6,76,739.0,QAR,2022-01-26T22:19:20,declined,0
1514,142,3,2983.39,USD,2025-12-28T17:09:11,approved,0
1515,349,27,1766.52,USD,2022-11-25T23:46:02,approved,0
1516,421,70,1664.94,EUR,2023-07-25T20:44:47,approved,0
1517,277,2,456.35,USD,2025-05-30T22:21:05,reversed,0
1518,355,56,2128.46,USD,2023-02-22T23:15:21,approved,0
1519,29,120,571.24,AED,2023-09-07T08:54:01,approved,0
1520,28,98,2306.33,USD,2022-03-29T16:46:38,approved,0
1521,22,77,506.23,AED,2022-08-29T19:44:39,approved,0
1522,422,89,1888.35,AED,2023-04-01T02:05:12,approved,0
1523,416,50,1136.96,USD,2025-01-05T08:35:21,approved,0
1524,410,52,724.42,EUR,2022-08-17T19:41:25,approved,0
1525,409,88,2017.36,USD,2022-02-07T10:14:38,declined,0
1526,244,62,2856.01,USD,2023-07-25T09:30:46,approved,0
1527,443,69,2037.33,EUR,2022-10-09T20:57:12,approved,0
1528,149,50,2238.2,QAR,2025-03-18T10:46:15,approved,0
1529,406,63,2412.11,AED,2022-09-28T13:11:15,approved,0
1530,193,119,10.32,USD,2022-01-28T04:47:24,approved,0
1531,9,17,1123.16,QAR,2024-07-07T00:13:58,approved,0
1532,170,119,2438.18,USD,2022-03-27T12:25:15,approved,1
1533,23,17,2193.34,QAR,2022-06-29T20:40:27,approved,1
1534,280,76,363.81,QAR,2025-04-16T01:37:07,reversed,0
1535,380,31,1918.01,USD,2022-10-05T00:38:16,approved,0
1536,393,59,2271.41,EUR,2025-11-26T19:23:14,approved,0
1537,423,24,2907.59,USD,2025-06-30T22:34:27,approved,0
1538,238,45,2751.86,QAR,2023-08-28T21:20:16,approved,0
1539,303,18,133.45,USD,2025-02-14T19:18:44,approved,0
1540,264,12,374.82,USD,2025-02-23T03:45:35,approved,0
1541,180,68,635.66,QAR,2023-08-03T10:25:25,approved,0
1542,407,88,1114.24,USD,2025-06-16T15:03:20,approved,0
1543,121,104,1226.35,QAR,2022-10-13T09:34:27,approved,1
1544,230,111,1921.76,GBP,2024-04-11T00:08:12,approved,0
1545,188,65,1096.77,USD,2023-02-12T21:00:04,approved,0
1546,326,12,1270.64,QAR,2023-10-10T13:03:22,approved,0
1547,192,17,539.37,USD,2023-03-05T07:37:20,approved,0
1548,29,91,1127.38,USD,2024-01-19T06:06:43,approved,0
1549,470,60,1751.41,USD,2024-07-31T03:36:59,approved,0
1550,478,68,1912.4,USD,2024-06-09T23:59:19,approved,0
1551,110,55,991.63,QAR,2025-02-08T07:12:56,approved,0
1552,136,81,2012.32,USD,2025-01-25T00:23:43,approved,0
1553,497,32,2981.47,EUR,2024-08-28T23:05:34,approved,0
1554,413,83,302.58,USD,2022-02-22T19:23:27,approved,0
1555,436,105,432.68,GBP,2025-12-01T15:13:50,approved,0
1556,441,52,868.71,USD,2025-02-22T04:20:15,approved,0
1557,479,103,2687.52,USD,2025-06-18T18:41:11,approved,0
1558,471,31,1866.6,GBP,2023-04-04T23:34:55,approved,0
1559,70,31,2058.66,USD,2022-07-12T08:44:00,approved,0
1560,117,98,2395.53,USD,2023-08-24T04:13:19,approved,0
1561,303,68,449.75,EUR,2025-10-09T15:21:52,approved,0
1562,432,35,2070.75,USD,2024-03-07T01:58:59,approved,0
1563,354,78,1867.76,USD,2023-03-29T03:01:00,approved,0
1564,146,32,641.91,USD,2024-06-04T20:46:49,approved,0
1565,231,60,1401.65,USD,2022-06-04T13:56:46,approved,0
1566,489,51,1206.62,USD,2024-09-06T00:59:51,approved,0
1567,186,7,715.64,GBP,2023-11-18T19:20:10,approved,0
1568,70,81,864.42,GBP,2022-03-18T20:30:50,approved,0
1569,68,115,1489.18,USD,2025-08-20T13:30:50,approved,0
1570,220,59,1261.9,USD,2022-01-05T13:53:10,approved,0
1571,362,52,574.35,USD,2024-01-01T20:54:50,approved,0
1572,490,102,788.59,USD,2022-05-26T09:36:28,approved,0
1573,331,76,628.18,USD,2023-03-22T18:44:49,approved,0
1574,295,108,1625.97,USD,2025-05-10T02:16:38,declined,0
1575,18,76,2220.8,QAR,2023-10-05T00:55:18,approved,0
1576,107,19,2470.99,GBP,2024-06-12T09:13:08,approved,0
1577,303,33,2679.78,USD,2022-07-26T05:45:35,approved,0
1578,274,104,1953.45,EUR,2022-08-02T10:39:18,approved,0
1579,129,3,14.24,USD,2025-11-03T14:27:47,approved,0
1580,84,18,2729.04,QAR,2024-12-23T22:58:19,declined,0
1581,424,114,2787.57,USD,2024-03-25T22:29:47,approved,0
1582,434,66,2323.51,USD,2022-09-21T06:28:33,approved,0
1583,30,43,1972.48,AED,2023-08-18T02:24:33,approved,0
1584,375,26,2094.33,USD,2025-08-08T11:25:19,approved,0
1585,307,69,2917.45,AED,2024-03-12T00:48:43,approved,0
1586,228,80,809.48,GBP,2024-03-03T06:56:43,approved,0
1587,439,80,2574.52,USD,2023-02-17T12:51:07,approved,0
1588,294,113,423.85,USD,2024-03-31T04:00:06,approved,0
1589,164,94,1349.96,USD,2023-07-23T10:31:42,declined,0
1590,166,42,2255.32,USD,2024-10-07T11:06:11,approved,0
1591,3,1,158.8,USD,2023-11-23T16:50:51,approved,0
1592,68,38,2050.51,USD,2024-04-29T12:22:16,approved,0
1593,457,33,2585.0,USD,2024-11-15T18:39:30,declined,1
1594,411,109,2499.9,USD,2024-04-12T17:27:01,approved,0
1595,163,106,1410.92,USD,2022-05-11T14:01:15,approved,0
1596,319,39,2430.05,USD,2023-03-11T16:41:26,approved,0
1597,356,43,2194.5,USD,2024-12-31T07:01:38,approved,0
1598,36,28,808.81,EUR,2025-04-10T13:40:04,approved,0
1599,249,112,2534.21,QAR,2025-03-25T15:08:53,approved,0
1600,285,35,330.33,USD,2025-06-02T08:33:00,approved,0
1601,238,27,1063.1,GBP,2025-11-16T15:19:32,reversed,1
1602,165,64,1921.38,AED,2025-03-19T08:43:01,declined,0
1603,322,98,1646.42,USD,2024-06-04T00:10:45,approved,0
1604,334,112,2426.61,USD,2023-04-23T02:22:58,approved,0
1605,72,43,1562.71,EUR,2022-02-05T14:12:54,approved,0
1606,50,73,2232.82,EUR,2024-08-22T09:34:27,approved,0
1607,490,15,1969.61,USD,2024-05-21T23:17:58,approved,0
1608,104,1,1503.58,GBP,2022-09-22T19:20:50,approved,0
1609,357,66,2418.33,USD,2025-03-14T13:10:15,approved,0
1610,498,115,1289.23,GBP,2024-01-09T23:35:24,approved,0
1611,85,59,1261.13,USD,2024-11-23T06:06:54,reversed,0
1612,2,50,1209.76,QAR,2023-03-14T21:41:58,approved,0
1613,416,68,2770.12,GBP,2022-07-04T14:34:32,approved,0
1614,454,49,2470.34,QAR,2025-02-27T09:26:39,approved,0
1615,478,54,2783.7,USD,2024-07-31T23:09:14,approved,0
1616,320,65,2837.63,USD,2022-11-07T05:14:30,approved,0
1617,19,91,2438.03,GBP,2024-05-27T10:52:17,approved,0
1618,322,82,1345.17,EUR,2025-02-04T08:51:29,reversed,0
1619,361,34,213.66,GBP,2024-05-11T15:20:20,approved,0
1620,420,113,2594.95,USD,2025-11-04T01:53:28,approved,0
1621,34,46,1750.39,USD,2025-05-18T01:35:37,approved,0
1622,312,98,2137.2,USD,2024-04-09T17:13:32,approved,0
1623,211,27,1576.32,QAR,2022-02-04T21:30:25,approved,0
1624,205,88,328.11,USD,2025-07-17T21:38:01,approved,0
1625,46,71,2635.72,USD,2022-11-13T18:41:50,approved,0
1626,434,84,2352.85,USD,2022-10-02T00:41:52,approved,0
1627,199,92,2281.75,AED,2022-03-17T03:03:29,approved,0
1628,400,19,1769.26,USD,2025-02-07T19:57:14,approved,0
1629,262,85,2789.23,USD,2023-09-15T19:57:29,declined,0
1630,162,6,1263.33,USD,2024-11-12T19:26:55,approved,0
1631,116,25,1016.28,EUR,2022-01-28T15:28:15,approved,0
1632,431,104,1975.28,QAR,2022-07-25T10:21:21,approved,0
1633,394,41,1321.05,QAR,2024-01-03T04:41:05,approved,0
1634,346,113,2217.97,USD,2025-12-26T08:16:02,approved,0
1635,276,27,315.8,USD,2022-05-11T09:56:30,declined,0
1636,360,14,2258.12,QAR,2025-08-20T10:54:03,approved,0
1637,228,15,974.25,GBP,2024-12-29T19:04:47,approved,0
1638,450,112,1352.1,USD,2022-04-20T04:14:40,reversed,0
1639,322,35,1072.77,USD,2023-06-24T13:30:36,approved,1
1640,390,30,2458.57,USD,2024-05-25T09:52:01,approved,0
1641,69,79,959.26,USD,2024-10-18T16:42:13,approved,0
1642,484,64,1099.42,GBP,2022-11-25T19:58:45,approved,0
1643,120,14,1528.11,AED,2023-03-03T22:02:08,approved,0
1644,287,48,2765.46,EUR,2025-08-08T05:52:14,approved,0
1645,193,110,2978.01,USD,2025-01-31T11:40:47,approved,0
1646,222,103,1168.41,QAR,2023-03-01T09:18:50,approved,0
1647,131,50,531.7,USD,2025-07-18T18:22:34,approved,0
1648,322,63,804.67,QAR,2025-06-02T03:27:04,approved,0
1649,486,21,2692.88,USD,2025-09-22T03:25:36,approved,0
1650,483,37,2673.94,USD,2023-09-07T08:42:30,approved,0
1651,362,76,766.93,EUR,2025-11-22T15:51:28,approved,0
1652,66,76,2431.47,QAR,2025-01-02T12:18:42,approved,0
1653,104,99,2802.84,QAR,2024-05-19T20:22:59,approved,0
1654,331,75,1154.64,QAR,2022-08-27T17:57:12,approved,0
1655,64,77,2239.27,AED,2024-04-27T13:04:00,approved,0
1656,202,118,723.05,USD,2022-03-07T04:50:54,approved,0
1657,358,29,807.46,EUR,2022-03-23T02:57:13,approved,0
1658,284,29,2673.53,USD,2025-06-18T23:01:06,approved,0
1659,37,42,450.86,USD,2024-04-06T03:17:18,approved,0
1660,126,100,2575.32,USD,2023-09-15T12:58:23,approved,0
1661,445,104,1131.93,USD,2025-01-30T12:15:31,approved,0
1662,35,73,1754.5,GBP,2025-08-09T12:57:39,approved,0
1663,389,21,1918.8,USD,2024-06-17T12:54:56,approved,0
1664,312,6,80.92,QAR,2025-01-26T10:00:11,approved,0
1665,33,94,2166.58,USD,2023-07-10T09:59:43,approved,0
1666,247,19,543.34,QAR,2023-04-14T18:00:19,approved,0
1667,120,9,759.57,USD,2024-02-14T23:47:44,approved,0
1668,150,75,2488.72,USD,2022-07-10T03:16:44,approved,0
1669,265,60,1769.76,USD,2022-05-11T04:55:44,approved,1
1670,165,37,733.09,USD,2024-06-10T13:06:32,approved,0
1671,412,48,1507.14,USD,2025-11-27T17:30:15,approved,0
1672,44,42,278.11,USD,2023-04-14T13:30:34,approved,0
1673,484,103,46.32,GBP,2022-06-08T17:29:06,approved,0
1674,324,68,961.61,USD,2023-11-09T14:53:03,approved,0
1675,429,1,430.08,USD,2025-03-30T21:12:15,declined,0
1676,191,34,539.26,GBP,2022-01-26T12:02:03,approved,0
1677,491,65,1296.35,USD,2025-08-18T22:21:58,approved,0
1678,469,107,416.04,USD,2022-07-15T03:18:50,approved,0
1679,246,5,311.08,USD,2023-10-17T23:37:36,approved,0
1680,441,52,1274.4,USD,2024-11-29T04:08:08,approved,0
1681,17,41,697.86,AED,2022-09-25T05:42:11,approved,0
1682,336,4,288.63,EUR,2025-06-11T01:54:04,approved,0
1683,274,40,628.81,EUR,2023-01-30T07:41:11,approved,0
1684,490,15,2390.23,USD,2025-05-09T08:21:53,approved,0
1685,171,17,651.3,USD,2024-03-29T09:49:51,approved,0
1686,407,1,521.44,EUR,2024-05-30T13:12:17,approved,0
1687,415,75,2852.37,USD,2024-07-18T20:42:30,approved,0
1688,125,36,1986.29,EUR,2025-07-04T11:11:39,approved,0
1689,208,107,2323.64,USD,2022-12-30T12:25:23,approved,0
1690,34,35,1464.8,QAR,2022-11-19T11:50:15,approved,0
1691,318,118,1250.83,USD,2023-06-30T15:50:23,approved,0
1692,298,90,1113.87,USD,2024-06-23T08:59:48,approved,0
1693,342,30,1015.52,EUR,2025-12-02T22:44:59,approved,0
1694,451,99,1730.61,QAR,2023-05-27T04:18:12,approved,0
1695,199,64,2771.49,USD,2022-07-31T10:30:05,approved,0
1696,331,90,2802.17,AED,2025-07-04T17:59:14,approved,0
1697,338,37,1233.65,USD,2024-05-28T07:42:36,approved,0
1698,202,94,1616.12,USD,2024-08-21T18:40:15,approved,0
1699,389,70,2362.41,USD,2022-07-16T11:55:14,approved,0
1700,52,51,2691.02,USD,2023-02-07T22:29:05,approved,1
1701,413,27,1423.0,USD,2024-08-23T22:10:49,approved,1
1702,49,36,1609.84,USD,2024-09-14T17:57:45,approved,0
1703,198,94,826.75,USD,2022-09-27T03:18:25,approved,0
1704,153,101,2320.24,USD,2023-10-25T20:17:53,approved,0
1705,426,82,495.01,QAR,2023-08-31T11:48:25,approved,0
1706,307,14,1381.11,GBP,2025-04-13T18:40:57,approved,0
1707,421,74,788.27,QAR,2022-06-13T21:07:11,approved,0
1708,197,92,877.81,USD,2025-06-24T13:28:43,approved,0
1709,282,29,656.92,USD,2022-08-16T01:06:24,approved,0
1710,396,74,84.56,USD,2023-05-21T18:38:17,approved,0
1711,387,11,585.67,USD,2023-07-11T06:30:58,approved,0
1712,337,103,616.95,EUR,2024-12-28T03:18:02,approved,0
1713,354,34,267.66,USD,2022-05-26T13:31:38,approved,0
1714,129,117,1634.12,USD,2022-01-22T09:37:41,approved,0
1715,43,99,76.7,QAR,2025-09-05T05:57:58,approved,0
1716,426,113,1252.85,USD,2022-09-01T12:58:34,reversed,0
1717,38,113,1863.29,USD,2023-08-21T04:07:54,approved,0
1718,459,96,2803.74,USD,2023-06-19T04:03:13,approved,0
1719,32,90,1435.21,AED,2022-07-16T15:53:59,approved,0
1720,279,49,178.16,USD,2024-09-11T03:54:44,declined,0
1721,60,27,2630.96,GBP,2022-07-20T18:43:19,declined,0
1722,70,39,2718.82,EUR,2022-01-09T05:59:33,approved,0
1723,149,12,359.45,QAR,2024-07-29T20:19:20,approved,0
1724,357,10,2318.28,EUR,2024-06-12T15:54:32,approved,0
1725,441,55,564.19,USD,2025-02-08T02:02:58,approved,0
1726,497,15,1973.55,USD,2025-03-28T09:10:15,approved,0
1727,146,113,145.56,GBP,2022-06-18T10:13:21,approved,0
1728,222,85,558.27,USD,2025-01-27T08:52:22,approved,0
1729,90,97,1968.65,GBP,2022-06-03T00:08:40,approved,0
1730,415,9,2802.84,USD,2025-01-16T19:45:39,approved,0
1731,466,46,1278.9,EUR,2024-11-03T18:38:14,reversed,0
1732,55,76,2971.25,GBP,2023-11-29T13:28:22,declined,0
1733,107,47,1093.46,USD,2022-10-26T05:28:40,approved,0
1734,200,52,401.54,EUR,2024-04-09T11:01:16,approved,1
1735,12,85,130.41,USD,2025-09-01T08:07:53,approved,0
1736,194,66,1945.55,AED,2023-01-04T08:02:50,approved,0
1737,414,14,2631.09,USD,2025-07-30T13:26:34,approved,0
1738,498,103,2279.57,USD,2025-01-03T04:00:30,approved,0
1739,369,15,366.9,QAR,2025-09-12T05:08:14,approved,0
1740,90,72,466.76,USD,2023-07-23T15:20:55,approved,0
1741,311,76,1787.3,USD,2023-07-13T02:02:46,approved,0
1742,310,103,349.23,USD,2022-07-28T22:07:59,approved,0
1743,423,110,2837.19,USD,2023-10-15T14:59:09,approved,0
1744,304,17,2770.76,USD,2024-06-13T09:07:40,approved,0
1745,490,63,1670.46,USD,2024-08-09T16:15:01,approved,0
1746,436,10,73.14,USD,2025-06-27T09:58:55,approved,0
1747,155,10,1840.57,QAR,2022-09-16T16:48:58,approved,0
1748,148,61,1667.9,GBP,2023-08-13T23:56:40,approved,0
1749,44,83,1530.8,EUR,2025-06-03T07:01:24,approved,0
1750,468,72,1928.14,AED,2025-10-11T07:29:35,approved,0
1751,75,13,667.31,EUR,2024-06-29T08:59:58,declined,0
1752,207,77,1727.98,USD,2023-11-11T17:20:22,declined,0
1753,304,74,919.57,GBP,2025-01-20T08:11:36,declined,1
1754,215,78,2894.32,EUR,2022-04-11T22:19:22,declined,0
1755,411,70,1288.59,USD,2022-04-10T12:21:26,approved,0
1756,388,35,1115.02,QAR,2022-06-19T12:20:09,approved,0
1757,115,54,1992.32,USD,2025-04-18T17:03:08,approved,0
1758,263,36,584.96,GBP,2025-06-15T19:10:40,approved,0
1759,138,39,1380.58,QAR,2023-01-05T10:51:56,approved,0
1760,346,24,722.68,USD,2023-05-29T05:13:19,approved,0
1761,141,11,1364.2,USD,2022-08-15T23:21:21,approved,0
1762,308,14,984.23,USD,2024-07-28T09:54:37,declined,0
1763,428,64,1690.17,USD,2022-11-29T08:10:23,approved,0
1764,391,28,666.43,USD,2023-11-24T21:38:18,approved,0
1765,435,11,967.83,USD,2022-10-13T16:24:14,approved,1
1766,425,18,1816.09,USD,2025-11-14T19:38:05,approved,0
1767,152,21,1801.52,QAR,2022-02-24T09:05:26,approved,0
1768,91,116,359.43,EUR,2025-04-24T05:57:25,approved,0
1769,440,107,16.85,USD,2022-09-16T11:48:02,reversed,0
1770,119,76,472.36,USD,2024-12-24T11:00:11,approved,0
1771,344,75,148.15,EUR,2025-08-09T07:13:23,approved,0
1772,250,11,1811.9,USD,2025-08-16T00:11:45,approved,0
1773,51,49,440.38,QAR,2024-02-11T22:45:43,approved,0
1774,264,95,1106.66,AED,2023-09-26T00:46:28,approved,0
1775,461,19,682.26,USD,2023-12-06T23:51:13,approved,0
1776,493,50,1953.37,USD,2024-12-30T02:18:21,approved,0
1777,148,108,736.7,USD,2022-08-31T19:18:48,approved,0
1778,359,117,315.02,USD,2024-07-13T15:27:26,approved,0
1779,177,23,1977.18,EUR,2024-05-06T02:08:01,approved,0
1780,45,106,2101.48,USD,2025-01-26T01:26:42,approved,0
1781,31,20,397.87,USD,2022-08-22T12:30:40,approved,0
1782,13,50,1888.34,USD,2024-05-25T06:21:15,approved,0
1783,249,16,1618.37,EUR,2022-05-27T04:24:52,approved,0
1784,332,66,1104.17,USD,2024-10-16T02:05:18,approved,0
1785,99,3,122.05,QAR,2023-05-17T14:53:21,approved,0
1786,386,69,1694.67,EUR,2023-05-14T22:44:04,approved,0
1787,177,77,1976.8,USD,2024-02-18T12:39:13,approved,0
1788,494,69,2141.39,USD,2025-09-11T17:12:51,approved,0
1789,292,10,2647.39,USD,2023-03-07T16:08:02,approved,0
1790,342,112,92.94,USD,2023-12-25T05:44:27,approved,0
1791,228,111,2379.46,USD,2024-01-26T02:51:09,approved,0
1792,162,45,663.38,QAR,2023-05-25T15:53:23,approved,0
1793,385,50,1841.56,AED,2023-06-17T16:28:32,approved,0
1794,85,36,2442.81,EUR,2025-12-21T11:53:07,approved,0
1795,71,41,19.43,USD,2022-09-23T18:26:20,approved,0
1796,440,15,430.7,EUR,2024-05-13T04:48:28,approved,0
1797,92,77,2834.08,GBP,2025-12-09T00:39:28,approved,0
1798,351,113,809.33,USD,2022-09-26T18:07:19,approved,0
1799,191,116,15.1,USD,2023-02-06T09:57:31,approved,0
1800,354,120,2564.1,EUR,2025-12-02T00:18:58,approved,0
1801,291,60,2574.19,USD,2022-08-27T16:18:44,approved,0
1802,105,30,1949.89,USD,2022-07-11T09:28:35,approved,0
1803,486,19,2322.97,USD,2025-08-14T23:56:09,approved,0
1804,358,91,810.64,USD,2024-03-19T15:25:49,approved,1
1805,101,53,1891.16,EUR,2024-12-01T13:12:00,approved,0
1806,453,102,2476.67,USD,2022-04-11T23:43:33,approved,0
1807,65,50,2451.69,GBP,2025-01-17T06:13:48,approved,0
1808,346,74,1144.31,QAR,2024-11-09T05:44:34,approved,0
1809,379,82,259.21,USD,2022-01-18T10:40:43,approved,0
1810,457,56,2630.37,EUR,2022-02-19T17:23:58,approved,0
1811,427,7,342.95,USD,2023-06-20T19:23:48,approved,0
1812,477,28,1123.85,QAR,2022-01-02T02:06:57,approved,0
1813,244,45,2361.68,USD,2025-11-16T22:41:03,approved,0
1814,488,68,2201.78,EUR,2022-03-15T09:16:40,approved,0
1815,140,31,193.5,USD,2024-11-08T10:04:43,approved,0
1816,268,82,1964.28,USD,2025-08-15T06:30:19,approved,0
1817,26,26,128.1,EUR,2022-07-31T12:33:59,approved,0
1818,57,63,2522.7,USD,2023-06-22T01:05:59,approved,0
1819,237,102,2735.87,USD,2025-05-26T16:44:35,approved,0
1820,360,14,1308.92,USD,2024-11-22T12:27:51,approved,0
1821,44,73,1714.72,QAR,2024-02-29T14:22:37,approved,0
1822,340,26,481.17,USD,2022-03-27T23:20:55,approved,0
1823,275,27,1126.02,USD,2025-08-11T17:04:37,approved,0
1824,362,20,1637.21,USD,2023-05-06T07:37:41,approved,0
1825,84,37,479.35,USD,2022-10-18T03:29:57,approved,0
1826,287,6,201.47,USD,2023-07-03T13:27:35,approved,0
1827,3,105,2625.17,USD,2022-11-07T16:21:13,approved,0
1828,92,62,2262.34,USD,2025-02-21T20:14:16,approved,0
1829,416,95,2130.94,USD,2022-09-15T16:23:19,approved,0
1830,3,103,1634.02,QAR,2022-01-16T17:58:36,declined,0
1831,370,108,25.9,USD,2023-04-04T17:55:45,approved,0
1832,407,61,1408.49,QAR,2022-08-26T03:56:48,approved,0
1833,66,89,2198.0,EUR,2024-03-09T06:00:49,approved,1
1834,465,11,440.99,USD,2022-10-17T22:54:17,approved,0
1835,149,63,651.39,EUR,2022-04-17T11:47:42,approved,0
1836,340,58,2956.4,USD,2025-06-21T22:57:27,declined,0
1837,299,81,1425.26,USD,2025-12-24T19:27:22,approved,0
1838,234,53,889.39,EUR,2025-10-27T12:33:54,approved,0
1839,137,3,54.36,GBP,2022-11-08T05:59:52,approved,0
1840,346,49,2047.09,USD,2024-07-28T19:12:44,approved,0
1841,297,10,2281.2,USD,2025-07-01T22:00:29,approved,0
1842,245,86,731.25,USD,2022-08-22T10:31:50,approved,0
1843,465,43,113.35,GBP,2022-03-31T02:25:45,approved,0
1844,5,4,1512.75,USD,2023-12-16T17:36:45,approved,0
1845,240,117,1010.12,USD,2025-02-13T06:14:20,approved,0
1846,106,46,1477.01,USD,2023-01-18T03:18:36,approved,0
1847,419,33,1154.44,AED,2025-12-26T16:59:26,reversed,0
1848,146,87,2495.6,QAR,2022-02-16T06:05:31,approved,0
1849,209,55,1095.87,GBP,2022-10-18T09:25:34,approved,0
1850,304,116,501.01,GBP,2025-10-03T04:18:00,approved,0
1851,451,95,2026.55,USD,2025-01-23T12:42:03,approved,0
1852,194,102,54.37,USD,2022-02-19T17:49:21,approved,0
1853,254,113,345.4,AED,2023-02-20T23:03:56,approved,0
1854,121,41,2696.0,QAR,2023-03-21T12:38:45,approved,0
1855,416,2,270.05,USD,2022-03-19T18:03:33,approved,0
1856,34,71,1331.22,USD,2022-01-08T09:54:52,approved,0
1857,270,83,2947.23,USD,2025-12-02T08:04:21,approved,0
1858,388,24,1875.73,USD,2023-04-17T01:59:16,approved,0
1859,214,55,267.38,GBP,2024-03-17T05:34:58,approved,0
1860,416,11,422.71,USD,2025-07-24T13:33:04,approved,0
1861,390,74,910.69,USD,2025-11-29T08:49:29,approved,0
1862,467,92,662.42,AED,2022-06-30T01:22:43,approved,0
1863,400,95,735.03,QAR,2024-06-05T15:59:12,approved,0
1864,149,18,285.8,EUR,2022-09-13T23:19:08,approved,0
1865,243,53,2200.87,USD,2022-02-28T23:06:25,approved,0
1866,354,111,296.68,USD,2024-03-26T04:42:33,approved,0
1867,210,119,710.09,USD,2025-09-23T21:22:01,approved,0
1868,451,100,2347.39,USD,2024-04-02T05:37:10,approved,0
1869,228,66,2492.75,USD,2025-03-13T22:44:12,approved,0
1870,487,51,2968.55,USD,2023-01-19T17:58:41,approved,0
1871,276,78,4.03,USD,2025-04-10T07:51:20,approved,0
1872,166,44,1868.22,USD,2022-11-08T13:20:38,approved,0
1873,13,71,2516.14,QAR,2024-01-27T23:34:01,approved,0
1874,471,91,2823.69,USD,2024-06-21T03:57:49,approved,0
1875,299,25,1715.83,AED,2022-10-12T18:55:22,approved,0
1876,48,69,1599.56,USD,2022-08-22T09:33:27,approved,0
1877,185,100,132.67,GBP,2023-01-12T08:17:38,approved,0
1878,486,58,1684.41,QAR,2023-12-17T20:29:03,approved,0
1879,397,19,1769.77,USD,2022-07-28T23:56:09,approved,1
1880,330,65,1175.49,EUR,2024-10-07T08:10:36,approved,1
1881,339,83,1802.98,USD,2023-01-07T05:14:54,approved,0
1882,421,16,1902.7,USD,2022-12-11T01:00:50,declined,0
1883,11,18,2437.53,GBP,2024-02-28T20:45:27,approved,0
1884,294,58,1091.71,USD,2025-07-24T09:01:44,approved,0
1885,401,89,277.88,EUR,2023-07-22T09:25:42,reversed,0
1886,209,87,2331.36,USD,2022-04-12T23:24:34,declined,0
1887,186,83,913.18,QAR,2023-03-25T08:21:46,approved,0
1888,220,115,1647.82,USD,2024-05-07T11:59:55,approved,0
1889,447,35,1521.02,GBP,2025-02-24T23:54:14,approved,0
1890,336,71,2834.21,EUR,2024-05-02T15:13:27,reversed,0
1891,266,41,722.53,USD,2025-09-19T14:30:23,approved,1
1892,261,116,1827.63,USD,2025-08-25T13:49:51,approved,0
1893,425,84,756.96,USD,2024-05-31T19:44:21,approved,0
1894,13,98,2172.73,USD,2022-05-03T11:46:02,approved,0
1895,206,60,497.22,QAR,2022-04-15T14:12:17,approved,0
1896,309,98,590.06,USD,2024-08-15T14:14:58,approved,0
1897,433,76,945.57,EUR,2023-12-09T21:40:43,approved,0
1898,15,9,1266.29,USD,2023-12-21T03:22:02,approved,0
1899,326,1,901.09,USD,2025-09-09T05:35:06,approved,0
1900,453,9,419.53,USD,2023-06-27T21:43:43,approved,0
1901,385,63,1862.08,QAR,2023-11-09T06:05:51,approved,0
1902,58,19,718.52,USD,2022-03-01T08:55:10,approved,0
1903,236,105,794.05,EUR,2025-10-15T12:57:11,approved,0
1904,355,7,1571.67,USD,2024-12-18T06:35:45,approved,0
1905,176,11,780.11,GBP,2022-03-25T19:52:58,approved,0
1906,166,13,237.02,EUR,2023-09-16T11:53:22,approved,0
1907,353,59,2096.22,QAR,2024-05-05T04:30:11,approved,0
1908,234,26,743.86,USD,2022-07-15T04:54:05,approved,0
1909,192,55,2157.99,GBP,2022-12-08T13:16:56,approved,0
1910,15,66,774.1,USD,2025-09-03T14:25:10,approved,0
1911,31,55,1713.92,USD,2024-06-02T07:01:50,approved,0
1912,307,44,2849.56,USD,2024-10-08T01:19:21,approved,0
1913,316,106,1771.34,USD,2022-09-14T21:45:46,approved,0
1914,412,13,2843.03,AED,2023-03-17T08:50:14,approved,0
1915,285,68,2871.89,USD,2023-12-06T02:42:18,approved,0
1916,190,78,2448.1,USD,2024-01-21T01:54:43,approved,0
1917,370,31,322.99,USD,2024-08-23T11:49:23,approved,0
1918,311,79,193.64,GBP,2023-08-23T18:01:47,approved,0
1919,459,11,1564.97,GBP,2025-08-17T09:15:27,declined,0
1920,469,102,255.5,USD,2025-08-30T05:42:37,approved,0
1921,329,14,963.44,USD,2025-10-31T18:07:43,declined,0
1922,200,116,2347.21,USD,2022-05-12T14:13:54,approved,0
1923,219,19,2056.55,USD,2022-04-20T23:32:31,approved,0
1924,81,13,1781.92,USD,2025-03-07T02:50:20,approved,0
1925,223,100,1453.17,GBP,2024-01-06T04:36:32,approved,0
1926,227,83,877.47,QAR,2025-06-21T23:05:23,approved,0
1927,141,41,155.25,QAR,2022-12-30T00:08:49,approved,0
1928,267,32,1682.26,EUR,2022-03-12T06:47:19,approved,0
1929,88,77,949.99,USD,2024-03-23T01:15:41,approved,0
1930,310,100,2157.04,USD,2024-04-15T21:44:29,approved,0
1931,36,69,2133.53,USD,2024-05-18T17:32:06,approved,0
1932,426,71,1995.76,USD,2022-05-27T01:55:48,approved,0
1933,144,49,182.2,USD,2022-11-24T04:00:06,approved,0
1934,87,47,2388.69,USD,2025-01-31T23:12:43,approved,0
1935,345,50,1569.87,GBP,2025-07-28T13:14:26,approved,0
1936,290,87,2003.36,USD,2025-12-07T15:15:47,approved,1
1937,384,66,1778.35,USD,2024-09-22T13:30:11,approved,1
1938,67,11,772.42,GBP,2022-04-14T15:58:00,approved,0
1939,138,72,1096.82,GBP,2025-09-01T21:34:53,approved,0
1940,111,59,21.25,USD,2022-08-14T18:48:05,approved,0
1941,156,47,780.11,USD,2025-05-25T15:09:39,approved,0
1942,422,15,1800.92,USD,2024-10-17T02:15:28,approved,0
1943,60,89,2266.24,USD,2024-04-30T04:54:27,approved,0
1944,55,18,2227.07,GBP,2024-02-21T14:34:14,declined,0
1945,254,27,1377.38,USD,2024-12-10T15:47:18,approved,0
1946,374,18,653.81,EUR,2023-08-15T21:24:04,approved,0
1947,454,49,529.37,USD,2023-03-24T00:18:43,approved,0
1948,214,100,292.09,USD,2025-07-06T21:06:23,approved,0
1949,58,77,1191.55,USD,2024-05-13T06:56:59,approved,0
1950,431,33,1166.12,USD,2025-03-03T12:37:32,declined,0
1951,111,49,1654.52,GBP,2023-04-19T00:01:17,approved,0
1952,309,118,1922.81,USD,2023-04-10T22:53:05,approved,0
1953,93,96,2856.36,GBP,2025-12-18T19:07:42,approved,0
1954,30,50,990.83,USD,2022-05-12T01:58:16,approved,0
1955,352,19,1737.87,USD,2024-07-14T05:08:32,approved,0
1956,266,25,63.23,USD,2024-07-03T22:37:49,reversed,0
1957,28,109,2482.5,USD,2024-07-06T16:39:46,approved,0
1958,336,33,2498.23,USD,2023-08-07T18:39:28,approved,0
1959,83,120,2605.01,USD,2022-09-12T03:17:34,approved,0
1960,214,46,1551.32,USD,2025-06-23T17:42:06,reversed,0
1961,5,56,232.75,USD,2025-11-03T22:20:26,approved,0
1962,209,26,2487.61,USD,2024-08-02T11:53:22,approved,0
1963,444,97,1244.42,USD,2023-09-17T19:26:13,approved,0
1964,37,12,1722.73,QAR,2024-12-12T22:45:37,approved,0
1965,28,51,1592.14,QAR,2025-11-29T01:07:48,approved,0
1966,256,10,1279.2,USD,2023-01-22T21:44:10,approved,0
1967,354,25,1265.93,USD,2023-05-11T02:30:39,approved,0
1968,297,5,2263.43,USD,2025-11-12T19:53:03,approved,0
1969,308,46,2249.71,USD,2023-11-13T16:14:21,approved,0
1970,421,112,704.79,EUR,2025-04-15T17:48:53,approved,0
1971,143,94,655.05,EUR,2022-10-25T10:49:57,approved,0
1972,140,9,2501.21,GBP,2023-01-13T10:35:56,approved,0
1973,432,116,2846.14,USD,2024-10-07T13:57:11,declined,0
1974,361,24,2120.59,USD,2022-03-18T03:44:34,approved,0
1975,134,46,776.11,QAR,2025-02-10T08:20:14,approved,0
1976,398,7,1810.12,USD,2024-08-21T19:25:33,approved,0
1977,491,80,140.33,EUR,2025-11-25T21:19:23,declined,0
1978,238,18,1889.65,QAR,2022-03-07T17:47:39,approved,0
1979,56,59,1451.4,GBP,2023-01-21T10:41:48,declined,0
1980,261,9,201.49,USD,2025-06-27T15:12:59,approved,1
1981,355,18,364.83,EUR,2025-12-18T09:00:45,declined,0
1982,334,22,1939.73,GBP,2023-07-08T03:44:39,approved,0
1983,370,30,2432.65,USD,2025-10-11T07:11:46,approved,0
1984,462,2,284.25,USD,2025-08-21T09:18:17,approved,0
1985,284,112,2559.31,USD,2025-09-30T00:10:44,approved,0
1986,387,48,23.95,EUR,2024-06-18T13:22:44,declined,0
1987,343,95,1545.23,EUR,2023-11-20T13:17:00,approved,0
1988,53,40,1485.99,USD,2025-01-09T19:45:04,declined,0
1989,164,40,2492.79,USD,2023-10-28T02:43:40,approved,0
1990,423,23,1157.86,USD,2022-05-25T00:41:12,approved,0
1991,137,24,2248.55,EUR,2022-12-26T01:40:11,approved,0
1992,196,56,1750.09,QAR,2024-05-17T19:11:49,approved,0
1993,119,69,1152.4,EUR,2022-07-10T02:40:52,approved,0
1994,312,87,50.7,EUR,2023-04-18T09:08:17,approved,0
1995,151,1,1136.88,EUR,2024-11-15T23:12:17,approved,0
1996,154,87,1553.14,EUR,2023-05-03T08:13:30,approved,0
1997,378,68,1144.98,QAR,2023-06-06T23:02:32,approved,0
1998,416,37,528.83,USD,2025-02-25T05:24:39,declined,0
1999,176,3,1350.4,USD,2022-02-14T18:55:22,approved,0
2000,287,82,2710.45,USD,2025-06-26T11:38:17,approved,0
2001,432,81,2597.16,USD,2024-05-24T19:55:27,approved,0
2002,308,13,2518.84,USD,2023-11-04T01:16:29,approved,0
2003,104,1,114.83,EUR,2025-04-20T10:17:08,approved,0
2004,109,120,825.77,USD,2025-06-04T20:25:42,approved,0
2005,221,58,1767.95,EUR,2023-06-13T14:01:26,approved,0
2006,437,110,1928.15,QAR,2024-06-06T18:03:05,approved,0
2007,465,11,244.22,AED,2023-03-17T16:16:50,declined,0
2008,485,58,309.68,USD,2024-01-05T13:27:46,approved,0
2009,40,70,2184.46,USD,2022-02-10T21:06:24,approved,0
2010,289,114,2170.17,USD,2023-08-05T22:13:23,approved,0
2011,223,74,1552.33,USD,2023-07-24T10:48:58,approved,0
2012,210,53,2570.9,EUR,2023-04-15T15:21:19,approved,0
2013,384,116,794.35,USD,2025-02-22T13:04:30,approved,0
2014,86,116,994.74,USD,2023-09-08T01:54:08,approved,0
2015,350,110,723.67,USD,2025-12-16T15:27:47,approved,0
2016,426,39,1543.46,GBP,2025-07-12T13:48:48,approved,0
2017,294,32,2276.71,USD,2025-02-19T01:42:24,approved,0
2018,114,3,2160.83,USD,2022-06-12T04:28:35,approved,0
2019,44,104,1831.95,USD,2023-08-26T20:58:32,approved,0
2020,445,116,2124.92,USD,2024-12-09T12:48:30,approved,0
2021,168,54,441.75,QAR,2024-05-15T06:16:19,approved,0
2022,305,34,1210.09,GBP,2024-02-13T23:47:45,approved,0
2023,37,87,2889.09,USD,2024-01-30T14:43:26,approved,0
2024,381,116,145.36,QAR,2022-09-12T14:19:17,approved,0
2025,454,55,520.83,USD,2022-10-06T12:15:25,approved,0
2026,22,66,1843.53,QAR,2025-05-24T15:52:31,approved,0
2027,396,110,1124.25,USD,2023-08-11T20:15:18,approved,0
2028,71,76,1063.72,USD,2024-07-30T08:56:52,approved,0
2029,402,31,1429.64,USD,2025-02-15T15:18:01,approved,0
2030,491,111,1441.1,USD,2022-06-14T09:38:28,approved,0
2031,39,41,2263.63,GBP,2025-08-27T06:03:39,approved,0
2032,330,92,141.44,QAR,2022-03-10T13:23:25,approved,0
2033,124,96,872.93,USD,2023-05-16T16:51:21,approved,0
2034,126,44,2861.59,QAR,2025-10-18T04:26:27,reversed,0
2035,469,118,2013.98,USD,2022-03-17T08:29:01,approved,0
2036,41,9,181.67,USD,2023-09-23T18:48:42,approved,0
2037,41,77,2068.93,EUR,2025-03-08T18:47:25,approved,0
2038,45,71,307.2,QAR,2024-10-25T06:47:28,approved,0
2039,219,10,937.25,USD,2024-07-07T13:59:05,approved,0
2040,210,66,1461.61,USD,2024-08-03T23:37:26,approved,0
2041,401,107,1151.43,QAR,2025-12-21T19:01:47,approved,0
2042,207,44,2933.9,EUR,2022-02-04T16:41:39,approved,0
2043,360,30,2075.58,USD,2023-01-05T18:45:11,approved,0
2044,438,3,948.01,QAR,2025-10-25T07:39:34,approved,0
2045,35,33,166.28,USD,2022-06-30T17:24:24,approved,0
2046,231,112,732.42,EUR,2022-07-04T08:29:46,approved,0
2047,134,59,899.1,USD,2022-09-20T00:12:20,approved,0
2048,9,120,2691.78,QAR,2022-12-07T23:14:50,approved,0
2049,430,46,2976.35,USD,2025-10-28T22:48:55,approved,0
2050,444,111,1491.71,USD,2023-02-22T02:13:58,approved,0
2051,97,2,425.78,USD,2023-02-05T08:57:26,approved,0
2052,41,45,631.69,EUR,2024-12-15T17:23:40,approved,0
2053,282,78,984.95,QAR,2025-06-23T01:51:36,approved,0
2054,347,102,2920.45,QAR,2025-02-08T12:21:23,approved,0
2055,499,111,333.59,USD,2025-06-25T05:13:34,approved,0
2056,301,29,934.52,GBP,2025-03-17T02:35:57,approved,0
2057,29,26,2881.63,USD,2023-06-13T12:12:16,approved,0
2058,419,23,936.65,USD,2025-11-12T19:56:23,approved,0
2059,124,98,2541.28,QAR,2022-07-28T05:04:32,approved,0
2060,99,38,273.85,USD,2024-04-02T02:12:15,approved,0
2061,183,47,588.94,USD,2022-05-09T10:14:02,approved,0
2062,152,2,1350.44,USD,2025-10-07T22:06:57,approved,0
2063,380,53,1082.97,USD,2025-09-21T10:20:29,approved,0
2064,222,31,2248.44,USD,2023-09-14T03:50:35,approved,0
2065,303,13,425.79,QAR,2025-05-09T08:21:09,approved,0
2066,43,120,1855.13,GBP,2022-07-30T00:26:06,declined,0
2067,329,49,2070.69,USD,2022-05-01T22:46:33,approved,0
2068,129,18,2400.59,USD,2025-01-01T04:26:52,approved,0
2069,352,11,1899.19,USD,2025-07-30T12:10:41,approved,0
2070,292,100,1145.61,USD,2024-12-19T06:40:17,approved,0
2071,363,12,2237.77,USD,2025-03-10T07:08:42,approved,0
2072,480,82,1056.38,USD,2022-09-29T17:40:29,approved,0
2073,75,4,141.79,EUR,2024-08-06T08:35:21,approved,0
2074,131,104,575.74,USD,2022-09-08T04:39:22,approved,0
2075,462,92,2434.58,USD,2024-11-14T20:01:45,declined,0
2076,486,67,1199.5,QAR,2022-03-31T09:35:01,approved,0
2077,94,34,40.36,GBP,2023-09-08T15:16:28,declined,0
2078,311,44,126.89,EUR,2023-06-11T02:40:32,reversed,0
2079,170,56,1177.64,EUR,2023-02-23T01:06:57,approved,0
2080,182,56,2416.17,USD,2025-02-18T15:33:32,declined,0
2081,451,49,1044.09,EUR,2025-06-10T19:53:15,approved,0
2082,491,7,1251.24,USD,2022-10-10T18:01:56,approved,0
2083,373,112,582.2,USD,2023-07-27T15:53:37,approved,0
2084,463,113,240.77,EUR,2022-02-01T06:32:01,approved,0
2085,370,94,770.54,AED,2025-04-16T10:46:15,approved,0
2086,292,38,925.5,EUR,2022-09-07T08:29:51,approved,0
2087,186,30,924.26,USD,2023-05-06T18:22:56,approved,0
2088,243,28,1919.53,QAR,2023-11-10T23:14:08,approved,0
2089,5,104,1670.67,QAR,2024-11-24T12:52:40,approved,0
2090,428,103,996.52,EUR,2022-11-02T18:57:10,approved,0
2091,340,69,1991.32,QAR,2022-11-22T16:57:10,approved,0
2092,390,98,334.13,USD,2023-05-18T11:13:02,approved,0
2093,176,55,1606.46,USD,2024-05-15T15:58:26,approved,0
2094,313,52,837.07,QAR,2023-03-25T15:17:46,approved,0
2095,295,61,1005.5,USD,2024-01-02T20:12:05,declined,0
2096,177,88,2362.3,USD,2025-07-11T05:59:32,approved,0
2097,276,91,1373.15,USD,2025-11-05T02:45:40,approved,0
2098,351,114,2948.32,USD,2024-06-27T10:48:07,approved,0
2099,405,79,1857.22,USD,2023-11-17T07:17:39,approved,0
2100,37,99,1075.85,EUR,2023-09-29T03:39:25,approved,0
2101,122,120,2168.43,QAR,2022-04-13T18:13:22,approved,0
2102,32,107,332.55,GBP,2022-03-19T02:48:47,approved,0
2103,328,20,519.31,USD,2022-09-16T16:17:48,approved,0
2104,157,99,1989.13,USD,2024-02-21T13:35:03,approved,0
2105,131,56,1965.41,USD,2022-06-19T20:55:32,reversed,0
2106,407,27,591.21,USD,2022-01-11T02:53:54,approved,0
2107,383,31,1125.43,QAR,2024-03-28T12:47:31,approved,0
2108,134,35,1251.65,USD,2023-05-17T18:09:57,approved,0
2109,224,63,2567.66,QAR,2024-04-05T20:44:08,approved,0
2110,171,96,620.22,QAR,2023-09-05T19:36:04,approved,0
2111,364,68,2463.39,USD,2024-06-29T23:40:59,approved,0
2112,187,95,129.64,AED,2024-01-02T10:46:56,approved,0
2113,337,28,1672.13,QAR,2025-10-11T15:29:21,approved,0
2114,46,118,477.83,USD,2023-06-17T06:38:23,approved,0
2115,137,37,2245.67,USD,2025-02-23T19:49:53,approved,0
2116,176,11,1999.58,QAR,2025-11-28T18:06:38,approved,0
2117,192,48,207.43,EUR,2025-11-10T08:19:06,approved,0
2118,85,44,619.61,USD,2023-07-19T19:34:11,approved,0
2119,126,67,2342.31,USD,2025-03-14T15:17:28,approved,0
2120,400,41,1747.88,USD,2022-02-08T11:20:19,approved,0
2121,407,91,632.32,QAR,2023-04-01T13:34:30,approved,0
2122,441,53,2402.51,USD,2022-10-16T23:00:53,approved,0
2123,440,115,163.2,USD,2025-11-22T07:19:55,approved,0
2124,304,60,1400.93,AED,2025-09-21T01:07:07,declined,0
2125,237,59,2576.71,GBP,2025-06-12T08:15:42,approved,0
2126,135,89,1610.61,USD,2023-12-23T11:29:32,approved,0
2127,115,44,812.55,AED,2025-07-22T15:19:06,approved,0
2128,333,48,1403.84,EUR,2023-10-06T04:15:55,approved,0
2129,191,45,1658.96,QAR,2025-10-12T23:37:50,reversed,0
2130,383,77,905.63,USD,2024-10-24T03:41:26,approved,0
2131,460,117,1593.65,QAR,2025-07-10T20:07:49,approved,0
2132,110,95,2208.71,GBP,2025-07-30T09:28:00,approved,0
2133,129,52,2420.98,AED,2024-06-29T20:45:06,approved,0
2134,343,76,1468.44,QAR,2025-11-21T07:18:07,approved,0
2135,293,44,2984.09,USD,2023-03-20T15:18:23,approved,0
2136,63,60,78.14,EUR,2024-03-06T03:01:04,approved,0
2137,16,85,2539.46,GBP,2024-06-16T23:02:24,approved,0
2138,139,74,102.26,USD,2025-12-06T19:11:33,approved,0
2139,204,116,2111.5,USD,2024-01-18T18:51:49,approved,0
2140,406,119,1756.96,USD,2025-10-18T07:22:12,approved,0
2141,123,48,2637.82,GBP,2025-12-11T16:38:26,approved,0
2142,66,18,1602.87,USD,2022-06-24T06:14:51,approved,0
2143,100,79,23.89,USD,2022-04-07T19:29:58,approved,0
2144,326,40,2926.79,USD,2024-04-09T21:59:14,approved,0
2145,373,73,1243.31,GBP,2022-05-09T22:17:33,reversed,0
2146,394,110,2920.23,EUR,2025-09-22T01:58:29,approved,0
2147,187,100,1887.41,QAR,2025-02-22T04:24:52,approved,0
2148,436,44,546.06,AED,2024-04-30T07:57:46,approved,0
2149,136,91,2335.65,USD,2024-11-03T16:24:27,declined,0
2150,415,17,2017.31,AED,2022-12-07T02:16:40,approved,0
2151,82,104,1134.08,QAR,2025-04-14T15:50:41,approved,0
2152,76,108,1000.77,EUR,2023-09-19T12:48:48,approved,0
2153,323,81,820.0,QAR,2025-12-04T06:11:23,approved,0
2154,147,119,231.08,USD,2025-11-09T17:42:54,approved,0
2155,44,28,1147.38,USD,2024-11-12T00:43:21,approved,0
2156,423,83,1931.12,USD,2025-04-29T06:28:53,declined,0
2157,155,100,300.95,GBP,2023-07-27T15:05:16,approved,0
2158,15,10,784.58,USD,2023-02-11T07:20:17,reversed,0
2159,57,24,1329.86,USD,2024-03-08T00:12:00,approved,0
2160,203,118,874.66,QAR,2022-04-05T23:36:00,reversed,0
2161,248,56,327.01,USD,2024-08-10T12:09:47,approved,1
2162,216,84,1449.38,QAR,2025-07-27T13:11:06,approved,0
2163,280,68,2536.98,USD,2022-04-12T21:19:06,approved,0
2164,114,6,680.11,QAR,2022-11-28T12:54:19,approved,0
2165,132,79,1289.34,USD,2025-04-20T19:05:25,approved,0
2166,351,97,693.61,EUR,2024-03-03T08:50:51,approved,0
2167,369,91,2252.57,EUR,2023-04-15T09:08:21,approved,0
2168,362,77,1352.98,USD,2025-02-05T02:47:55,approved,0
2169,97,51,2980.42,USD,2024-03-12T14:00:29,approved,0
2170,171,119,741.32,EUR,2025-07-29T12:46:08,approved,0
2171,88,52,2388.08,USD,2022-08-20T13:36:47,declined,1
2172,363,66,1367.58,GBP,2024-11-19T00:09:55,approved,0
2173,102,99,2980.98,USD,2024-10-28T09:12:43,approved,0
2174,3,53,1087.54,USD,2023-10-31T02:30:19,approved,0
2175,294,28,2314.92,GBP,2022-09-08T00:56:10,approved,0
2176,465,104,2295.94,USD,2025-01-17T07:12:05,approved,0
2177,488,82,1749.55,USD,2025-03-30T00:59:14,approved,0
2178,309,59,301.7,QAR,2022-06-16T15:44:01,approved,0
2179,257,58,2722.85,QAR,2023-09-14T02:08:16,declined,0
2180,3,43,281.48,USD,2025-01-12T07:48:40,approved,0
2181,107,31,1345.76,EUR,2022-08-25T17:29:48,approved,0
2182,444,86,1307.88,USD,2024-03-05T08:14:19,approved,0
2183,432,92,2793.8,GBP,2024-07-20T21:40:42,approved,0
2184,328,98,1418.31,USD,2023-04-12T07:11:16,approved,0
2185,425,93,2176.43,USD,2024-10-20T08:55:21,approved,1
2186,278,36,2690.92,QAR,2025-04-16T09:44:55,reversed,0
2187,112,108,352.97,USD,2023-12-07T12:01:54,approved,0
2188,248,7,1366.13,GBP,2025-04-10T11:52:37,approved,0
2189,245,53,2496.2,USD,2022-04-15T15:36:30,approved,0
2190,186,38,2021.49,USD,2023-12-01T14:09:32,approved,0
2191,86,50,2050.0,USD,2024-11-04T10:17:43,approved,0
2192,6,78,1523.4,AED,2024-02-18T16:54:22,approved,1
2193,223,49,2171.25,GBP,2023-01-08T20:45:55,approved,0
2194,68,120,1230.48,USD,2022-03-11T19:49:55,approved,0
2195,234,57,1789.24,USD,2025-09-01T06:36:36,declined,0
2196,193,29,1492.01,EUR,2024-06-28T02:42:50,approved,0
2197,389,31,2965.09,USD,2025-02-08T19:26:11,approved,0
2198,209,70,2900.57,EUR,2022-12-10T09:12:10,approved,0
2199,398,31,157.55,USD,2025-06-17T18:59:14,approved,0
2200,404,52,2443.56,QAR,2024-02-13T18:16:45,approved,0
2201,205,79,1032.68,USD,2023-11-30T14:34:56,approved,0
2202,307,40,272.85,USD,2023-05-12T15:45:53,approved,0
2203,442,34,762.92,QAR,2025-02-12T10:18:34,approved,0
2204,126,14,351.11,EUR,2024-12-01T00:16:10,approved,0
2205,464,19,1589.16,USD,2023-05-23T14:26:48,reversed,0
2206,187,43,2402.54,USD,2024-05-18T17:33:40,reversed,0
2207,15,87,542.92,USD,2025-04-23T04:10:07,approved,0
2208,247,5,2706.09,USD,2023-10-30T17:25:26,declined,0
2209,398,74,1986.18,USD,2024-08-24T18:33:49,approved,0
2210,266,64,610.54,GBP,2022-06-06T08:51:10,approved,0
2211,409,53,522.7,QAR,2024-08-28T21:36:25,approved,0
2212,5,31,585.7,USD,2025-02-14T16:00:30,approved,0
2213,360,6,538.03,USD,2023-11-25T21:05:09,declined,0
2214,82,94,2110.52,GBP,2022-06-18T23:56:31,approved,0
2215,140,9,1196.25,USD,2025-06-22T04:42:55,approved,0
2216,455,35,1218.56,USD,2024-08-13T10:41:47,approved,0
2217,88,52,2043.48,EUR,2023-06-02T08:10:52,approved,0
2218,204,8,1444.88,QAR,2023-12-01T09:47:34,declined,0
2219,104,2,1719.45,USD,2024-10-07T04:57:15,approved,0
2220,274,91,1933.5,USD,2022-06-30T08:21:28,reversed,0
2221,69,52,1457.31,USD,2025-09-21T17:21:32,approved,0
2222,236,1,288.77,USD,2022-08-07T18:27:31,approved,0
2223,248,86,398.44,EUR,2023-12-19T02:36:08,approved,0
2224,80,71,2172.02,USD,2023-05-03T07:45:09,reversed,0
2225,2,107,807.42,EUR,2023-02-09T15:37:21,approved,0
2226,53,44,1607.51,QAR,2024-02-01T10:51:07,approved,0
2227,411,78,1938.48,USD,2025-05-16T05:01:57,approved,0
2228,480,59,909.51,QAR,2023-09-27T05:19:35,approved,0
2229,299,53,477.04,USD,2025-05-16T02:33:59,approved,0
2230,92,39,1960.1,AED,2024-08-20T23:28:15,approved,0
2231,363,102,1384.34,USD,2023-06-13T09:12:40,approved,0
2232,176,111,914.29,QAR,2024-11-28T15:10:38,reversed,0
2233,244,15,1014.0,USD,2025-12-27T09:14:57,approved,0
2234,23,107,471.76,QAR,2022-04-07T07:17:59,approved,1
2235,152,17,880.45,EUR,2024-05-07T01:40:01,approved,0
2236,5,77,199.31,EUR,2024-09-16T07:30:26,approved,0
2237,208,49,2084.18,AED,2022-10-11T04:23:16,approved,0
2238,114,53,2346.11,USD,2025-05-04T02:45:17,declined,0
2239,31,117,302.57,USD,2024-08-13T07:06:45,approved,0
2240,420,24,1189.21,QAR,2023-06-14T15:55:21,approved,0
2241,7,113,36.55,USD,2023-06-29T04:58:39,approved,0
2242,169,79,1583.41,GBP,2024-07-07T09:10:10,approved,0
2243,428,102,2888.56,EUR,2023-10-24T19:26:43,approved,0
2244,404,62,2392.16,USD,2023-12-24T07:55:38,approved,0
2245,221,99,2738.5,GBP,2024-08-10T23:49:15,approved,1
2246,369,26,431.46,EUR,2025-03-22T01:45:40,approved,0
2247,233,53,204.53,QAR,2023-10-01T09:09:28,approved,0
2248,378,91,976.01,USD,2022-04-18T22:58:18,approved,0
2249,206,80,1479.14,USD,2025-12-15T23:03:47,approved,0
2250,416,111,804.38,EUR,2025-06-27T06:19:14,approved,0
2251,10,36,959.76,USD,2025-10-07T18:55:11,approved,0
2252,90,66,1407.49,EUR,2023-11-16T14:12:15,approved,0
2253,51,115,665.5,USD,2024-09-12T07:17:21,approved,0
2254,348,27,153.32,AED,2024-05-16T09:06:54,approved,0
2255,244,120,761.99,EUR,2025-01-08T11:12:45,approved,0
2256,124,30,1041.83,USD,2022-05-29T12:03:08,approved,0
2257,50,105,86.96,GBP,2024-01-19T11:20:34,approved,0
2258,301,35,1902.88,EUR,2023-07-14T04:09:57,approved,0
2259,154,44,1181.02,USD,2025-04-30T19:10:23,approved,0
2260,68,42,699.25,QAR,2022-03-14T15:49:33,approved,0
2261,128,106,2931.81,AED,2023-12-09T00:22:45,approved,0
2262,159,79,2883.07,QAR,2022-05-21T19:45:55,approved,0
2263,255,110,2269.84,USD,2022-09-06T12:27:51,approved,0
2264,324,84,396.12,USD,2023-05-19T00:53:50,approved,0
2265,69,109,2556.52,EUR,2025-01-03T21:23:57,declined,0
2266,162,17,29.76,GBP,2024-07-27T13:04:20,approved,0
2267,161,78,1688.01,USD,2024-01-05T21:41:26,approved,0
2268,40,40,571.16,USD,2024-05-15T00:58:59,approved,0
2269,304,5,329.69,USD,2023-08-06T13:46:06,approved,0
2270,308,20,1457.81,USD,2024-10-22T17:06:34,approved,0
2271,410,115,1173.44,USD,2023-05-13T17:33:07,approved,0
2272,363,69,2202.11,USD,2025-11-03T11:59:26,declined,0
2273,180,81,107.48,EUR,2023-11-16T12:48:35,approved,0
2274,246,23,1572.97,USD,2022-11-16T22:31:10,approved,0
2275,284,15,2020.34,QAR,2023-08-18T14:09:40,approved,0
2276,216,37,55.19,USD,2025-12-29T00:34:14,approved,0
2277,228,114,1562.25,EUR,2025-07-11T18:23:06,approved,0
2278,146,78,1646.78,USD,2022-06-12T08:24:30,approved,0
2279,223,49,1581.51,GBP,2024-07-09T11:04:55,approved,0
2280,458,13,253.84,USD,2024-06-01T01:22:42,approved,0
2281,206,27,2990.74,USD,2022-07-03T16:03:58,approved,0
2282,302,120,441.36,GBP,2022-10-03T11:33:53,reversed,0
2283,389,102,643.36,GBP,2025-12-11T15:30:50,approved,0
2284,51,49,1486.4,EUR,2022-08-10T18:50:10,approved,0
2285,145,71,1442.5,USD,2022-07-31T04:16:42,approved,0
2286,490,105,871.64,USD,2025-09-09T01:21:18,approved,0
2287,382,93,111.36,EUR,2025-02-01T06:36:54,approved,0
2288,122,67,1530.99,USD,2024-02-13T03:25:13,approved,0
2289,396,37,747.69,USD,2025-10-06T01:01:01,approved,0
2290,161,21,1846.03,EUR,2023-04-08T00:31:44,reversed,0
2291,225,73,1700.05,EUR,2023-10-06T08:26:48,approved,0
2292,255,89,585.56,USD,2025-05-25T12:10:09,approved,0
2293,168,81,1213.85,USD,2022-09-18T07:02:08,approved,0
2294,20,48,1147.96,USD,2022-07-29T05:23:05,approved,0
2295,378,6,2478.55,USD,2024-11-23T20:10:49,approved,0
2296,7,44,210.21,USD,2022-03-30T22:34:51,approved,0
2297,297,17,1464.41,EUR,2023-07-19T15:40:39,approved,0
2298,410,25,1250.02,USD,2024-08-28T12:39:20,approved,0
2299,439,110,846.98,USD,2022-01-31T04:10:51,reversed,0
2300,77,33,1611.0,QAR,2023-01-27T23:04:15,approved,0
2301,40,39,1102.24,USD,2022-05-31T03:58:34,approved,0
2302,348,49,1894.63,QAR,2023-06-24T03:38:48,approved,0
2303,4,50,257.64,USD,2022-07-09T16:36:53,approved,0
2304,418,75,2413.1,EUR,2023-10-08T12:42:43,approved,0
2305,372,63,1228.8,EUR,2023-03-09T09:04:02,approved,0
2306,48,26,2267.34,USD,2022-08-16T17:40:06,approved,0
2307,176,118,259.6,GBP,2022-11-17T10:40:07,approved,0
2308,2,40,936.83,USD,2024-01-10T13:00:36,approved,0
2309,414,116,1160.4,USD,2025-09-14T16:29:33,approved,1
2310,54,34,2428.35,USD,2024-03-09T08:20:30,approved,0
2311,235,42,1984.85,USD,2023-07-05T01:29:46,approved,0
2312,440,120,1350.3,USD,2025-07-08T18:39:58,reversed,0
2313,310,30,742.3,USD,2023-04-14T12:47:39,approved,0
2314,323,52,2890.49,USD,2024-02-29T00:14:10,approved,0
2315,180,30,2821.03,GBP,2025-02-13T01:22:31,declined,0
2316,45,88,2509.87,USD,2024-12-29T19:25:41,approved,0
2317,49,22,967.71,USD,2024-03-06T09:01:03,approved,0
2318,267,52,1392.71,USD,2025-02-23T12:49:40,approved,0
2319,303,35,1527.28,USD,2024-08-15T00:57:41,approved,0
2320,13,7,2764.22,USD,2024-08-17T00:48:04,approved,0
2321,392,111,667.33,USD,2025-03-21T09:38:12,approved,0
2322,479,5,1333.57,USD,2022-06-01T14:06:36,approved,0
2323,27,5,835.54,USD,2022-07-10T08:18:18,approved,0
2324,183,43,2547.93,USD,2023-07-27T07:14:14,approved,0
2325,340,73,2191.77,AED,2023-12-03T11:10:14,approved,0
2326,398,88,81.49,USD,2023-04-25T11:15:58,approved,0
2327,29,40,1852.33,GBP,2025-04-10T05:24:40,approved,0
2328,369,50,2153.46,AED,2025-06-10T15:41:53,approved,0
2329,233,28,2884.66,QAR,2024-05-25T22:58:09,approved,0
2330,371,20,2787.43,USD,2025-02-21T11:54:33,approved,0
2331,339,32,2507.11,USD,2024-09-08T21:51:24,approved,0
2332,134,90,236.57,QAR,2023-05-10T08:36:12,approved,0
2333,247,118,1827.66,USD,2022-03-10T13:00:23,approved,0
2334,245,112,688.53,USD,2025-05-29T04:07:56,approved,0
2335,174,4,1180.82,QAR,2025-02-15T19:12:59,approved,0
2336,202,39,1203.13,QAR,2024-12-31T22:38:28,approved,0
2337,340,81,1938.37,USD,2022-01-11T07:38:45,approved,0
2338,244,90,2520.1,USD,2025-01-12T12:25:47,approved,0
2339,165,17,1813.8,QAR,2022-04-23T10:01:39,declined,0
2340,28,1,145.64,USD,2022-08-16T21:49:47,approved,0
2341,218,10,1247.0,QAR,2024-07-30T06:35:16,approved,0
2342,383,80,1881.14,USD,2022-06-29T07:00:03,approved,0
2343,72,84,2291.82,USD,2023-09-13T21:24:53,approved,0
2344,349,88,2850.44,QAR,2025-02-22T12:30:08,approved,0
2345,38,8,792.56,USD,2022-09-13T15:43:56,declined,0
2346,322,32,1885.13,USD,2024-01-14T10:46:26,approved,0
2347,37,99,2973.96,USD,2022-10-14T00:26:13,approved,0
2348,204,106,863.71,USD,2022-05-10T20:40:40,reversed,0
2349,15,20,570.37,USD,2022-08-27T22:40:27,approved,0
2350,97,41,2739.36,EUR,2022-05-16T13:54:29,approved,1
2351,125,19,677.53,EUR,2022-05-19T22:36:46,approved,0
2352,176,18,2365.61,USD,2025-07-24T12:51:29,declined,0
2353,455,78,722.72,EUR,2025-05-24T19:36:20,approved,0
2354,96,41,556.66,EUR,2023-06-11T08:19:43,approved,0
2355,128,103,2765.54,EUR,2025-12-11T23:34:27,approved,0
2356,453,15,225.01,GBP,2023-04-01T07:02:27,approved,0
2357,267,4,962.78,USD,2022-06-24T10:20:44,approved,0
2358,401,89,169.25,EUR,2024-03-06T22:56:10,approved,0
2359,476,79,158.29,QAR,2025-03-27T03:44:09,approved,0
2360,489,50,2861.24,USD,2022-08-27T13:11:56,approved,0
2361,372,3,650.66,USD,2024-11-07T09:04:34,approved,0
2362,164,45,1974.37,EUR,2024-09-29T14:49:14,approved,0
2363,408,74,588.3,QAR,2024-09-28T18:20:48,approved,0
2364,330,105,439.85,GBP,2023-07-06T21:05:04,approved,0
2365,201,119,1369.24,USD,2024-12-16T13:09:22,approved,0
2366,442,56,314.01,USD,2025-02-11T09:46:54,approved,0
2367,408,2,1630.04,USD,2023-05-26T01:47:32,approved,0
2368,86,81,759.73,EUR,2022-10-13T16:29:14,reversed,0
2369,88,103,333.67,QAR,2025-10-30T22:33:33,approved,0
2370,226,30,2149.37,AED,2023-08-19T17:22:09,approved,0
2371,4,9,1852.31,QAR,2025-02-01T09:08:34,approved,0
2372,36,56,2046.27,USD,2025-06-09T22:27:48,declined,0
2373,168,9,472.72,GBP,2023-11-02T11:21:05,approved,1
2374,490,47,2655.24,USD,2022-08-24T19:19:44,approved,0
2375,66,17,1288.96,USD,2025-11-14T01:00:13,approved,0
2376,69,17,723.4,USD,2025-09-01T16:14:00,approved,0
2377,140,88,428.75,QAR,2023-07-17T06:29:21,approved,0
2378,223,99,1720.24,QAR,2025-02-21T00:55:38,approved,0
2379,203,29,373.66,QAR,2024-05-23T19:24:53,approved,0
2380,157,2,747.69,QAR,2023-06-05T11:17:58,approved,0
2381,200,13,1308.81,USD,2024-08-08T00:01:43,approved,0
2382,377,43,1657.85,USD,2025-09-05T03:31:26,approved,0
2383,212,107,2080.51,USD,2025-04-15T04:18:06,approved,1
2384,419,3,1963.28,AED,2024-04-15T19:36:45,approved,0
2385,396,25,368.26,QAR,2025-12-21T10:23:10,approved,0
2386,69,85,2379.96,EUR,2022-04-09T10:32:53,approved,0
2387,332,57,1908.61,USD,2023-07-10T23:03:44,approved,0
2388,208,23,2815.38,GBP,2025-10-17T06:38:23,approved,0
2389,60,118,990.18,USD,2023-10-27T10:32:43,approved,0
2390,229,91,1630.81,USD,2024-04-03T01:14:05,reversed,0
2391,301,3,2908.17,USD,2024-01-05T17:57:51,approved,0
2392,304,61,354.96,USD,2022-05-19T09:52:57,approved,0
2393,458,29,1105.19,GBP,2025-11-18T09:42:46,approved,0
2394,24,42,2209.88,USD,2024-04-13T14:20:28,approved,0
2395,437,12,322.71,USD,2024-07-08T18:51:35,approved,0
2396,389,43,1404.27,AED,2024-06-24T08:20:49,approved,0
2397,200,1,1649.38,AED,2024-01-01T16:36:29,declined,0
2398,388,14,2634.83,EUR,2022-12-10T05:07:49,approved,0
2399,268,77,2331.0,USD,2024-11-18T06:17:29,approved,0
2400,67,86,1523.75,EUR,2024-11-23T18:39:46,approved,0
2401,472,64,843.73,QAR,2022-08-28T23:15:46,approved,0
2402,328,62,1732.79,QAR,2025-05-02T04:29:06,approved,0
2403,357,51,2805.25,QAR,2023-03-28T06:33:43,approved,0
2404,266,87,1059.59,QAR,2024-11-17T11:46:41,reversed,0
2405,315,66,1190.9,EUR,2025-01-23T08:49:15,reversed,0
2406,357,32,155.35,QAR,2025-03-10T00:41:00,approved,0
2407,146,79,1748.01,EUR,2025-08-31T09:50:17,approved,0
2408,329,85,759.45,GBP,2023-07-22T03:54:02,approved,0
2409,425,22,2231.96,USD,2025-08-04T10:18:41,approved,0
2410,426,46,2980.56,USD,2024-03-11T00:59:51,approved,0
2411,297,84,2758.97,USD,2025-06-05T16:21:40,approved,0
2412,380,7,1387.26,EUR,2025-03-18T13:23:32,approved,0
2413,388,29,2765.95,USD,2024-05-03T21:51:35,approved,0
2414,159,106,655.81,USD,2022-03-21T15:53:44,approved,0
2415,334,86,295.39,EUR,2024-08-12T14:24:06,declined,0
2416,441,25,950.28,USD,2025-07-06T00:31:32,approved,0
2417,81,20,573.86,GBP,2024-10-23T10:18:00,approved,0
2418,298,76,1812.84,USD,2025-02-09T10:43:49,approved,0
2419,45,98,2999.04,USD,2025-10-31T12:20:12,approved,0
2420,356,86,2133.38,QAR,2023-08-07T19:28:09,approved,0
2421,97,18,2905.8,USD,2024-09-14T15:04:18,approved,0
2422,454,5,1756.31,GBP,2023-10-05T11:22:44,approved,0
2423,468,20,112.17,USD,2024-08-21T08:04:12,approved,0
2424,480,120,2379.31,EUR,2024-08-20T12:07:49,approved,0
2425,128,119,1988.69,USD,2025-07-24T04:30:43,approved,0
2426,432,54,976.13,USD,2024-04-09T03:57:09,approved,0
2427,278,84,712.09,GBP,2022-02-24T11:24:18,approved,0
2428,181,32,2014.25,QAR,2024-01-30T11:20:51,declined,0
2429,27,17,2908.64,USD,2023-11-13T13:00:31,approved,0
2430,311,103,2017.15,QAR,2023-03-20T07:41:08,approved,0
2431,99,74,2170.08,USD,2025-10-21T13:02:01,approved,0
2432,423,32,1202.12,USD,2025-09-15T04:27:56,declined,1
2433,485,88,552.92,USD,2024-06-28T11:21:43,approved,0
2434,396,78,113.3,EUR,2024-08-04T00:58:46,approved,0
2435,56,23,117.94,USD,2023-03-04T08:19:39,approved,0
2436,244,115,492.44,USD,2023-01-09T23:04:35,approved,0
2437,387,88,2454.06,EUR,2025-07-24T02:47:38,approved,0
2438,401,84,1828.98,USD,2023-11-22T07:01:30,approved,0
2439,214,6,2597.94,QAR,2022-09-15T04:32:14,approved,0
2440,144,24,1363.18,USD,2023-08-09T19:35:20,approved,0
2441,456,57,2368.28,QAR,2022-10-25T01:25:12,approved,0
2442,266,107,2081.72,GBP,2022-06-12T05:26:36,approved,0
2443,133,54,2111.66,USD,2025-04-02T10:08:47,declined,0
2444,7,109,1704.47,QAR,2022-02-09T20:27:56,approved,0
2445,80,89,1883.63,QAR,2023-12-03T05:23:29,approved,0
2446,356,33,1408.88,USD,2025-01-03T08:00:28,approved,0
2447,311,35,1250.89,USD,2024-07-27T01:27:05,approved,0
2448,257,78,1362.37,QAR,2025-01-22T09:09:25,approved,0
2449,70,66,2390.35,USD,2024-04-01T21:46:04,approved,0
2450,132,16,1313.77,USD,2023-02-06T15:04:41,approved,0
2451,172,50,2186.45,USD,2024-11-21T00:50:12,approved,0
2452,329,52,1135.24,AED,2025-03-28T11:40:04,approved,0
2453,98,115,371.39,USD,2023-06-22T04:35:43,approved,0
2454,345,88,811.63,QAR,2022-02-06T02:36:38,approved,0
2455,349,34,1669.38,USD,2022-01-06T22:07:30,approved,0
2456,371,88,1202.36,QAR,2022-07-30T11:10:02,approved,0
2457,371,8,1414.94,USD,2023-08-07T07:14:27,reversed,0
2458,375,57,1792.11,USD,2022-11-07T20:58:18,approved,0
2459,168,9,276.59,QAR,2025-03-14T00:03:43,approved,0
2460,255,72,2211.25,USD,2022-12-28T00:23:03,approved,0
2461,290,61,492.09,GBP,2025-07-07T07:45:43,approved,0
2462,7,87,518.1,QAR,2024-08-21T11:57:39,approved,0
2463,332,59,2023.97,EUR,2023-11-15T20:14:55,approved,0
2464,444,96,2963.32,GBP,2023-06-06T05:22:09,approved,0
2465,316,98,2226.5,EUR,2022-12-06T01:18:05,approved,0
2466,399,93,635.15,USD,2025-10-24T11:05:57,declined,0
2467,235,120,2343.37,EUR,2023-04-16T14:50:27,approved,0
2468,294,99,2350.54,EUR,2024-02-16T17:07:47,approved,0
2469,470,1,2512.77,USD,2024-10-13T02:51:50,approved,0
2470,24,103,1090.78,USD,2024-03-11T16:32:05,approved,0
2471,18,66,176.82,AED,2023-11-23T16:25:10,approved,0
2472,183,57,767.96,USD,2025-03-02T19:36:35,approved,0
2473,192,98,731.97,USD,2024-06-22T23:37:06,approved,0
2474,355,8,2733.31,USD,2025-11-20T02:34:16,approved,0
2475,262,79,1662.6,AED,2023-10-21T19:14:52,approved,0
2476,424,74,1237.33,USD,2023-03-06T01:52:42,approved,0
2477,334,36,2080.15,QAR,2022-01-18T01:56:09,approved,0
2478,136,20,1039.8,AED,2024-10-11T21:59:08,approved,0
2479,152,70,2479.05,QAR,2024-11-24T15:58:50,approved,0
2480,313,19,2905.22,QAR,2023-08-01T15:43:16,approved,0
2481,229,40,1161.02,USD,2025-04-10T07:59:29,declined,0
2482,281,118,757.71,USD,2023-01-05T02:16:27,approved,0
2483,173,69,144.16,USD,2022-10-23T19:53:57,approved,0
2484,483,108,1284.72,QAR,2024-11-27T20:39:29,approved,0
2485,237,61,993.27,USD,2024-11-16T08:56:28,approved,0
2486,121,36,14.81,QAR,2022-10-06T23:59:37,reversed,0
2487,213,114,2750.98,EUR,2025-05-18T13:11:44,approved,0
2488,33,90,1745.12,USD,2023-05-26T16:38:01,approved,0
2489,431,68,860.46,USD,2025-05-22T07:27:46,approved,0
2490,61,118,2661.49,AED,2024-04-18T17:51:25,approved,0
2491,472,31,2603.7,USD,2024-08-11T00:42:26,approved,0
2492,16,111,949.59,USD,2024-02-15T01:08:45,approved,0
2493,154,31,745.73,USD,2024-06-20T21:11:51,declined,0
2494,385,117,1477.19,USD,2025-07-25T20:10:18,approved,0
2495,181,54,565.78,USD,2022-08-04T04:40:04,approved,0
2496,252,70,2542.61,EUR,2024-09-26T17:48:51,approved,0
2497,40,41,2091.47,USD,2025-06-29T16:21:32,approved,0
2498,222,42,2126.54,USD,2024-12-06T00:10:40,approved,0
2499,91,44,420.25,QAR,2025-09-19T16:45:34,approved,0
2500,467,119,949.66,AED,2023-07-13T12:37:59,approved,0
2501,159,23,1611.5,QAR,2025-11-19T17:18:28,declined,0
2502,23,32,239.57,USD,2025-10-13T05:52:39,approved,0
2503,236,12,2378.42,GBP,2022-12-10T06:47:10,declined,0
2504,222,49,1569.82,AED,2022-09-17T14:59:55,approved,0
2505,70,55,2834.33,GBP,2023-11-24T05:30:09,approved,0
2506,15,93,731.12,USD,2024-09-16T14:35:14,approved,0
2507,41,96,23.74,USD,2025-01-04T07:52:14,approved,0
2508,417,112,2263.67,AED,2025-07-27T22:23:30,approved,0
2509,89,25,2862.21,USD,2024-07-16T15:41:45,approved,0
2510,170,28,1020.29,USD,2025-04-11T15:13:03,declined,0
2511,113,96,1908.81,QAR,2022-12-15T17:22:52,declined,0
2512,467,3,937.89,USD,2023-06-06T01:48:46,reversed,0
2513,173,38,2724.91,USD,2025-12-05T21:14:37,approved,0
2514,235,84,117.96,USD,2024-05-01T15:35:34,approved,0
2515,404,75,1265.13,GBP,2023-08-08T12:55:41,approved,0
2516,431,101,2959.51,USD,2025-05-31T00:19:17,approved,0
2517,136,96,2014.04,USD,2023-04-13T06:11:45,approved,0
2518,494,89,490.78,USD,2023-11-08T11:34:29,declined,0
2519,6,85,2547.35,QAR,2023-05-05T21:39:16,declined,0
2520,304,87,2525.92,AED,2024-05-13T08:02:31,approved,0
2521,305,42,620.57,USD,2022-04-07T07:55:15,approved,1
2522,61,31,2164.58,USD,2022-07-06T12:09:34,approved,0
2523,282,80,161.92,QAR,2025-01-27T02:02:34,approved,0
2524,188,105,656.94,USD,2023-02-09T10:25:29,approved,0
2525,231,63,498.77,GBP,2022-05-26T10:59:24,approved,0
2526,318,48,1389.11,QAR,2025-09-29T09:22:31,approved,0
2527,292,48,2928.84,USD,2023-12-03T10:57:41,approved,0
2528,69,73,2130.8,USD,2022-08-23T09:32:23,approved,0
2529,147,115,224.77,USD,2023-12-08T05:44:20,approved,0
2530,460,47,431.95,QAR,2024-07-17T21:49:33,approved,0
2531,397,98,224.77,EUR,2022-07-17T02:39:40,approved,0
2532,427,117,1124.03,USD,2023-08-29T10:09:03,approved,0
2533,414,86,408.25,EUR,2025-06-29T08:29:12,approved,0
2534,281,19,901.96,USD,2024-01-13T21:54:15,approved,0
2535,403,22,2214.0,USD,2023-08-09T00:47:44,approved,0
2536,396,56,702.19,EUR,2022-02-15T18:16:05,approved,0
2537,422,71,2703.73,USD,2025-09-13T05:22:30,approved,0
2538,32,91,82.68,QAR,2024-09-06T19:58:16,approved,0
2539,336,31,2712.9,USD,2024-04-12T00:05:35,declined,0
2540,495,101,343.33,GBP,2023-04-23T08:51:32,approved,0
2541,104,28,1803.28,EUR,2024-06-04T22:11:57,approved,0
2542,45,24,1481.72,USD,2022-09-21T03:49:07,approved,0
2543,318,12,2648.79,GBP,2024-10-26T02:14:02,approved,0
2544,157,72,105.04,EUR,2025-05-18T01:35:34,approved,0
2545,297,49,2032.93,USD,2024-01-09T05:12:07,approved,0
2546,295,112,1771.09,USD,2022-05-24T21:13:12,approved,0
2547,373,105,2089.18,USD,2022-11-07T07:48:27,declined,0
2548,251,7,2975.12,AED,2025-12-28T22:04:58,approved,1
2549,336,28,2072.96,QAR,2022-07-08T19:07:56,approved,0
2550,149,5,964.54,QAR,2022-08-18T07:46:13,approved,1
2551,455,32,818.75,GBP,2025-04-28T11:27:01,declined,0
2552,458,67,1425.3,USD,2022-04-29T22:31:29,approved,0
2553,184,91,2579.27,USD,2023-04-09T02:52:24,approved,0
2554,202,4,2506.07,EUR,2025-08-08T16:46:04,approved,0
2555,344,96,2929.86,USD,2025-11-14T14:54:01,declined,0
2556,294,79,1138.59,GBP,2022-05-04T13:25:55,approved,1
2557,305,78,844.24,QAR,2024-03-23T12:43:38,approved,0
2558,393,32,656.16,USD,2022-03-01T15:06:47,approved,0
2559,5,101,81.23,USD,2022-05-15T08:41:03,approved,0
2560,94,28,896.14,QAR,2024-04-11T10:56:34,approved,0
2561,452,90,1626.05,USD,2023-01-30T19:56:41,approved,0
2562,308,94,17.6,EUR,2023-01-17T04:33:54,declined,0
2563,430,89,425.84,USD,2023-11-23T23:17:22,approved,0
2564,109,80,2308.35,QAR,2024-05-11T00:13:58,approved,0
2565,399,97,707.15,USD,2025-02-22T06:35:45,approved,0
2566,289,108,1905.45,USD,2023-05-08T17:01:02,approved,0
2567,131,57,1093.55,USD,2024-05-12T08:33:27,approved,0
2568,137,13,1179.9,USD,2022-06-30T04:02:25,approved,0
2569,177,114,507.63,USD,2024-03-29T01:07:16,approved,0
2570,263,14,334.5,GBP,2023-06-03T02:23:28,approved,0
2571,160,92,644.1,USD,2022-05-21T02:26:34,approved,0
2572,198,118,95.08,USD,2024-02-08T02:05:33,approved,0
2573,384,3,2348.52,USD,2025-12-23T20:17:24,reversed,0
2574,90,95,1195.91,AED,2024-02-17T16:48:16,declined,0
2575,498,109,2975.02,USD,2022-07-03T08:51:01,approved,0
2576,347,35,1896.39,USD,2023-11-24T18:22:43,approved,0
2577,5,30,2977.44,QAR,2022-07-09T19:26:41,reversed,0
2578,398,20,2869.47,AED,2024-02-10T18:30:58,approved,0
2579,51,84,2572.01,AED,2024-06-30T23:55:51,approved,0
2580,119,69,1104.22,GBP,2022-04-24T18:20:53,approved,0
2581,405,75,582.65,USD,2025-05-23T18:05:26,approved,0
2582,17,70,342.28,USD,2025-11-20T08:54:57,approved,0
2583,124,36,2449.11,EUR,2025-02-24T08:12:55,approved,0
2584,238,5,48.76,USD,2024-09-24T18:21:45,approved,0
2585,364,16,916.03,USD,2023-12-29T08:18:39,approved,0
2586,169,38,416.29,USD,2025-11-27T15:53:44,approved,0
2587,223,17,1425.0,USD,2022-01-16T00:07:26,reversed,0
2588,455,120,2155.91,USD,2024-07-04T06:17:19,approved,0
2589,146,90,2254.28,EUR,2023-04-25T10:43:07,approved,0
2590,283,30,2470.29,USD,2024-11-19T19:31:45,approved,0
2591,437,6,160.96,USD,2024-08-10T17:06:08,approved,0
2592,326,84,1014.85,USD,2022-06-03T23:47:15,approved,0
2593,399,73,906.6,USD,2025-12-02T09:11:40,approved,0
2594,456,103,737.18,GBP,2022-11-03T17:12:40,approved,0
2595,274,104,1416.67,USD,2024-04-10T21:31:36,reversed,0
2596,107,7,2755.08,USD,2023-10-30T12:17:40,approved,0
2597,50,106,250.2,USD,2022-09-24T23:46:04,approved,0
2598,492,60,2879.44,EUR,2024-12-04T19:17:04,declined,0
2599,250,94,1731.42,USD,2024-05-03T03:04:19,declined,0
2600,196,92,1949.61,AED,2025-04-08T16:15:03,approved,0
2601,410,39,519.04,GBP,2024-09-29T06:46:52,approved,0
2602,280,110,1955.3,USD,2025-12-25T05:15:31,reversed,0
2603,497,38,1679.58,QAR,2024-10-11T14:00:03,approved,0
2604,62,81,442.8,USD,2023-11-16T03:10:05,approved,0
2605,285,107,94.32,AED,2022-12-06T12:30:36,reversed,0
2606,210,86,1218.79,GBP,2022-10-31T17:27:23,declined,0
2607,282,28,2487.18,EUR,2024-01-10T14:04:26,approved,0
2608,343,68,402.52,USD,2022-01-03T00:12:43,reversed,0
2609,426,97,2248.29,QAR,2022-02-13T14:02:51,approved,0
2610,32,68,1895.28,GBP,2024-05-03T22:45:48,approved,0
2611,297,29,494.34,USD,2025-12-17T01:36:56,declined,0
2612,259,35,1782.42,EUR,2025-11-17T13:31:46,approved,0
2613,210,120,2052.98,EUR,2023-12-13T01:54:30,approved,0
2614,138,104,1022.26,USD,2022-09-30T13:30:25,approved,0
2615,396,77,1530.47,USD,2024-07-03T18:17:31,approved,0
2616,440,118,2419.78,USD,2023-11-15T04:48:09,approved,0
2617,92,51,1835.15,AED,2022-04-30T06:08:54,approved,0
2618,463,33,1037.25,AED,2024-01-31T14:14:15,approved,0
2619,389,5,2997.29,USD,2023-06-13T01:46:24,approved,0
2620,264,44,441.62,USD,2024-08-10T12:47:30,approved,0
2621,363,72,601.92,GBP,2025-03-23T18:01:03,approved,0
2622,430,113,631.4,GBP,2024-04-15T19:59:13,approved,0
2623,119,28,2978.74,USD,2024-12-27T11:44:25,approved,0
2624,267,30,1397.13,QAR,2023-03-25T15:43:11,approved,0
2625,107,14,107.96,QAR,2024-08-23T23:44:45,declined,1
2626,355,75,937.96,EUR,2023-05-30T01:13:47,approved,0
2627,98,30,2660.89,USD,2022-09-11T20:40:34,declined,0
2628,274,36,1102.67,EUR,2022-06-18T04:23:41,approved,0
2629,473,2,809.61,USD,2022-07-26T18:33:51,approved,0
2630,386,120,2061.88,USD,2024-05-12T18:42:24,approved,0
2631,335,81,1159.72,USD,2025-12-16T11:19:19,approved,0
2632,50,48,1469.42,EUR,2023-04-01T14:39:42,approved,0
2633,166,27,2140.44,EUR,2024-07-11T06:41:38,approved,0
2634,316,27,790.7,AED,2024-12-13T17:13:40,approved,0
2635,309,59,1841.6,EUR,2025-10-18T21:33:55,approved,0
2636,356,48,70.53,USD,2025-05-01T16:23:48,approved,0
2637,494,45,2394.01,GBP,2025-10-26T21:46:01,approved,1
2638,224,56,2631.1,GBP,2024-12-09T12:40:42,approved,0
2639,235,29,2971.42,USD,2024-08-22T02:55:19,approved,0
2640,273,55,741.35,EUR,2024-01-04T23:39:05,declined,1
2641,271,43,557.23,USD,2024-08-19T12:10:09,approved,0
2642,389,52,727.56,EUR,2023-08-28T06:36:43,reversed,0
2643,310,33,1846.03,QAR,2023-08-15T00:12:35,approved,0
2644,381,37,1245.44,USD,2025-09-18T20:23:12,approved,0
2645,252,28,95.87,USD,2022-07-06T00:42:09,approved,0
2646,482,27,1141.75,USD,2025-10-30T23:10:22,approved,0
2647,237,27,2160.01,QAR,2022-12-15T23:13:18,declined,0
2648,289,28,1795.97,USD,2025-09-29T12:00:51,approved,0
2649,309,2,908.49,USD,2024-03-22T23:46:01,approved,0
2650,440,96,464.45,USD,2024-07-05T17:56:36,approved,0
2651,241,66,1073.5,USD,2023-07-27T02:30:27,approved,0
2652,316,86,71.58,USD,2022-07-18T13:18:58,declined,0
2653,339,47,1916.22,EUR,2022-01-30T09:22:48,approved,0
2654,140,54,1307.12,EUR,2023-09-07T08:58:31,approved,0
2655,496,30,1619.61,GBP,2022-04-27T23:49:50,declined,0
2656,67,65,2830.27,USD,2023-11-11T12:27:22,declined,0
2657,98,57,1627.88,QAR,2024-07-09T14:05:37,approved,0
2658,258,31,2930.04,USD,2023-06-25T11:02:38,approved,0
2659,317,28,1511.09,USD,2023-10-25T01:09:15,approved,0
2660,331,76,2486.44,USD,2024-03-16T19:40:10,approved,0
2661,397,112,698.12,USD,2024-04-10T19:21:11,reversed,0
2662,53,88,1068.3,USD,2023-04-27T16:28:04,approved,0
2663,108,43,2603.61,USD,2023-08-19T12:27:00,declined,0
2664,31,28,1431.86,USD,2023-07-20T14:27:47,declined,0
2665,380,113,247.59,USD,2022-12-30T03:51:21,approved,0
2666,373,74,2448.81,USD,2023-10-04T11:35:50,approved,0
2667,475,90,212.25,EUR,2025-08-01T01:02:50,approved,0
2668,267,78,666.39,USD,2022-09-26T17:26:45,approved,0
2669,52,105,671.83,USD,2022-01-01T00:10:37,approved,0
2670,99,102,1556.94,USD,2022-03-05T02:11:54,approved,0
2671,239,13,2889.4,USD,2024-02-07T17:03:24,approved,0
2672,47,77,887.02,EUR,2025-03-30T03:12:58,approved,0
2673,192,5,2631.51,USD,2025-03-24T03:42:52,approved,0
2674,427,119,1730.01,USD,2022-06-16T16:27:50,approved,0
2675,4,69,36.38,USD,2022-10-30T19:54:13,approved,0
2676,486,109,1676.38,GBP,2024-01-19T00:31:58,declined,0
2677,217,11,462.79,EUR,2023-03-02T04:04:48,approved,0
2678,84,18,128.19,QAR,2023-06-28T01:42:03,declined,0
2679,245,112,2029.31,QAR,2024-08-22T15:23:33,approved,0
2680,367,58,766.15,USD,2024-03-29T03:04:44,declined,0
2681,93,116,1244.71,AED,2022-09-26T23:02:41,approved,0
2682,199,76,2989.93,USD,2022-05-31T13:20:31,approved,0
2683,61,71,1296.0,QAR,2022-05-10T17:05:57,approved,0
2684,443,86,2131.95,GBP,2025-10-23T19:54:38,declined,0
2685,94,42,1072.82,QAR,2024-11-06T15:37:46,declined,0
2686,404,20,665.04,GBP,2025-09-19T10:38:27,approved,0
2687,359,78,2989.34,QAR,2022-02-11T18:45:24,approved,0
2688,208,111,1643.62,AED,2024-01-06T00:22:10,approved,0
2689,26,108,653.02,USD,2024-11-28T03:25:50,approved,0
2690,353,114,1671.28,USD,2023-06-07T23:50:51,approved,0
2691,278,90,227.98,EUR,2022-07-29T08:02:51,approved,0
2692,140,55,1692.64,USD,2025-03-05T11:01:52,approved,0
2693,416,109,2221.13,QAR,2024-10-24T01:26:52,approved,0
2694,135,44,1196.33,EUR,2023-03-28T21:39:40,approved,0
2695,293,84,123.78,USD,2025-05-30T08:05:19,approved,0
2696,9,38,1861.65,USD,2025-08-25T14:58:27,approved,0
2697,346,98,1882.05,USD,2024-04-11T12:38:05,approved,0
2698,100,6,288.99,QAR,2023-08-09T15:08:33,reversed,0
2699,241,38,2017.54,USD,2024-11-28T10:37:58,approved,0
2700,493,88,1163.49,EUR,2024-07-02T12:05:07,approved,0
2701,394,93,1621.35,USD,2023-01-24T09:38:33,approved,0
2702,205,113,1646.08,QAR,2025-10-14T13:30:41,approved,0
2703,194,21,2517.88,GBP,2025-11-01T09:02:10,approved,0
2704,479,64,2855.63,USD,2022-10-30T10:09:17,approved,0
2705,78,44,2483.76,USD,2022-03-11T00:33:20,approved,0
2706,318,40,1801.41,QAR,2024-07-15T05:06:23,declined,0
2707,396,20,26.75,USD,2023-04-12T10:12:49,approved,0
2708,264,35,1115.66,USD,2023-11-06T19:53:39,approved,0
2709,125,20,382.37,GBP,2022-09-11T00:38:05,declined,0
2710,297,35,2749.42,QAR,2023-04-09T23:06:50,approved,0
2711,329,103,227.16,QAR,2025-01-07T15:32:14,approved,0
2712,440,26,2043.38,EUR,2024-09-13T18:48:34,approved,0
2713,24,97,447.47,QAR,2024-05-24T16:09:14,approved,0
2714,482,73,2596.75,QAR,2024-11-24T02:32:06,approved,0
2715,412,88,1701.45,USD,2023-09-29T05:26:22,reversed,0
2716,316,97,2416.99,QAR,2025-10-23T10:23:32,approved,0
2717,398,112,1041.79,USD,2023-03-13T22:19:32,approved,0
2718,101,96,2272.07,USD,2025-07-07T04:20:19,approved,0
2719,328,42,609.39,USD,2024-08-12T16:43:35,approved,0
2720,170,6,2954.74,USD,2024-01-19T07:35:47,approved,0
2721,242,21,23.33,USD,2024-03-23T15:27:24,declined,0
2722,273,17,1621.93,AED,2023-09-05T10:45:44,approved,0
2723,371,86,389.89,EUR,2023-10-04T06:04:43,approved,0
2724,467,50,1667.23,EUR,2022-07-30T11:49:48,approved,0
2725,49,85,1965.21,USD,2023-08-29T22:57:05,approved,0
2726,113,1,1907.44,USD,2024-03-04T02:17:59,approved,0
2727,404,112,1793.31,QAR,2023-12-23T22:29:19,approved,0
2728,36,77,2387.5,QAR,2022-07-18T03:43:54,approved,0
2729,125,114,831.33,EUR,2024-07-12T05:39:27,approved,0
2730,48,4,2250.52,GBP,2025-07-20T09:14:18,approved,0
2731,187,95,2134.9,GBP,2025-02-03T22:26:40,approved,0
2732,260,12,2513.93,USD,2024-04-06T01:45:59,approved,0
2733,188,74,1773.11,USD,2023-06-07T06:29:27,reversed,0
2734,66,63,2709.26,EUR,2022-04-03T06:13:07,approved,0
2735,446,78,965.84,EUR,2024-06-18T00:18:28,approved,0
2736,160,94,2825.52,GBP,2024-12-11T06:51:25,approved,0
2737,242,93,2575.79,USD,2024-07-29T00:14:25,approved,0
2738,391,46,1207.85,USD,2024-07-09T12:45:08,approved,0
2739,437,20,362.2,AED,2025-11-08T20:34:08,approved,0
2740,109,110,2569.48,USD,2025-01-05T05:30:35,approved,0
2741,69,55,785.76,GBP,2025-05-11T06:12:54,approved,0
2742,399,47,1932.25,AED,2024-06-01T18:10:42,approved,0
2743,206,85,2899.93,USD,2023-07-14T17:22:14,approved,0
2744,335,118,795.34,AED,2024-12-03T23:17:37,approved,0
2745,58,67,1974.16,AED,2024-06-05T11:06:09,reversed,0
2746,15,112,1167.62,USD,2025-02-15T21:05:30,approved,1
2747,287,91,2178.06,USD,2024-02-10T08:40:33,approved,0
2748,373,44,1738.99,QAR,2025-02-05T20:45:23,approved,0
2749,38,80,741.74,EUR,2023-02-09T03:13:48,approved,0
2750,353,51,1010.69,USD,2024-09-28T12:29:27,approved,0
2751,188,73,630.38,GBP,2024-05-20T02:13:53,approved,0
2752,132,77,220.78,USD,2025-02-11T00:35:41,approved,0
2753,222,101,1475.18,USD,2023-02-15T19:38:00,approved,0
2754,208,15,1091.23,USD,2022-07-12T02:05:14,approved,0
2755,270,1,924.84,USD,2023-02-12T13:16:31,approved,0
2756,134,75,1811.92,USD,2024-12-10T12:06:51,declined,0
2757,465,106,751.77,USD,2025-05-25T00:19:53,approved,0
2758,309,74,2867.25,USD,2024-09-12T07:33:42,declined,0
2759,314,74,1143.91,EUR,2024-03-03T14:11:02,approved,0
2760,24,103,545.31,USD,2023-01-07T13:19:14,approved,0
2761,261,103,1162.09,EUR,2022-11-21T08:58:23,approved,0
2762,341,109,2259.26,USD,2025-10-28T14:39:12,approved,0
2763,240,1,357.4,EUR,2023-09-24T21:39:06,approved,0
2764,256,27,1876.8,USD,2024-04-27T00:52:37,approved,0
2765,261,71,2064.2,QAR,2025-11-07T17:26:48,approved,0
2766,269,44,2021.3,USD,2023-12-12T16:24:30,approved,0
2767,426,76,881.44,USD,2025-11-28T06:54:26,approved,0
2768,27,22,1149.27,USD,2024-03-21T15:42:27,declined,0
2769,180,77,1182.34,QAR,2023-06-25T23:21:33,approved,0
2770,198,80,779.33,EUR,2023-06-27T14:47:05,approved,0
2771,415,95,717.36,QAR,2023-06-02T10:41:02,approved,0
2772,13,100,1094.91,USD,2022-12-14T19:41:00,approved,0
2773,426,96,1573.61,USD,2023-04-10T20:39:16,approved,1
2774,226,104,2444.6,USD,2022-03-08T15:33:00,approved,0
2775,102,94,1601.97,QAR,2025-04-03T06:11:46,approved,0
2776,308,49,910.23,GBP,2022-03-29T22:58:17,approved,1
2777,114,59,628.68,AED,2023-07-17T02:22:00,approved,0
2778,91,104,2968.33,USD,2022-03-02T10:06:02,approved,0
2779,209,47,1550.54,QAR,2024-07-14T20:37:27,approved,0
2780,474,51,1402.9,EUR,2023-06-30T22:50:57,approved,0
2781,20,32,656.79,QAR,2022-10-07T15:12:52,approved,0
2782,136,15,1008.35,USD,2022-04-20T22:48:36,approved,0
2783,28,113,268.19,USD,2024-09-28T13:02:30,approved,0
2784,448,77,985.04,USD,2024-11-26T08:37:56,approved,0
2785,241,26,1556.07,AED,2022-02-14T13:05:16,approved,0
2786,229,111,1966.59,USD,2024-08-26T16:37:13,approved,1
2787,414,117,1033.13,GBP,2025-08-06T21:11:26,approved,0
2788,15,93,1211.66,USD,2023-11-16T13:48:30,approved,0
2789,434,118,2099.4,EUR,2022-09-03T05:38:11,approved,0
2790,473,13,2588.36,EUR,2022-09-18T06:31:29,approved,0
2791,302,67,2896.25,AED,2022-07-29T22:47:13,declined,0
2792,211,120,1502.64,USD,2025-11-21T16:49:00,approved,0
2793,23,81,2408.33,USD,2025-08-06T11:07:56,approved,0
2794,21,64,109.37,USD,2023-02-24T17:43:41,approved,0
2795,138,66,2907.02,QAR,2023-04-12T08:33:53,approved,0
2796,222,120,2598.48,EUR,2025-11-14T21:00:55,approved,0
2797,67,62,555.74,USD,2022-01-21T06:07:55,approved,0
2798,260,32,2376.0,GBP,2023-06-09T07:47:05,approved,0
2799,167,96,1873.28,QAR,2023-06-19T08:56:02,approved,0
2800,462,41,2989.55,EUR,2022-02-19T06:11:40,approved,0
2801,191,56,17.23,GBP,2023-12-02T04:27:39,approved,0
2802,381,47,478.54,QAR,2025-08-22T01:57:08,approved,0
2803,319,52,1144.53,USD,2025-05-14T05:58:15,approved,0
2804,181,34,2907.22,AED,2022-03-02T14:38:41,approved,0
2805,141,104,2384.96,USD,2023-01-04T21:29:13,declined,1
2806,75,111,2924.1,EUR,2023-03-17T02:35:58,approved,1
2807,66,26,237.0,QAR,2022-10-14T22:02:48,reversed,0
2808,478,67,380.69,QAR,2023-09-09T16:55:07,approved,0
2809,122,117,2903.18,QAR,2023-12-11T09:33:18,approved,0
2810,265,46,1331.51,QAR,2025-05-13T14:56:13,approved,0
2811,384,20,814.14,GBP,2025-07-30T21:20:15,approved,0
2812,440,11,1608.28,USD,2025-10-21T06:48:32,approved,0
2813,141,110,396.25,USD,2022-07-21T16:21:11,approved,0
2814,240,88,1257.57,USD,2024-12-13T21:46:05,approved,0
2815,22,32,162.81,USD,2025-03-23T13:46:46,approved,0
2816,433,39,786.88,USD,2024-03-04T03:43:51,approved,0
2817,391,38,1538.47,USD,2022-08-24T22:54:20,approved,0
2818,70,84,767.41,USD,2023-08-18T01:15:58,approved,0
2819,436,53,1787.79,USD,2023-12-23T19:44:51,approved,0
2820,441,43,1525.89,USD,2022-05-07T16:48:45,approved,0
2821,225,100,990.55,USD,2024-07-14T20:31:59,approved,0
2822,448,24,1111.07,QAR,2022-08-29T04:13:32,approved,0
2823,378,76,2437.08,USD,2025-05-05T15:39:02,approved,0
2824,146,112,994.14,USD,2023-08-06T17:53:19,approved,0
2825,237,115,796.92,GBP,2022-08-05T13:27:08,approved,0
2826,404,54,1977.66,USD,2022-11-12T10:23:37,approved,0
2827,477,22,2330.02,USD,2023-06-24T19:46:50,approved,0
2828,401,20,2733.98,AED,2024-10-02T04:43:30,approved,0
2829,33,37,2451.47,QAR,2025-11-21T20:12:17,approved,0
2830,327,105,150.18,USD,2024-01-17T10:35:15,approved,0
2831,319,44,2663.42,USD,2024-06-10T05:07:27,reversed,0
2832,340,28,612.2,GBP,2025-09-09T15:44:55,approved,0
2833,28,72,2461.48,EUR,2022-01-16T09:51:47,approved,1
2834,214,98,2153.18,USD,2022-06-12T15:05:23,declined,0
2835,287,42,2298.34,USD,2025-03-31T14:37:14,approved,0
2836,455,6,2335.75,EUR,2023-05-12T02:42:43,approved,0
2837,490,114,1553.92,USD,2023-12-19T20:43:01,reversed,0
2838,191,102,2287.89,USD,2022-06-10T02:06:23,approved,0
2839,83,52,856.54,USD,2025-12-21T06:43:43,approved,0
2840,482,74,1301.42,USD,2022-03-29T05:58:00,approved,0
2841,279,72,1909.57,USD,2025-09-03T02:35:34,approved,0
2842,146,58,1560.16,GBP,2024-04-24T14:27:25,approved,0
2843,451,108,2413.55,GBP,2025-01-18T07:19:32,approved,0
2844,96,96,2298.24,USD,2024-09-11T08:09:46,approved,0
2845,435,4,774.46,EUR,2023-02-02T21:48:10,approved,0
2846,223,53,720.37,EUR,2025-08-26T10:33:05,approved,0
2847,228,106,2564.5,USD,2025-03-06T05:19:24,approved,0
2848,157,120,2849.72,USD,2025-06-02T06:50:36,approved,0
2849,48,104,982.46,QAR,2024-04-06T09:41:09,approved,0
2850,483,20,1880.56,GBP,2025-04-09T00:54:35,declined,0
2851,138,99,2865.54,USD,2024-05-06T21:51:33,approved,0
2852,339,69,547.82,USD,2022-10-26T07:42:49,approved,0
2853,331,18,800.34,EUR,2022-10-09T05:57:03,approved,0
2854,249,91,1674.88,USD,2024-03-03T21:45:04,approved,0
2855,471,39,2121.12,AED,2023-11-01T15:32:15,approved,0
2856,169,42,1753.2,EUR,2023-10-29T21:49:28,approved,0
2857,342,118,2372.83,USD,2024-07-31T16:24:35,approved,0
2858,181,44,203.18,GBP,2024-03-21T20:47:30,approved,0
2859,131,78,793.38,AED,2023-04-05T05:29:02,approved,0
2860,493,56,1066.68,QAR,2023-06-03T05:02:03,approved,0
2861,351,66,1295.02,USD,2022-07-24T11:08:03,approved,0
2862,295,12,1715.8,USD,2025-10-05T21:01:51,approved,0
2863,52,31,672.95,QAR,2025-01-25T10:03:34,approved,0
2864,97,117,558.52,USD,2025-02-26T16:55:59,approved,0
2865,364,27,560.13,USD,2025-04-25T22:45:03,approved,0
2866,105,71,289.17,USD,2024-11-01T19:04:47,approved,0
2867,187,20,382.48,USD,2023-07-02T11:29:57,approved,0
2868,471,38,1741.98,GBP,2024-01-12T19:38:01,approved,0
2869,10,91,542.21,EUR,2024-05-29T03:07:51,approved,0
2870,258,106,582.83,USD,2022-01-13T20:30:30,approved,0
2871,188,16,664.03,USD,2022-01-23T19:48:09,declined,0
2872,56,52,1650.18,USD,2023-11-26T06:52:29,approved,0
2873,123,107,466.68,USD,2022-06-19T19:08:28,approved,0
2874,92,53,1276.11,USD,2022-03-30T05:14:12,approved,0
2875,496,46,1020.58,USD,2022-10-26T08:29:20,approved,0
2876,234,18,2682.95,EUR,2024-04-09T20:57:30,approved,0
2877,371,41,339.98,USD,2023-12-31T23:54:53,declined,0
2878,282,63,126.92,EUR,2023-10-16T14:04:49,approved,0
2879,358,67,275.75,USD,2025-11-10T19:12:51,approved,0
2880,410,102,564.49,QAR,2025-11-26T07:01:40,approved,0
2881,145,94,1749.12,USD,2022-06-17T13:21:30,approved,0
2882,298,38,566.66,QAR,2025-12-17T16:14:02,approved,0
2883,350,34,1237.97,USD,2023-11-16T20:59:43,approved,0
2884,13,19,2162.79,USD,2025-08-29T02:20:45,approved,0
2885,399,41,297.38,EUR,2023-01-25T09:25:49,approved,0
2886,214,26,2292.33,USD,2024-09-14T22:49:23,approved,0
2887,359,112,160.7,EUR,2025-01-11T09:07:25,approved,0
2888,231,119,1348.02,EUR,2022-10-28T03:50:29,approved,0
2889,139,57,186.34,QAR,2023-11-30T22:44:55,approved,0
2890,349,107,2415.37,QAR,2025-07-09T18:47:30,approved,0
2891,434,70,1123.59,USD,2024-07-18T12:38:28,approved,0
2892,49,64,2855.62,USD,2025-11-12T18:15:01,approved,0
2893,30,88,1042.79,USD,2025-04-22T02:49:24,approved,0
2894,127,92,1952.08,USD,2023-03-10T12:18:41,approved,0
2895,366,105,774.58,USD,2024-02-29T11:45:45,approved,0
2896,446,46,2484.45,AED,2023-11-16T18:12:59,approved,0
2897,340,64,2557.77,AED,2024-01-26T00:36:16,approved,0
2898,241,69,2642.45,USD,2022-10-29T20:46:11,approved,0
2899,420,21,1233.19,GBP,2025-07-17T21:24:50,approved,0
2900,63,72,1309.46,QAR,2022-02-10T23:07:01,reversed,0
2901,404,29,1309.14,USD,2025-08-22T02:37:17,approved,1
2902,285,9,1961.73,USD,2023-02-07T04:31:44,approved,0
2903,13,45,2787.34,QAR,2025-09-27T22:33:29,approved,0
2904,254,101,151.16,USD,2025-04-20T14:08:44,approved,0
2905,491,13,317.33,USD,2025-08-19T20:49:47,approved,0
2906,223,4,2892.49,USD,2025-07-25T10:38:23,approved,0
2907,352,15,2971.49,QAR,2022-11-02T01:22:55,approved,0
2908,498,27,1106.45,USD,2025-03-11T23:42:29,approved,0
2909,401,86,1830.21,USD,2022-04-10T15:22:06,approved,0
2910,451,104,2167.99,USD,2024-08-26T06:23:34,approved,0
2911,58,63,2181.36,USD,2024-07-09T09:31:28,approved,0
2912,315,119,1869.61,EUR,2023-11-14T20:35:19,approved,0
2913,198,78,1736.91,USD,2022-09-12T05:22:09,approved,0
2914,314,26,186.62,USD,2023-06-05T13:40:36,approved,0
2915,252,15,1732.84,EUR,2025-04-13T18:12:13,approved,0
2916,109,81,230.75,GBP,2024-09-06T17:13:02,approved,0
2917,68,66,2393.93,GBP,2024-09-04T11:14:15,approved,0
2918,217,89,516.65,USD,2025-10-15T08:49:35,declined,0
2919,259,16,342.98,EUR,2024-04-05T18:54:42,approved,0
2920,189,16,1357.27,EUR,2022-12-05T04:08:37,approved,0
2921,236,66,1295.64,QAR,2022-01-17T07:36:41,approved,0
2922,433,57,1121.82,GBP,2025-08-20T01:20:20,reversed,0
2923,254,93,1448.58,QAR,2022-06-11T14:19:13,approved,0
2924,155,28,906.82,USD,2023-12-18T07:32:59,approved,0
2925,170,64,1056.45,QAR,2022-10-16T14:10:03,approved,0
2926,376,101,565.91,EUR,2024-02-04T14:41:22,reversed,0
2927,314,33,592.84,EUR,2024-04-13T17:24:56,approved,0
2928,3,104,1563.52,USD,2022-02-03T12:36:48,approved,0
2929,297,83,2747.78,USD,2022-08-06T01:50:45,approved,0
2930,440,63,2339.01,EUR,2023-06-18T19:12:22,approved,0
2931,59,118,2873.26,USD,2024-12-10T02:32:34,approved,0
2932,313,115,2814.32,EUR,2023-03-15T04:48:54,approved,0
2933,190,58,2913.45,USD,2024-12-18T09:50:32,declined,0
2934,46,42,2150.49,USD,2023-01-22T09:29:23,approved,0
2935,446,108,1237.28,QAR,2025-11-08T05:24:11,approved,0
2936,466,42,852.93,AED,2022-01-07T05:07:53,approved,0
2937,407,50,1869.7,EUR,2022-10-23T21:15:36,approved,0
2938,441,11,2252.75,USD,2023-08-28T07:17:24,approved,0
2939,488,103,1873.42,USD,2023-06-15T15:43:03,approved,0
2940,26,102,2374.65,QAR,2024-12-12T02:03:28,approved,0
2941,56,51,571.28,USD,2023-06-16T20:48:47,approved,0
2942,468,22,498.04,EUR,2024-09-25T10:25:04,approved,0
2943,311,44,1309.5,EUR,2022-06-25T16:46:58,approved,0
2944,112,87,592.78,USD,2022-01-26T04:33:21,reversed,0
2945,472,9,987.56,USD,2023-10-17T17:07:28,approved,0
2946,192,94,1421.39,USD,2022-05-02T22:21:11,approved,0
2947,92,22,258.76,EUR,2022-08-26T20:43:06,approved,0
2948,299,117,1823.6,USD,2023-08-18T03:18:00,approved,0
2949,263,47,2080.72,USD,2025-03-28T18:12:37,approved,0
2950,212,42,463.2,QAR,2022-11-29T22:01:06,approved,0
2951,78,7,1858.6,USD,2023-09-12T22:19:27,approved,0
2952,492,67,1174.23,USD,2023-09-01T17:04:44,approved,0
2953,482,103,1800.37,USD,2024-02-29T14:56:42,approved,0
2954,53,117,1250.19,AED,2025-11-22T20:36:07,reversed,0
2955,98,102,450.3,USD,2025-09-02T00:57:06,approved,0
2956,162,113,413.91,USD,2024-04-04T17:49:10,declined,0
2957,94,70,753.62,GBP,2022-01-26T23:08:09,declined,0
2958,472,33,1184.82,QAR,2024-09-03T02:40:15,reversed,0
2959,72,41,742.2,QAR,2023-06-03T05:15:34,approved,0
2960,417,58,1423.31,USD,2022-10-03T19:58:46,approved,0
2961,479,85,1982.71,GBP,2024-10-07T20:45:58,declined,0
2962,466,61,908.55,AED,2025-12-06T15:31:55,approved,0
2963,333,44,537.08,USD,2025-11-10T01:01:15,approved,0
2964,452,102,1112.37,USD,2025-11-09T21:52:51,approved,0
2965,253,118,435.63,GBP,2022-10-09T11:17:11,approved,0
2966,34,56,2235.33,EUR,2024-12-25T18:42:13,approved,0
2967,433,56,2257.86,AED,2025-12-24T22:14:37,approved,0
2968,113,72,1973.38,QAR,2022-12-13T16:36:12,declined,0
2969,497,86,1880.42,GBP,2024-07-29T17:41:27,approved,0
2970,378,118,121.12,USD,2023-04-21T11:57:58,approved,0
2971,41,67,1843.36,USD,2023-04-27T02:52:05,approved,0
2972,304,24,2024.04,EUR,2023-10-15T07:19:45,approved,0
2973,4,105,1408.91,QAR,2025-09-04T00:31:30,approved,0
2974,283,118,2323.43,USD,2023-08-02T21:36:39,approved,0
2975,102,101,1040.82,USD,2024-05-02T22:26:08,approved,0
2976,479,2,2435.98,QAR,2024-01-05T02:39:49,approved,0
2977,379,46,835.16,USD,2024-01-30T18:21:21,approved,0
2978,423,25,2124.53,GBP,2025-06-08T02:22:18,approved,0
2979,338,89,1064.45,QAR,2025-12-12T03:01:38,approved,0
2980,55,87,692.72,QAR,2024-05-28T07:25:48,approved,0
2981,483,110,1006.85,USD,2022-05-13T15:15:31,declined,0
2982,73,31,783.92,USD,2025-12-08T15:53:32,approved,0
2983,492,6,2979.15,USD,2025-10-21T05:13:40,approved,0
2984,265,11,1325.16,QAR,2024-12-13T19:41:46,approved,0
2985,484,111,923.01,USD,2025-10-28T23:20:56,approved,0
2986,37,116,485.37,GBP,2025-04-05T13:15:48,approved,0
2987,112,10,264.86,EUR,2023-02-26T07:06:57,approved,0
2988,207,21,2922.02,USD,2024-06-03T23:49:21,approved,0
2989,133,87,2491.91,USD,2024-12-26T03:32:51,approved,0
2990,153,71,2855.6,GBP,2025-10-19T01:58:02,approved,0
2991,156,10,2119.85,USD,2022-06-28T14:02:08,approved,0
2992,33,55,1903.95,USD,2024-07-01T20:50:40,approved,0
2993,145,73,1820.53,USD,2022-01-23T06:42:08,reversed,0
2994,330,40,1993.55,USD,2023-02-24T09:19:08,approved,0
2995,34,112,136.86,USD,2024-03-20T00:04:00,approved,0
2996,63,31,1010.01,USD,2024-07-21T18:19:08,approved,0
2997,500,19,2054.53,USD,2023-04-21T19:22:27,approved,0
2998,238,17,1971.5,USD,2022-06-07T22:33:51,approved,0
2999,287,75,1663.84,GBP,2024-07-18T15:27:30,approved,0
3000,443,9,654.78,USD,2025-09-06T02:08:50,approved,0
3001,273,74,671.17,USD,2025-07-26T05:02:17,approved,0
3002,141,47,352.49,USD,2023-12-01T23:32:26,declined,0
3003,44,83,2210.16,USD,2023-04-03T08:07:34,approved,0
3004,256,75,1972.65,GBP,2025-10-19T01:15:40,approved,0
3005,449,63,2414.96,USD,2025-06-23T06:58:36,approved,0
3006,327,42,716.8,USD,2022-10-15T01:23:57,approved,0
3007,98,99,708.14,USD,2022-06-16T21:36:20,approved,0
3008,117,67,943.41,USD,2024-07-23T00:08:03,approved,0
3009,39,99,1066.64,USD,2025-09-06T08:11:03,approved,0
3010,350,84,1046.03,USD,2023-03-25T21:20:17,approved,0
3011,19,58,2277.02,QAR,2025-12-21T18:43:26,approved,0
3012,258,112,1577.85,AED,2025-04-18T05:41:45,declined,0
3013,499,103,319.35,QAR,2022-03-21T14:49:08,approved,1
3014,142,3,2307.55,EUR,2024-10-09T02:07:50,approved,0
3015,353,57,1102.45,USD,2025-11-19T00:57:17,approved,0
3016,488,89,2956.74,EUR,2024-04-17T15:05:33,approved,0
3017,77,56,380.0,USD,2024-10-16T01:44:16,approved,0
3018,43,15,2416.0,AED,2024-10-25T14:29:49,approved,0
3019,168,60,2330.12,EUR,2025-09-12T09:14:50,approved,0
3020,69,40,2520.64,EUR,2024-12-21T18:39:55,approved,0
3021,308,104,2433.0,USD,2023-03-14T20:49:03,approved,0
3022,263,13,2408.79,USD,2025-05-03T23:32:59,approved,0
3023,207,108,1721.68,USD,2022-02-15T09:54:33,approved,0
3024,349,25,179.45,USD,2023-08-14T07:08:15,approved,0
3025,183,89,1138.11,USD,2024-11-10T03:10:29,approved,0
3026,419,61,172.49,USD,2023-05-11T14:17:12,approved,0
3027,455,49,2418.58,USD,2022-02-28T22:21:13,approved,0
3028,449,84,2015.92,USD,2022-05-30T10:16:06,approved,0
3029,429,118,2703.14,EUR,2022-02-26T12:00:31,approved,0
3030,333,75,613.3,GBP,2024-01-09T04:11:04,reversed,0
3031,84,83,2594.1,GBP,2024-06-15T20:15:47,approved,0
3032,287,34,2009.98,USD,2024-05-19T03:07:53,approved,0
3033,161,86,2293.81,EUR,2025-06-05T09:17:47,approved,0
3034,44,69,827.09,QAR,2023-10-07T06:28:48,approved,0
3035,275,20,1205.63,USD,2025-08-06T19:23:03,approved,0
3036,314,75,2451.45,EUR,2022-03-06T05:51:12,approved,0
3037,190,76,691.51,USD,2022-04-25T22:13:42,approved,0
3038,449,83,515.84,USD,2023-11-20T00:59:51,approved,0
3039,255,92,1997.63,USD,2025-11-06T20:52:28,approved,0
3040,404,102,2467.69,QAR,2024-01-04T05:17:45,approved,0
3041,248,33,857.25,QAR,2025-03-04T12:16:50,approved,0
3042,219,37,2420.58,USD,2022-01-18T12:36:34,approved,0
3043,200,39,1639.92,USD,2025-10-07T14:23:51,approved,0
3044,237,76,685.15,QAR,2025-02-25T11:57:41,approved,0
3045,195,3,1749.26,USD,2022-02-15T08:01:29,approved,0
3046,415,46,2193.95,EUR,2022-03-31T02:48:27,approved,0
3047,315,110,2958.71,USD,2025-07-18T23:16:29,approved,0
3048,204,18,1082.99,QAR,2022-08-02T22:30:18,approved,0
3049,397,8,654.38,USD,2025-08-22T07:47:43,reversed,0
3050,153,32,2022.61,EUR,2024-12-23T08:17:09,approved,0
3051,80,88,2774.09,USD,2024-10-19T18:58:16,approved,0
3052,173,119,2395.72,EUR,2023-12-27T22:39:22,approved,0
3053,449,15,521.56,GBP,2022-08-12T15:45:55,approved,0
3054,338,103,432.89,GBP,2024-12-19T07:08:54,approved,0
3055,462,4,485.88,EUR,2023-03-04T12:55:42,declined,0
3056,53,60,1227.15,QAR,2025-12-26T00:49:42,approved,0
3057,373,119,1169.54,EUR,2022-07-23T02:10:35,approved,0
3058,490,16,2894.54,USD,2022-10-06T22:55:51,approved,0
3059,83,5,1431.53,EUR,2025-10-22T20:21:37,approved,0
3060,478,68,2931.95,QAR,2024-06-24T13:31:30,approved,0
3061,320,27,956.4,USD,2023-04-15T20:56:29,approved,0
3062,367,57,1561.05,USD,2024-05-06T23:37:11,approved,0
3063,62,6,37.73,USD,2024-09-29T14:48:10,approved,0
3064,322,81,755.64,AED,2024-12-04T12:56:36,approved,0
3065,405,119,2494.28,USD,2024-10-14T02:23:57,approved,0
3066,497,4,1069.58,USD,2025-03-08T17:12:04,approved,0
3067,341,104,1705.9,USD,2024-09-02T19:13:53,approved,0
3068,425,116,684.75,AED,2025-06-07T15:12:56,declined,0
3069,380,40,1552.55,USD,2022-11-24T21:44:29,approved,0
3070,311,82,2488.71,EUR,2024-12-12T04:26:34,approved,1
3071,31,61,453.93,USD,2025-09-03T20:30:05,approved,0
3072,63,67,1753.86,GBP,2023-07-26T11:11:15,approved,0
3073,166,73,1241.75,USD,2023-04-26T06:04:52,approved,0
3074,400,115,1872.26,GBP,2023-12-20T03:29:23,approved,0
3075,102,22,591.44,QAR,2025-02-02T16:34:03,approved,0
3076,454,78,850.46,USD,2023-11-20T00:10:50,approved,0
3077,114,120,74.01,USD,2025-07-04T17:27:31,approved,0
3078,401,63,974.98,EUR,2023-11-24T00:37:21,approved,0
3079,172,6,891.43,QAR,2024-06-15T05:57:15,approved,0
3080,347,51,385.55,USD,2024-05-29T10:06:34,declined,0
3081,354,18,120.0,GBP,2023-04-08T20:35:17,approved,0
3082,24,88,2863.38,USD,2024-04-01T04:06:31,approved,0
3083,100,119,889.09,QAR,2025-03-21T09:06:27,approved,0
3084,367,97,2660.18,USD,2022-03-10T14:35:57,approved,0
3085,356,54,1691.79,GBP,2025-11-27T11:34:20,approved,0
3086,491,97,259.96,USD,2024-06-13T14:41:09,reversed,0
3087,47,65,1343.9,USD,2025-03-31T14:34:39,declined,0
3088,243,7,219.29,USD,2025-03-23T06:56:53,approved,0
3089,183,87,2010.64,USD,2022-10-29T08:15:59,approved,1
3090,226,1,879.59,USD,2025-04-21T06:24:22,approved,0
3091,229,48,1182.95,EUR,2024-06-03T22:57:37,approved,0
3092,498,100,2332.75,AED,2025-09-30T23:10:30,declined,0
3093,398,64,355.19,USD,2024-09-17T05:04:09,approved,1
3094,283,100,1025.56,EUR,2025-03-25T11:50:37,approved,0
3095,362,40,546.52,GBP,2024-02-19T00:00:37,approved,0
3096,1,113,2617.22,QAR,2025-01-06T06:26:41,approved,0
3097,106,4,608.15,QAR,2022-05-30T07:52:40,approved,0
3098,65,76,1547.72,USD,2025-01-02T08:39:56,approved,0
3099,228,111,2160.94,USD,2022-02-26T23:31:51,approved,0
3100,256,35,2816.05,USD,2023-07-24T07:15:55,approved,0
3101,402,36,2200.3,USD,2025-09-14T15:19:57,declined,0
3102,287,57,249.18,GBP,2024-02-21T07:32:58,approved,0
3103,448,11,2719.82,QAR,2025-12-20T15:51:19,approved,0
3104,131,48,2500.35,USD,2022-09-07T16:09:18,approved,0
3105,158,9,823.61,USD,2024-01-11T07:40:04,approved,0
3106,310,65,1502.71,USD,2023-03-01T22:16:43,approved,0
3107,83,18,616.45,USD,2025-04-13T16:57:53,approved,0
3108,161,73,2356.87,USD,2025-12-01T03:13:55,reversed,0
3109,4,38,2155.69,QAR,2023-06-14T11:26:29,declined,0
3110,187,107,2483.23,USD,2024-08-09T20:44:24,approved,0
3111,214,71,1768.11,USD,2022-06-23T03:25:43,approved,0
3112,226,84,1203.21,QAR,2025-09-28T14:48:52,approved,0
3113,243,93,1300.2,USD,2023-05-31T15:25:02,approved,0
3114,257,86,2212.7,USD,2025-08-05T04:37:27,approved,0
3115,475,24,213.69,USD,2023-08-12T18:39:34,approved,0
3116,304,72,1504.84,AED,2024-08-16T11:19:47,approved,0
3117,221,10,2061.44,EUR,2025-11-18T01:26:56,approved,0
3118,275,60,2351.34,USD,2024-12-13T13:50:43,approved,0
3119,410,62,420.8,USD,2024-06-03T06:37:02,approved,0
3120,45,33,743.02,USD,2025-01-19T22:12:36,approved,0
3121,421,3,2690.72,USD,2022-08-18T16:16:42,approved,0
3122,257,69,971.5,USD,2023-10-17T11:08:44,approved,0
3123,202,14,1032.12,USD,2024-04-23T19:29:59,approved,0
3124,489,67,634.94,USD,2024-07-16T18:56:34,approved,0
3125,365,119,268.8,USD,2023-12-16T12:27:58,approved,0
3126,127,85,2961.05,QAR,2025-01-16T22:51:36,approved,0
3127,276,56,1993.55,USD,2025-08-31T17:59:09,approved,0
3128,463,6,2078.12,EUR,2025-04-09T03:49:52,declined,0
3129,136,111,1274.86,EUR,2025-07-22T15:26:45,declined,0
3130,202,103,2656.21,QAR,2023-08-05T04:27:33,approved,0
3131,249,76,1373.81,USD,2025-03-02T23:53:38,declined,0
3132,417,113,13.77,EUR,2024-10-09T02:38:48,approved,0
3133,318,41,2568.47,GBP,2022-09-18T00:12:34,declined,0
3134,52,118,387.56,GBP,2024-01-19T20:04:36,approved,0
3135,181,94,2389.94,USD,2023-09-17T23:17:26,approved,0
3136,49,51,1011.07,USD,2025-07-18T07:38:13,reversed,0
3137,268,20,865.27,GBP,2024-02-24T04:20:15,approved,0
3138,142,2,706.58,EUR,2023-10-05T10:54:38,approved,0
3139,34,87,822.42,USD,2022-10-17T09:33:19,approved,0
3140,26,63,841.5,USD,2025-05-14T06:47:55,approved,0
3141,28,110,1753.6,QAR,2025-03-03T19:50:29,approved,0
3142,3,39,2783.76,USD,2022-02-19T19:00:29,approved,0
3143,90,31,2033.68,GBP,2023-05-10T04:48:55,approved,0
3144,113,63,1309.62,USD,2024-06-21T12:04:28,approved,0
3145,485,29,1013.98,USD,2022-08-07T09:29:06,approved,0
3146,220,14,1020.08,EUR,2025-04-03T06:51:49,approved,0
3147,311,35,539.34,GBP,2022-10-12T02:22:03,declined,0
3148,453,33,2491.86,USD,2023-05-27T18:03:27,approved,0
3149,380,70,2917.35,EUR,2023-11-08T16:11:57,approved,0
3150,97,28,2115.16,QAR,2022-05-24T04:38:55,approved,0
3151,231,118,337.54,EUR,2022-10-31T14:22:38,approved,0
3152,186,41,1386.95,QAR,2023-08-13T05:05:50,approved,0
3153,345,24,2949.11,USD,2025-12-17T12:54:41,approved,0
3154,46,6,13.56,USD,2023-05-30T06:25:16,approved,0
3155,149,33,632.38,USD,2025-02-27T13:37:05,approved,0
3156,390,119,2123.22,EUR,2024-08-07T20:09:10,declined,0
3157,204,92,1501.68,USD,2024-08-03T16:03:54,approved,0
3158,472,58,2765.38,USD,2024-09-14T03:03:38,declined,0
3159,385,48,655.71,USD,2025-04-19T01:57:03,approved,0
3160,500,18,1027.64,GBP,2024-05-18T20:30:59,approved,0
3161,207,48,1655.48,USD,2022-12-06T17:42:19,reversed,0
3162,124,38,824.1,USD,2023-03-20T07:11:45,approved,0
3163,333,101,2916.47,EUR,2024-12-18T09:52:49,approved,0
3164,211,95,603.69,USD,2023-10-03T15:13:20,reversed,0
3165,419,66,1100.62,GBP,2024-10-20T12:36:43,approved,0
3166,290,47,2739.53,USD,2024-04-23T00:02:50,declined,0
3167,471,119,687.54,USD,2023-10-07T04:11:36,approved,0
3168,265,33,1913.01,USD,2025-02-28T05:11:56,approved,0
3169,136,44,1060.67,QAR,2025-07-22T11:53:46,approved,0
3170,118,63,1190.7,USD,2022-05-24T09:09:59,approved,0
3171,95,80,2539.07,USD,2022-06-08T07:50:31,approved,0
3172,74,16,50.39,GBP,2024-01-11T20:48:09,approved,0
3173,98,78,460.18,EUR,2024-01-27T01:05:45,reversed,0
3174,479,40,1704.16,QAR,2025-02-14T08:01:29,approved,0
3175,342,76,2430.35,USD,2022-04-22T17:29:34,declined,0
3176,337,38,2255.07,USD,2025-11-08T19:01:03,declined,0
3177,80,40,911.74,USD,2024-03-14T12:38:19,approved,0
3178,476,88,2459.1,EUR,2025-03-03T20:19:13,approved,0
3179,450,88,2230.72,QAR,2022-02-03T16:20:21,approved,0
3180,325,55,497.17,USD,2023-01-13T12:24:36,approved,0
3181,414,117,2334.63,USD,2022-11-22T15:15:40,declined,0
3182,452,53,2765.59,QAR,2025-05-25T22:10:30,reversed,0
3183,139,60,532.15,GBP,2025-10-24T07:16:40,approved,0
3184,221,54,1194.48,USD,2022-07-25T09:38:46,approved,0
3185,25,49,2610.53,USD,2024-10-25T17:24:48,approved,0
3186,268,61,2828.05,EUR,2022-12-13T08:16:38,declined,0
3187,10,97,738.94,QAR,2025-08-24T21:58:39,approved,0
3188,219,80,2122.41,USD,2022-06-27T07:42:19,approved,0
3189,500,70,685.12,EUR,2022-07-27T17:15:34,approved,0
3190,380,25,805.03,USD,2022-05-20T04:41:53,approved,0
3191,495,64,1808.2,GBP,2025-07-17T19:35:51,approved,0
3192,449,21,481.51,GBP,2022-06-07T12:13:06,approved,0
3193,16,1,1882.29,USD,2022-07-23T11:09:13,approved,0
3194,417,106,1186.14,GBP,2023-03-21T21:04:18,approved,0
3195,91,11,505.55,USD,2023-05-16T03:35:38,declined,0
3196,18,107,338.97,EUR,2025-05-22T00:57:54,declined,0
3197,396,59,1458.9,USD,2025-03-24T22:44:00,approved,1
3198,54,84,1746.34,AED,2022-06-12T14:24:55,approved,0
3199,109,106,2273.77,QAR,2023-09-25T16:15:16,reversed,0
3200,262,117,2334.8,USD,2022-05-29T10:18:46,approved,0
3201,60,15,1396.66,EUR,2025-11-14T17:28:00,approved,0
3202,496,24,2718.53,QAR,2022-04-20T01:39:15,approved,0
3203,267,2,2583.42,USD,2023-02-18T09:40:45,approved,0
3204,429,27,504.86,USD,2025-10-27T00:01:23,approved,0
3205,110,23,797.37,USD,2023-04-24T04:43:47,approved,0
3206,231,50,482.21,USD,2022-03-29T05:05:14,approved,0
3207,289,45,2177.19,USD,2023-03-17T05:56:24,approved,1
3208,384,97,252.16,USD,2022-08-15T03:51:27,reversed,0
3209,425,95,1611.98,GBP,2025-05-09T00:11:20,approved,0
3210,204,112,771.26,USD,2024-06-25T07:49:01,approved,0
3211,294,39,252.84,EUR,2023-11-24T06:41:54,approved,0
3212,7,47,2376.24,USD,2024-12-04T08:49:04,approved,0
3213,230,42,2386.51,USD,2023-06-16T16:20:10,approved,0
3214,251,58,188.73,GBP,2024-10-29T08:27:28,approved,0
3215,4,72,1965.84,USD,2022-02-18T20:28:25,approved,0
3216,21,44,2801.42,USD,2023-11-03T22:57:00,approved,0
3217,227,22,1364.78,EUR,2024-06-25T07:59:46,approved,0
3218,14,16,2540.56,USD,2023-04-29T04:00:23,approved,0
3219,33,106,581.45,USD,2023-02-05T12:34:01,approved,0
3220,21,47,90.35,USD,2024-04-01T10:04:04,approved,0
3221,426,35,2567.87,USD,2022-06-09T23:05:29,approved,0
3222,277,46,2817.6,QAR,2025-03-06T13:58:32,approved,0
3223,323,85,270.52,QAR,2023-06-06T01:28:47,approved,1
3224,325,39,1629.99,USD,2023-05-20T17:42:33,approved,0
3225,64,13,2990.39,QAR,2023-07-16T10:44:26,approved,0
3226,238,57,1249.45,USD,2023-11-24T04:17:36,approved,1
3227,248,5,1705.6,GBP,2024-07-10T13:19:21,approved,0
3228,446,60,2275.63,USD,2022-11-09T21:13:35,approved,0
3229,180,30,917.39,USD,2022-11-29T14:29:42,approved,0
3230,374,20,179.84,QAR,2025-07-26T18:41:44,approved,0
3231,289,72,1423.96,USD,2025-12-22T16:31:11,reversed,0
3232,318,78,2629.47,USD,2025-07-11T23:21:44,approved,0
3233,9,21,2100.68,USD,2025-06-08T07:36:32,approved,0
3234,366,78,2400.13,USD,2024-02-26T09:34:18,approved,0
3235,128,75,1672.6,USD,2024-03-15T21:22:08,approved,0
3236,284,94,1659.47,EUR,2024-04-09T05:50:09,approved,0
3237,444,29,2491.65,QAR,2022-01-07T12:40:10,approved,0
3238,218,25,739.04,GBP,2022-08-27T08:44:56,approved,0
3239,354,26,767.77,EUR,2023-12-05T05:55:26,approved,0
3240,445,68,1670.7,USD,2023-03-21T06:23:29,approved,0
3241,187,47,2398.04,USD,2025-08-29T09:13:17,approved,0
3242,44,10,317.55,USD,2025-03-25T08:18:36,approved,0
3243,86,98,2439.23,EUR,2024-12-24T22:19:11,approved,0
3244,194,31,1517.99,QAR,2022-06-02T05:39:07,approved,0
3245,140,97,1474.38,EUR,2023-05-31T21:24:18,approved,0
3246,257,57,522.24,USD,2023-02-23T10:13:41,declined,0
3247,452,64,1125.22,EUR,2022-08-31T11:15:54,approved,0
3248,415,16,784.75,AED,2025-08-26T02:51:33,approved,0
3249,453,73,533.91,EUR,2023-04-26T01:21:29,approved,0
3250,134,42,2220.97,AED,2022-02-22T23:32:05,approved,0
3251,154,116,2850.53,GBP,2024-12-31T20:43:52,reversed,0
3252,158,27,2234.84,AED,2025-07-25T02:58:17,approved,1
3253,216,95,2230.85,USD,2022-02-24T12:51:55,approved,0
3254,384,58,2739.58,EUR,2022-10-29T02:33:58,approved,0
3255,322,5,1158.5,USD,2022-06-08T08:28:05,approved,1
3256,56,116,495.74,USD,2023-01-27T02:26:02,approved,0
3257,27,24,2731.27,USD,2025-02-16T19:34:26,approved,0
3258,262,30,1917.34,USD,2022-12-20T01:35:25,declined,0
3259,360,79,1644.89,USD,2022-03-17T14:39:25,approved,0
3260,417,82,2257.85,USD,2023-06-20T05:02:59,approved,0
3261,44,36,2514.77,USD,2024-03-14T00:41:30,approved,0
3262,127,91,2532.13,QAR,2022-05-19T22:22:37,approved,0
3263,475,108,967.53,EUR,2025-05-13T08:29:20,approved,0
3264,110,115,2261.06,USD,2025-05-31T16:10:37,approved,0
3265,256,62,1725.19,EUR,2025-05-15T20:34:54,approved,0
3266,223,3,1408.2,GBP,2022-07-24T01:23:37,approved,0
3267,345,69,311.92,USD,2023-07-29T07:36:03,reversed,0
3268,414,56,2226.74,QAR,2024-12-22T11:49:35,approved,0
3269,494,50,1277.75,USD,2025-06-18T13:13:22,approved,0
3270,470,51,53.24,USD,2022-06-17T05:05:03,approved,0
3271,200,22,1990.53,USD,2025-09-04T09:58:06,approved,0
3272,67,110,833.71,EUR,2022-05-05T16:22:50,approved,0
3273,208,48,722.73,USD,2023-07-21T20:15:30,approved,0
3274,484,76,993.89,QAR,2024-05-04T21:59:23,approved,0
3275,459,29,1458.55,QAR,2025-02-21T23:51:46,approved,0
3276,80,43,229.99,USD,2023-11-09T23:35:53,approved,0
3277,304,109,1921.39,USD,2024-10-04T10:49:10,approved,0
3278,302,97,1904.34,USD,2023-07-15T18:43:48,approved,0
3279,450,21,628.66,EUR,2024-10-13T08:43:55,approved,0
3280,316,7,428.34,QAR,2025-09-23T16:21:17,approved,1
3281,287,34,2279.31,USD,2022-06-18T04:18:09,approved,0
3282,241,114,961.85,QAR,2025-01-17T10:04:45,reversed,0
3283,312,112,1447.26,GBP,2023-11-15T05:39:18,approved,0
3284,371,56,2244.02,USD,2022-05-02T16:22:09,approved,0
3285,105,34,2655.66,USD,2024-12-15T19:31:33,approved,0
3286,267,23,1952.82,QAR,2025-05-20T06:42:13,approved,0
3287,53,92,2863.44,USD,2022-06-24T12:03:15,approved,0
3288,412,87,695.76,USD,2024-02-05T09:18:05,approved,0
3289,215,84,2413.41,USD,2025-09-23T05:43:01,approved,0
3290,45,29,1414.73,EUR,2022-04-09T23:10:43,declined,0
3291,124,120,1247.68,GBP,2024-04-26T15:29:50,approved,0
3292,214,44,2296.2,USD,2023-09-30T11:22:19,approved,0
3293,107,33,2698.74,USD,2025-06-10T10:51:55,approved,0
3294,396,95,2166.31,USD,2022-04-14T04:24:39,approved,0
3295,106,31,2468.11,USD,2022-10-05T06:44:15,approved,0
3296,43,27,1096.94,GBP,2022-05-24T09:41:33,approved,0
3297,15,60,70.47,USD,2022-02-05T13:08:51,approved,1
3298,226,37,2152.47,USD,2022-09-10T23:52:19,approved,0
3299,224,21,323.87,QAR,2024-05-10T09:35:15,approved,0
3300,70,59,2092.4,QAR,2025-03-31T14:15:03,approved,0
3301,224,73,982.92,USD,2022-12-12T11:10:42,approved,0
3302,409,100,2873.44,USD,2023-02-27T14:29:49,approved,0
3303,93,69,794.87,AED,2025-02-19T19:57:05,approved,0
3304,368,76,2861.24,USD,2025-05-20T11:05:24,approved,0
3305,299,9,2247.92,GBP,2023-07-20T10:53:52,approved,0
3306,153,56,755.76,USD,2023-05-03T18:00:01,approved,0
3307,87,39,2619.32,AED,2024-12-13T12:31:34,approved,0
3308,456,2,2362.81,USD,2024-08-20T15:38:43,approved,0
3309,458,88,905.18,USD,2022-03-31T23:59:39,approved,0
3310,251,19,2276.79,AED,2022-04-02T23:08:58,approved,1
3311,409,89,930.14,USD,2024-09-17T22:02:53,approved,0
3312,359,109,1271.23,EUR,2022-08-05T13:06:14,approved,1
3313,250,76,1855.01,QAR,2022-06-29T12:56:17,approved,0
3314,91,63,1037.24,EUR,2024-10-26T22:58:42,approved,0
3315,390,72,2263.82,USD,2024-10-25T10:58:05,declined,0
3316,217,117,2653.77,USD,2024-11-06T02:22:22,approved,0
3317,167,47,2507.88,EUR,2022-06-15T13:26:35,reversed,0
3318,23,73,720.06,QAR,2023-05-05T12:16:26,approved,0
3319,452,48,942.12,EUR,2022-08-27T02:14:13,approved,0
3320,97,24,396.83,QAR,2022-06-02T16:09:23,approved,0
3321,304,17,246.41,USD,2025-12-23T13:57:36,approved,0
3322,160,72,2518.84,EUR,2024-03-05T18:31:35,approved,0
3323,386,106,1523.39,EUR,2024-04-16T23:12:05,approved,0
3324,30,45,487.78,EUR,2023-06-17T22:13:24,approved,0
3325,94,24,2286.23,QAR,2022-06-10T13:16:08,approved,0
3326,69,62,846.14,EUR,2022-01-21T03:31:24,approved,0
3327,311,12,1712.86,USD,2024-05-20T07:29:43,approved,0
3328,186,86,1039.0,QAR,2022-01-10T13:50:09,approved,1
3329,97,45,1252.7,USD,2023-12-24T15:29:23,approved,0
3330,86,99,1824.74,USD,2022-05-13T00:51:19,approved,0
3331,364,5,652.83,GBP,2024-08-18T06:01:13,approved,0
3332,269,23,2128.93,USD,2025-11-23T12:13:47,approved,0
3333,372,30,2361.57,QAR,2022-06-15T03:35:32,approved,0
3334,495,32,2504.74,USD,2025-11-07T13:54:52,approved,0
3335,169,65,1999.26,USD,2022-10-12T21:04:35,approved,0
3336,496,86,2624.11,GBP,2022-07-12T20:59:10,approved,0
3337,249,102,1809.48,QAR,2023-03-05T20:25:27,approved,0
3338,334,93,2815.66,USD,2022-12-25T16:04:41,approved,0
3339,435,42,1745.37,USD,2022-01-21T06:12:43,approved,0
3340,89,86,1992.74,USD,2022-03-05T07:31:23,approved,0
3341,102,86,2227.31,EUR,2022-11-15T22:16:47,approved,0
3342,230,89,991.41,USD,2022-07-20T18:40:21,approved,0
3343,402,94,750.08,USD,2024-10-23T14:35:03,approved,0
3344,359,110,2319.06,USD,2023-08-05T19:18:50,approved,0
3345,183,21,2398.37,EUR,2024-10-31T07:32:32,declined,0
3346,465,92,223.36,USD,2025-04-17T14:28:31,approved,0
3347,126,52,2178.2,USD,2023-12-22T14:26:53,approved,0
3348,86,18,2110.01,QAR,2024-03-03T03:53:36,approved,0
3349,363,119,1691.53,QAR,2022-09-26T18:19:35,approved,0
3350,152,25,2013.37,GBP,2023-06-09T23:54:20,approved,0
3351,210,111,1186.47,GBP,2023-05-02T17:34:54,approved,0
3352,9,100,2210.93,QAR,2022-03-11T22:57:37,approved,0
3353,305,45,2161.35,GBP,2024-11-21T06:09:13,approved,0
3354,380,101,2292.48,AED,2025-04-25T06:24:51,approved,0
3355,400,37,262.71,EUR,2022-03-04T13:24:06,approved,0
3356,118,53,104.94,USD,2024-12-31T01:59:28,approved,0
3357,15,116,2574.03,USD,2025-07-22T22:13:35,declined,0
3358,35,21,36.2,QAR,2025-06-19T13:25:54,approved,0
3359,227,21,2832.89,USD,2024-06-27T07:18:49,approved,0
3360,459,49,1086.07,USD,2024-07-31T20:06:37,approved,1
3361,208,85,2571.63,USD,2023-08-11T06:37:26,approved,0
3362,134,51,2456.46,USD,2023-05-15T02:25:16,approved,1
3363,485,96,2983.71,USD,2024-05-21T17:41:34,approved,0
3364,368,85,152.13,USD,2024-10-26T13:34:07,approved,0
3365,109,13,411.52,EUR,2022-12-27T13:53:56,approved,0
3366,254,100,1526.16,USD,2022-03-08T18:20:33,approved,1
3367,47,100,883.06,USD,2023-10-09T19:50:29,approved,1
3368,14,10,2749.26,EUR,2022-03-13T14:13:33,approved,0
3369,201,57,2753.19,GBP,2025-07-15T09:46:31,approved,0
3370,386,74,697.47,EUR,2022-03-08T17:38:17,approved,0
3371,272,41,2839.05,USD,2022-05-19T16:14:09,approved,0
3372,180,38,379.31,EUR,2025-07-29T08:41:50,approved,0
3373,35,14,261.59,QAR,2025-09-05T01:12:48,approved,0
3374,383,2,1734.31,USD,2025-03-28T09:04:52,approved,0
3375,319,80,2215.52,EUR,2025-10-31T07:48:49,approved,0
3376,364,58,2038.79,AED,2024-03-08T13:02:40,approved,0
3377,373,68,1732.56,USD,2022-05-26T06:49:53,approved,0
3378,289,79,2454.68,USD,2023-03-23T17:29:18,approved,0
3379,100,3,1585.09,USD,2024-04-14T07:10:44,approved,0
3380,325,80,2618.05,QAR,2025-12-16T00:11:24,approved,0
3381,86,113,15.24,USD,2023-09-25T17:05:35,approved,0
3382,423,111,318.11,QAR,2024-11-09T13:03:21,approved,0
3383,432,58,1480.89,EUR,2025-12-13T21:35:35,approved,0
3384,448,30,179.11,USD,2024-06-28T10:51:28,approved,0
3385,320,97,2724.62,USD,2022-01-27T06:26:00,approved,0
3386,247,15,1784.71,EUR,2023-06-30T19:30:42,declined,0
3387,175,97,2641.57,USD,2024-04-09T09:36:53,approved,0
3388,358,47,286.04,GBP,2023-10-10T07:28:22,approved,0
3389,369,39,2917.74,USD,2024-11-27T17:09:54,approved,0
3390,336,108,2844.53,EUR,2022-04-10T22:07:52,approved,0
3391,391,119,310.87,USD,2024-06-05T15:57:15,approved,0
3392,177,10,960.66,USD,2024-05-11T15:02:41,approved,0
3393,385,111,2539.57,USD,2025-05-31T17:12:32,approved,0
3394,441,75,671.57,USD,2025-12-09T01:11:48,approved,0
3395,220,7,747.38,EUR,2023-12-06T12:12:44,approved,0
3396,277,74,453.89,USD,2024-01-07T04:17:49,approved,0
3397,40,41,2591.0,QAR,2024-08-21T16:40:08,approved,0
3398,4,106,1920.23,QAR,2023-07-06T21:47:55,declined,0
3399,194,15,1995.95,GBP,2024-03-09T05:45:59,approved,0
3400,194,75,2806.7,AED,2023-05-29T15:26:46,approved,0
3401,111,81,1409.24,USD,2025-02-13T11:41:17,approved,0
3402,386,112,2085.8,USD,2022-07-16T18:55:12,declined,0
3403,80,23,2172.26,AED,2022-07-04T22:11:59,reversed,0
3404,262,97,2092.23,QAR,2024-03-13T05:22:15,approved,0
3405,375,13,2734.49,USD,2023-12-01T11:17:04,approved,0
3406,163,69,2692.83,QAR,2023-05-05T02:16:49,approved,0
3407,178,52,675.52,USD,2022-11-21T16:09:27,approved,0
3408,156,112,1837.89,USD,2024-07-03T18:52:48,approved,0
3409,227,13,1281.04,GBP,2025-04-11T22:27:41,approved,0
3410,400,95,2381.68,USD,2024-05-05T05:54:34,approved,0
3411,198,38,2881.33,USD,2024-06-16T12:03:43,approved,0
3412,483,69,526.17,USD,2022-12-15T11:34:28,approved,0
3413,334,82,869.86,USD,2025-09-22T06:25:13,approved,0
3414,9,110,1663.22,USD,2022-07-31T15:10:47,approved,0
3415,264,99,44.82,QAR,2025-12-06T12:19:38,approved,0
3416,146,101,2659.06,USD,2025-03-15T02:40:05,approved,0
3417,131,110,1956.69,USD,2025-10-24T01:14:06,approved,0
3418,51,50,1237.32,GBP,2024-06-02T05:48:09,approved,0
3419,163,40,218.97,GBP,2024-12-28T20:21:29,approved,0
3420,488,49,458.49,QAR,2023-12-22T02:48:53,approved,1
3421,160,68,1282.11,USD,2024-04-29T23:02:47,approved,0
3422,444,50,2673.25,USD,2025-04-25T00:40:06,approved,0
3423,172,26,1534.31,EUR,2022-08-05T23:24:57,approved,0
3424,143,10,2893.28,USD,2025-07-07T15:34:34,approved,0
3425,448,120,664.1,QAR,2022-06-05T13:22:03,approved,0
3426,141,20,2690.94,GBP,2025-03-17T06:22:17,approved,0
3427,8,59,230.64,USD,2022-02-01T21:29:48,approved,0
3428,13,22,733.16,EUR,2023-12-10T20:59:47,approved,0
3429,228,13,759.24,USD,2023-04-01T21:12:49,approved,0
3430,131,59,1725.58,USD,2023-06-08T23:51:04,approved,0
3431,444,71,2085.61,USD,2025-03-31T05:10:00,approved,0
3432,491,86,2701.6,USD,2025-08-31T05:03:32,approved,0
3433,182,18,333.77,USD,2024-03-14T17:00:07,reversed,0
3434,311,56,500.4,AED,2023-11-02T01:30:47,approved,0
3435,143,96,2754.28,USD,2025-05-15T09:15:03,approved,0
3436,385,22,1097.39,GBP,2022-12-11T15:16:38,approved,0
3437,499,31,1684.34,USD,2023-07-31T09:03:48,declined,0
3438,497,87,2519.68,USD,2024-03-15T11:16:13,approved,0
3439,80,108,2194.56,GBP,2024-12-10T00:12:14,reversed,0
3440,328,33,2463.75,USD,2024-04-22T20:15:53,approved,0
3441,264,41,2436.79,USD,2022-04-28T08:59:42,approved,0
3442,55,43,1754.48,QAR,2022-08-30T17:08:58,approved,0
3443,54,8,1843.64,USD,2023-08-15T08:30:36,approved,0
3444,355,10,1416.05,USD,2023-05-30T22:00:01,approved,0
3445,202,68,2039.44,USD,2023-07-22T16:25:21,approved,0
3446,107,62,882.73,USD,2024-02-14T12:24:00,approved,0
3447,194,94,176.04,USD,2024-08-20T08:06:09,approved,0
3448,1,25,1310.2,EUR,2024-10-23T20:09:22,approved,0
3449,274,87,2832.46,EUR,2022-01-10T09:13:37,approved,0
3450,206,3,411.92,EUR,2025-12-22T10:30:28,approved,0
3451,221,54,1682.79,QAR,2022-04-16T06:42:47,approved,0
3452,241,67,210.35,USD,2023-06-20T20:35:04,approved,0
3453,198,114,804.36,EUR,2024-11-21T07:48:39,approved,0
3454,320,98,2934.28,USD,2024-01-21T04:47:44,declined,0
3455,268,84,1612.82,USD,2023-01-06T19:51:35,approved,0
3456,149,91,2595.5,USD,2023-06-05T19:51:38,approved,0
3457,234,43,818.46,USD,2025-10-08T20:28:54,approved,0
3458,302,79,121.47,AED,2024-07-28T17:04:38,approved,0
3459,200,111,1010.5,USD,2024-07-12T07:39:24,approved,0
3460,340,26,2320.4,USD,2023-12-04T15:13:58,declined,0
3461,435,94,1742.51,QAR,2024-11-28T23:01:18,approved,0
3462,255,114,942.69,EUR,2023-07-24T06:02:30,approved,0
3463,413,14,2693.73,USD,2024-11-02T14:42:29,approved,0
3464,218,119,1729.37,USD,2023-10-18T16:29:11,approved,0
3465,391,9,357.91,USD,2023-11-11T14:35:58,approved,0
3466,468,15,2822.79,USD,2024-09-04T22:10:35,approved,0
3467,74,108,2311.06,QAR,2022-12-07T15:48:35,approved,0
3468,261,47,2735.57,USD,2025-03-28T21:37:04,approved,0
3469,327,68,878.03,GBP,2023-12-14T21:35:49,approved,0
3470,239,92,682.28,GBP,2023-07-24T06:29:57,approved,0
3471,165,48,1697.33,AED,2022-02-14T15:52:07,approved,0
3472,131,33,1643.21,QAR,2022-07-15T08:47:19,approved,0
3473,376,35,110.56,USD,2024-04-20T01:09:15,approved,0
3474,27,94,1269.58,AED,2022-03-24T14:49:38,approved,0
3475,269,95,485.66,GBP,2024-10-27T21:57:21,approved,0
3476,233,119,619.99,USD,2025-04-20T22:31:36,approved,0
3477,459,111,1125.75,GBP,2025-08-07T19:30:44,approved,0
3478,324,106,2631.37,AED,2024-07-01T23:23:32,declined,0
3479,287,90,2935.17,EUR,2023-05-14T21:30:58,approved,0
3480,359,42,564.17,EUR,2025-11-26T04:22:41,approved,0
3481,221,89,2420.14,USD,2025-02-17T10:12:45,approved,0
3482,55,61,869.85,USD,2022-02-11T08:03:59,approved,0
3483,407,8,142.13,USD,2022-07-23T13:43:25,approved,0
3484,76,62,2329.68,USD,2022-08-15T04:56:28,approved,0
3485,353,60,309.55,USD,2023-10-30T00:26:55,approved,0
3486,357,59,473.54,GBP,2022-02-18T22:18:13,approved,0
3487,250,117,2158.43,USD,2022-10-05T05:54:56,approved,0
3488,179,40,741.23,USD,2025-08-04T07:36:04,approved,0
3489,216,35,2657.6,USD,2024-05-07T01:52:18,approved,0
3490,457,66,474.41,EUR,2025-10-28T06:27:39,approved,0
3491,56,41,2130.67,GBP,2022-03-09T21:52:11,approved,0
3492,132,4,2105.31,QAR,2024-08-23T07:05:55,approved,0
3493,345,8,2446.98,GBP,2024-02-26T14:27:25,reversed,0
3494,3,42,704.47,EUR,2023-07-23T05:40:41,approved,0
3495,290,36,665.32,USD,2022-12-08T16:47:27,declined,0
3496,341,2,1098.35,QAR,2023-05-07T16:02:21,approved,0
3497,115,49,2327.75,USD,2025-02-16T20:35:24,approved,0
3498,191,18,1227.47,USD,2022-03-03T14:00:47,approved,0
3499,255,2,1093.78,AED,2025-06-29T11:02:35,approved,0
3500,409,35,869.3,USD,2023-01-27T10:59:43,approved,0
3501,496,90,1639.4,USD,2022-12-21T10:35:25,approved,0
3502,127,41,1293.79,USD,2025-08-20T05:21:42,approved,0
3503,248,103,2284.57,EUR,2024-07-03T22:23:04,approved,0
3504,450,67,752.89,USD,2022-05-18T05:29:51,approved,0
3505,129,104,2604.63,USD,2022-02-10T21:04:39,reversed,0
3506,82,15,593.68,USD,2022-07-02T12:17:43,approved,0
3507,481,90,2413.99,USD,2023-11-18T07:09:51,approved,0
3508,405,34,2709.04,GBP,2022-03-22T23:43:32,approved,0
3509,55,35,1585.02,USD,2025-04-08T23:28:04,approved,0
3510,23,100,2520.53,EUR,2025-09-10T08:15:28,approved,0
3511,284,86,2293.4,QAR,2022-09-02T04:57:25,approved,0
3512,475,77,750.72,GBP,2024-12-03T00:20:32,approved,0
3513,447,2,990.44,EUR,2024-11-06T01:34:07,approved,0
3514,145,92,2518.38,USD,2022-03-10T17:53:47,approved,0
3515,25,44,1131.21,QAR,2023-03-30T10:41:33,approved,0
3516,415,103,1774.74,USD,2023-01-13T03:49:15,reversed,0
3517,360,54,1706.05,USD,2022-10-08T20:04:10,declined,0
3518,464,56,2888.45,QAR,2023-06-13T04:32:07,approved,0
3519,373,45,1698.81,QAR,2024-03-23T05:03:29,approved,0
3520,261,106,1680.88,QAR,2025-04-12T22:46:20,approved,0
3521,200,1,2586.21,USD,2023-05-17T07:05:46,approved,0
3522,190,54,2905.92,USD,2022-09-03T13:25:22,approved,0
3523,263,81,291.46,USD,2025-03-22T19:22:54,approved,0
3524,257,73,2026.89,USD,2025-08-22T03:25:17,approved,0
3525,74,113,2172.88,QAR,2023-10-24T06:50:56,approved,0
3526,116,3,1416.35,USD,2023-07-10T23:35:58,approved,0
3527,470,24,1240.84,QAR,2025-10-03T18:23:52,approved,0
3528,251,33,963.14,USD,2024-10-29T23:00:44,approved,0
3529,296,32,938.25,AED,2024-11-27T07:23:17,approved,0
3530,431,19,2026.64,USD,2024-12-22T11:36:34,declined,0
3531,89,2,1301.25,USD,2024-02-20T19:12:11,approved,0
3532,213,104,427.93,USD,2025-11-10T05:08:15,approved,0
3533,413,23,1411.09,USD,2023-06-05T03:34:13,approved,0
3534,386,45,2895.83,EUR,2024-08-21T17:52:47,approved,0
3535,464,101,2785.08,QAR,2022-10-02T16:01:05,approved,0
3536,348,4,1262.64,EUR,2024-01-14T00:08:47,approved,0
3537,147,35,1365.58,GBP,2025-09-27T06:17:06,reversed,0
3538,145,90,741.63,USD,2023-03-21T05:15:47,approved,0
3539,221,108,1989.61,USD,2024-08-17T18:40:03,declined,0
3540,250,96,772.51,USD,2025-07-23T04:48:03,approved,0
3541,339,112,186.43,USD,2023-04-17T16:16:15,approved,0
3542,89,51,55.5,USD,2025-01-23T14:30:45,approved,0
3543,178,83,666.62,QAR,2023-08-02T04:08:20,approved,0
3544,316,17,403.53,USD,2024-10-05T15:28:49,approved,0
3545,186,58,2024.01,USD,2022-08-07T21:51:33,approved,0
3546,48,13,2807.18,USD,2023-09-25T13:02:14,approved,0
3547,118,75,2481.66,GBP,2024-12-30T15:34:53,approved,0
3548,416,101,49.41,GBP,2025-09-28T09:29:21,declined,0
3549,453,76,2316.03,USD,2025-09-20T16:50:38,approved,0
3550,29,113,1151.19,GBP,2023-05-16T21:37:11,approved,0
3551,331,82,165.6,AED,2023-10-12T09:26:05,approved,0
3552,361,83,1423.65,AED,2024-04-22T23:28:41,approved,0
3553,35,67,2981.01,EUR,2024-06-08T06:45:26,approved,0
3554,116,112,1723.43,EUR,2023-08-19T20:20:50,approved,0
3555,34,15,2137.6,USD,2024-06-16T05:14:40,approved,0
3556,45,80,843.79,USD,2024-09-25T18:27:08,approved,0
3557,469,101,1751.07,QAR,2023-12-25T09:49:36,declined,0
3558,348,60,1711.44,GBP,2025-02-08T20:40:09,approved,0
3559,11,6,1651.32,EUR,2022-02-17T00:06:47,approved,0
3560,209,86,1249.82,USD,2023-01-09T10:05:20,approved,0
3561,56,33,2601.39,GBP,2022-03-29T18:44:25,approved,0
3562,402,86,2972.69,USD,2024-11-13T00:00:45,approved,0
3563,264,89,1452.27,USD,2022-11-17T21:11:30,approved,0
3564,151,113,2927.91,EUR,2024-03-18T13:22:45,approved,0
3565,418,67,596.73,USD,2023-12-09T03:29:07,approved,0
3566,170,9,541.76,USD,2023-06-09T06:48:15,approved,0
3567,238,48,2027.19,EUR,2024-10-16T14:13:16,declined,0
3568,67,50,2397.9,GBP,2024-12-25T15:20:03,approved,0
3569,154,91,1941.87,USD,2022-07-08T08:00:30,declined,0
3570,459,88,1884.0,QAR,2022-03-03T13:05:42,reversed,0
3571,247,108,794.07,USD,2025-12-20T13:38:48,approved,0
3572,243,20,2381.38,QAR,2022-07-04T14:07:48,declined,0
3573,118,48,1171.36,USD,2023-05-17T23:03:13,approved,0
3574,199,120,2966.79,QAR,2024-02-01T22:09:56,approved,0
3575,373,95,2668.58,USD,2023-10-18T23:00:30,reversed,0
3576,383,8,1984.24,USD,2025-11-11T07:41:38,approved,0
3577,198,35,2841.97,USD,2025-10-21T02:11:43,approved,0
3578,358,82,2366.45,USD,2024-04-09T21:59:15,approved,0
3579,91,111,2886.29,USD,2024-03-18T22:19:16,approved,0
3580,20,75,956.45,EUR,2023-11-21T12:56:25,approved,1
3581,334,51,604.15,USD,2022-08-30T01:22:43,approved,0
3582,229,66,1388.04,GBP,2025-12-29T20:03:55,approved,0
3583,56,12,615.04,EUR,2023-02-05T22:46:30,approved,0
3584,324,32,1813.85,USD,2022-11-24T15:59:40,declined,0
3585,305,41,1743.07,USD,2024-06-21T14:30:44,approved,0
3586,265,76,1755.14,GBP,2024-08-29T02:11:44,approved,0
3587,312,98,1804.76,USD,2023-08-22T22:35:11,reversed,0
3588,5,7,1971.26,EUR,2023-03-21T22:52:06,approved,0
3589,261,74,586.72,QAR,2024-05-11T00:10:04,approved,0
3590,433,69,862.81,USD,2024-09-14T02:44:08,approved,0
3591,270,35,520.0,EUR,2024-02-06T02:46:37,approved,0
3592,44,61,1308.33,AED,2024-01-17T10:35:38,approved,0
3593,189,47,2648.96,EUR,2023-10-24T17:31:42,approved,0
3594,224,25,19.21,EUR,2022-10-30T17:49:55,approved,0
3595,115,103,708.14,AED,2025-01-17T14:33:39,approved,0
3596,458,25,1053.55,QAR,2025-08-21T13:19:31,declined,0
3597,341,40,2551.78,USD,2024-04-24T08:43:23,approved,0
3598,78,115,1560.72,USD,2022-01-21T03:35:22,approved,0
3599,280,7,2804.02,USD,2024-04-05T23:19:52,declined,0
3600,14,96,2033.59,USD,2025-08-25T00:20:33,approved,1
3601,464,83,1669.06,EUR,2024-05-11T15:38:31,approved,0
3602,256,56,239.98,USD,2024-12-24T23:35:27,approved,0
3603,403,82,888.44,GBP,2023-05-12T07:14:19,approved,0
3604,381,74,1226.45,USD,2024-09-09T18:57:55,approved,0
3605,477,89,1292.35,QAR,2024-10-25T03:39:59,approved,1
3606,112,63,871.93,USD,2025-08-01T15:15:18,reversed,0
3607,494,22,347.68,USD,2023-10-17T20:00:16,approved,0
3608,14,80,1435.65,QAR,2025-02-28T13:10:38,approved,0
3609,301,63,1353.79,AED,2024-04-19T12:01:36,approved,0
3610,163,75,346.32,EUR,2024-06-18T09:31:46,approved,0
3611,105,79,1324.78,USD,2023-12-18T16:28:51,approved,0
3612,350,88,1040.37,EUR,2024-01-12T14:07:15,approved,0
3613,275,33,2877.65,USD,2025-05-15T12:04:58,approved,0
3614,164,24,1018.16,USD,2024-09-03T15:17:15,approved,0
3615,73,29,1523.75,USD,2024-06-29T11:24:57,approved,0
3616,470,80,245.99,USD,2025-02-26T16:30:21,approved,0
3617,343,69,2545.33,USD,2023-01-19T19:02:40,approved,0
3618,166,76,38.86,USD,2022-08-21T14:14:24,approved,0
3619,17,42,2188.61,USD,2023-04-04T08:19:59,approved,0
3620,441,85,2218.67,USD,2022-10-03T06:39:14,approved,0
3621,29,100,2937.06,USD,2023-04-30T06:23:56,approved,0
3622,189,79,2834.78,USD,2025-04-13T21:34:01,approved,0
3623,81,65,559.34,GBP,2025-05-02T12:58:00,approved,0
3624,392,81,977.0,USD,2025-08-27T17:09:49,approved,0
3625,98,60,2556.11,USD,2022-04-08T18:59:30,approved,0
3626,417,66,2174.76,QAR,2024-02-28T13:01:36,approved,0
3627,256,65,2431.62,QAR,2022-01-23T01:43:41,approved,0
3628,339,6,1332.18,USD,2024-03-29T05:39:57,reversed,0
3629,396,95,83.55,USD,2024-06-23T19:14:45,approved,0
3630,208,46,444.85,USD,2023-12-09T09:24:15,approved,0
3631,344,11,2214.03,USD,2022-09-05T02:29:28,approved,0
3632,431,99,2871.81,QAR,2024-06-24T05:17:51,approved,0
3633,367,113,1771.75,QAR,2025-02-06T14:42:02,reversed,0
3634,156,1,1485.54,GBP,2023-02-15T22:35:51,approved,0
3635,201,44,1856.53,USD,2024-06-14T16:13:55,approved,0
3636,394,59,2222.8,AED,2023-12-17T02:51:12,approved,0
3637,213,58,546.65,GBP,2024-12-31T03:20:24,approved,0
3638,401,4,2484.18,USD,2024-12-02T10:14:28,approved,0
3639,395,20,336.69,AED,2025-03-20T05:19:05,approved,0
3640,124,1,2612.65,USD,2023-01-29T18:02:53,declined,0
3641,111,5,1225.18,USD,2024-10-24T06:55:27,approved,0
3642,476,16,1271.31,USD,2025-01-02T12:27:21,approved,0
3643,205,61,1443.28,AED,2023-12-18T18:22:28,approved,0
3644,386,102,982.78,USD,2022-01-07T10:47:48,approved,0
3645,247,116,1977.5,USD,2022-01-25T09:02:11,approved,0
3646,384,69,1953.66,GBP,2025-01-27T02:01:40,approved,0
3647,167,68,1343.77,USD,2024-09-19T16:18:48,approved,0
3648,77,6,1580.13,USD,2022-08-22T00:50:18,approved,0
3649,240,95,2850.04,GBP,2025-04-02T07:07:25,approved,0
3650,61,55,2300.05,QAR,2022-06-26T10:40:23,approved,0
3651,46,30,1944.42,USD,2023-07-19T14:42:41,approved,0
3652,447,107,937.04,EUR,2022-03-11T20:35:37,approved,0
3653,12,52,2622.67,EUR,2025-10-28T01:59:41,approved,0
3654,158,80,727.5,USD,2023-12-15T23:44:54,declined,0
3655,485,6,2761.1,USD,2025-09-04T12:13:35,approved,0
3656,72,112,495.9,USD,2024-11-10T23:06:31,approved,0
3657,121,45,195.74,GBP,2023-08-31T20:42:11,approved,0
3658,447,101,1838.5,QAR,2024-04-13T12:44:15,approved,0
3659,21,94,106.53,USD,2025-04-26T22:35:01,approved,0
3660,462,93,1651.31,GBP,2024-05-04T15:40:10,approved,0
3661,6,88,1726.91,USD,2024-06-15T01:36:37,approved,0
3662,38,64,2474.26,AED,2024-10-23T03:56:25,reversed,0
3663,467,72,309.74,QAR,2023-04-16T20:34:18,approved,0
3664,93,71,289.6,USD,2024-02-20T08:20:16,declined,0
3665,79,48,1318.7,USD,2023-12-17T07:26:06,approved,0
3666,257,58,1185.2,GBP,2022-11-28T18:22:59,approved,0
3667,300,40,1465.87,USD,2025-02-11T01:40:36,approved,0
3668,232,16,1399.81,USD,2023-03-28T02:48:21,approved,0
3669,218,5,2681.63,USD,2022-06-18T08:53:58,approved,0
3670,460,54,1000.24,QAR,2023-06-22T03:23:11,approved,0
3671,177,88,1979.47,GBP,2022-10-21T19:57:50,approved,0
3672,373,48,772.34,EUR,2025-03-20T03:53:14,declined,0
3673,286,6,764.36,USD,2024-05-27T04:01:38,approved,0
3674,99,57,741.1,USD,2023-10-29T23:10:19,declined,0
3675,344,54,9.29,QAR,2023-07-31T21:43:07,approved,0
3676,391,115,812.24,GBP,2024-06-10T22:07:12,approved,0
3677,167,46,1025.78,USD,2023-02-09T04:52:27,approved,0
3678,107,69,768.98,USD,2025-11-09T11:22:04,approved,0
3679,181,35,2789.34,QAR,2025-07-11T11:49:09,approved,0
3680,189,52,2708.04,USD,2022-05-07T16:57:17,approved,0
3681,89,90,41.71,USD,2022-05-28T04:25:12,approved,0
3682,340,24,1970.41,USD,2024-12-20T03:46:50,approved,0
3683,82,58,743.88,USD,2024-04-18T04:28:28,declined,0
3684,150,56,2646.5,USD,2024-11-03T16:55:07,approved,0
3685,391,50,1613.21,USD,2025-12-17T14:48:18,approved,0
3686,295,38,806.92,EUR,2022-05-30T06:26:31,approved,0
3687,81,111,2488.1,GBP,2024-04-05T13:32:16,approved,0
3688,449,1,2729.65,USD,2024-04-08T20:27:57,approved,0
3689,391,24,97.18,USD,2022-09-10T22:45:49,approved,0
3690,231,77,46.41,USD,2022-03-26T06:35:43,approved,0
3691,53,84,958.06,AED,2022-07-16T16:01:06,approved,0
3692,419,2,474.24,USD,2025-01-06T01:55:07,approved,0
3693,271,108,2079.98,QAR,2025-08-12T11:12:04,approved,0
3694,454,86,2682.49,EUR,2025-01-19T03:23:31,approved,0
3695,441,41,1740.25,USD,2025-10-11T12:49:27,approved,0
3696,94,31,2147.74,USD,2023-08-17T12:02:09,approved,0
3697,90,104,432.37,QAR,2024-10-09T17:40:38,approved,0
3698,492,44,316.09,GBP,2025-11-27T04:55:57,approved,0
3699,483,102,2329.5,USD,2024-05-01T04:04:03,approved,0
3700,166,111,1441.24,EUR,2025-04-06T15:59:41,approved,0
3701,315,114,1571.31,USD,2025-06-06T15:41:22,approved,0
3702,272,51,1256.36,USD,2024-12-28T06:26:35,approved,0
3703,477,104,2021.5,USD,2023-08-19T01:28:14,approved,0
3704,270,88,2921.04,USD,2023-07-29T06:37:01,approved,1
3705,458,20,80.45,USD,2025-09-23T12:11:25,approved,0
3706,324,23,2954.87,QAR,2024-10-05T09:32:52,approved,0
3707,320,67,2149.37,QAR,2025-06-15T05:04:14,approved,0
3708,61,114,991.86,USD,2025-05-05T06:11:08,approved,0
3709,90,99,985.27,USD,2023-08-31T18:42:54,approved,0
3710,487,109,2678.97,USD,2024-01-24T09:15:41,approved,0
3711,404,40,1084.3,USD,2025-01-23T01:03:30,approved,0
3712,294,23,2209.86,USD,2024-05-27T06:25:26,reversed,0
3713,124,62,2527.13,USD,2025-07-31T20:23:41,approved,0
3714,173,70,733.54,USD,2022-03-21T00:55:47,approved,0
3715,17,79,1744.01,GBP,2022-08-25T14:50:09,approved,0
3716,407,30,2298.12,AED,2025-12-18T16:00:18,approved,0
3717,413,97,1125.53,USD,2024-05-11T08:01:07,approved,0
3718,16,12,2660.19,EUR,2023-03-04T10:11:00,approved,0
3719,90,104,2915.32,USD,2025-03-07T06:04:24,approved,0
3720,198,52,2513.96,USD,2022-08-28T12:06:18,approved,0
3721,80,25,318.0,USD,2022-06-25T22:28:07,approved,0
3722,163,60,2763.88,USD,2023-11-16T03:38:42,approved,0
3723,284,10,1794.85,GBP,2022-01-12T10:26:49,approved,0
3724,327,46,473.58,USD,2023-04-08T11:38:23,approved,0
3725,123,47,547.99,USD,2025-08-28T00:09:45,approved,0
3726,270,101,2271.77,USD,2022-07-20T01:25:26,approved,0
3727,87,38,1744.2,AED,2024-01-21T14:28:28,approved,0
3728,297,6,1102.89,USD,2023-11-22T06:09:08,approved,0
3729,320,120,1855.18,QAR,2025-11-22T21:49:22,approved,0
3730,162,68,1394.84,QAR,2025-07-02T22:58:54,declined,0
3731,366,15,1204.33,GBP,2023-05-26T03:30:06,approved,0
3732,48,9,775.66,GBP,2022-08-26T05:18:44,approved,0
3733,187,114,917.45,USD,2023-03-21T02:58:43,declined,0
3734,473,95,1410.95,QAR,2023-06-25T02:36:57,declined,0
3735,206,77,964.89,QAR,2023-10-13T20:03:34,approved,0
3736,3,25,763.99,QAR,2025-08-23T02:59:31,approved,0
3737,237,4,1162.08,USD,2022-03-17T03:06:43,approved,0
3738,114,110,273.24,AED,2025-07-17T20:05:29,approved,0
3739,494,41,1411.45,USD,2024-05-14T08:00:01,approved,0
3740,397,110,1950.58,GBP,2023-10-12T09:54:08,approved,0
3741,364,115,2619.7,EUR,2022-11-01T09:04:07,approved,0
3742,139,98,2066.12,USD,2025-09-15T22:53:04,approved,0
3743,243,41,2633.2,EUR,2024-06-12T04:17:58,approved,0
3744,118,108,189.22,USD,2023-08-25T04:47:04,approved,0
3745,262,34,1202.19,USD,2025-05-08T11:06:40,approved,0
3746,122,36,2758.21,USD,2023-10-15T04:04:54,approved,0
3747,132,42,566.6,QAR,2022-07-21T13:48:55,approved,0
3748,5,56,103.13,USD,2023-08-13T03:06:44,declined,0
3749,476,84,314.47,USD,2025-10-12T09:41:27,approved,0
3750,324,14,2271.23,USD,2024-10-13T17:38:54,approved,0
3751,275,55,1730.65,EUR,2023-10-20T14:47:24,approved,0
3752,393,68,683.81,USD,2022-08-07T22:43:20,approved,0
3753,328,37,1466.38,QAR,2023-05-08T07:17:44,approved,0
3754,425,84,2569.94,USD,2024-06-03T19:30:02,approved,0
3755,396,47,470.4,AED,2023-05-10T02:42:51,approved,0
3756,442,41,148.25,AED,2025-02-28T06:30:01,approved,0
3757,266,42,1864.89,EUR,2025-11-27T14:17:41,approved,0
3758,87,73,65.7,GBP,2025-09-07T11:02:38,approved,0
3759,79,65,204.13,USD,2022-11-10T12:25:32,approved,0
3760,380,113,1819.82,EUR,2022-12-19T09:04:27,declined,0
3761,306,45,2585.78,USD,2025-11-14T23:46:59,declined,0
3762,405,49,534.15,USD,2025-08-16T19:01:32,reversed,0
3763,382,84,163.67,USD,2023-02-17T02:48:07,approved,0
3764,61,59,2809.78,USD,2022-10-13T17:09:49,approved,0
3765,124,11,557.76,USD,2024-10-17T04:22:00,approved,0
3766,110,67,2554.24,QAR,2024-05-28T03:27:11,approved,0
3767,491,34,277.6,USD,2022-12-24T15:41:45,approved,0
3768,162,84,1476.71,EUR,2023-06-05T05:58:50,approved,0
3769,370,20,37.57,USD,2022-03-13T14:38:15,declined,0
3770,190,84,1525.54,USD,2025-12-22T19:18:09,approved,0
3771,340,43,2989.13,USD,2023-11-07T07:55:57,approved,0
3772,443,99,1724.88,USD,2025-11-01T17:31:31,approved,0
3773,311,29,1187.35,EUR,2023-01-09T15:13:29,approved,0
3774,114,67,2165.54,USD,2025-10-26T02:08:37,approved,0
3775,54,14,1979.8,EUR,2023-05-06T20:13:03,approved,0
3776,97,48,2836.73,EUR,2022-12-31T08:25:36,approved,0
3777,398,105,866.46,GBP,2022-08-01T05:13:08,approved,0
3778,117,110,512.04,USD,2024-09-18T07:33:48,approved,0
3779,413,61,179.59,GBP,2025-03-24T09:13:37,approved,0
3780,246,2,2951.97,AED,2025-02-24T14:33:13,approved,0
3781,116,15,1273.9,QAR,2025-02-08T05:08:24,approved,0
3782,317,104,1788.98,USD,2024-02-02T03:39:14,approved,0
3783,279,39,811.33,EUR,2025-02-19T07:34:00,approved,0
3784,333,57,2663.92,QAR,2025-01-18T03:06:14,approved,0
3785,344,33,1725.44,USD,2023-09-20T11:20:19,approved,0
3786,452,2,48.51,QAR,2023-12-31T10:41:32,approved,0
3787,470,34,1656.21,USD,2022-09-12T16:01:42,approved,0
3788,334,96,698.56,AED,2022-04-29T04:46:58,approved,0
3789,303,71,2291.77,AED,2024-11-21T15:47:22,approved,0
3790,191,55,2310.89,USD,2023-04-26T06:47:02,approved,1
3791,211,54,2043.83,USD,2025-08-13T21:44:25,approved,0
3792,47,13,1720.07,AED,2024-06-01T22:05:06,reversed,0
3793,173,96,662.22,EUR,2024-09-30T06:46:07,approved,0
3794,30,30,1464.02,EUR,2024-08-13T00:49:13,approved,0
3795,109,4,1243.68,QAR,2025-04-04T04:56:03,declined,0
3796,471,48,1553.04,USD,2022-10-22T03:25:11,approved,0
3797,355,39,382.68,USD,2023-07-07T15:15:09,approved,0
3798,165,8,2303.78,QAR,2022-10-03T18:42:38,approved,0
3799,113,50,2421.59,QAR,2025-07-02T20:07:08,approved,0
3800,82,117,2692.33,GBP,2025-06-26T11:30:35,approved,0
3801,12,109,704.0,EUR,2025-12-08T10:00:58,reversed,0
3802,310,97,2407.08,AED,2024-04-28T17:55:51,declined,0
3803,143,42,1307.44,AED,2024-07-03T23:44:46,approved,0
3804,374,58,792.09,AED,2022-03-10T10:16:03,declined,0
3805,463,11,2921.29,QAR,2025-11-15T21:20:26,approved,0
3806,5,73,2361.62,USD,2024-03-17T20:31:51,approved,0
3807,348,32,108.23,AED,2022-05-27T07:56:16,approved,0
3808,448,5,1048.65,EUR,2022-04-17T12:40:30,approved,0
3809,131,101,2356.02,AED,2024-01-06T09:33:16,approved,0
3810,21,114,882.81,USD,2025-12-31T13:16:54,approved,0
3811,198,68,2376.22,USD,2025-01-01T14:22:10,approved,1
3812,459,71,1743.72,USD,2023-08-01T12:27:08,approved,0
3813,43,25,1591.97,EUR,2025-05-18T10:47:05,approved,0
3814,88,86,2677.57,GBP,2024-02-26T11:11:43,approved,0
3815,346,16,1105.67,USD,2022-02-16T09:15:06,approved,1
3816,445,108,2789.18,USD,2024-10-15T08:04:40,approved,0
3817,487,103,1453.61,GBP,2025-09-16T12:56:12,approved,0
3818,52,81,121.53,AED,2023-04-14T05:44:15,approved,0
3819,242,8,488.16,USD,2024-02-09T03:26:32,approved,0
3820,195,76,1259.42,USD,2025-08-11T16:38:57,approved,0
3821,158,11,2824.54,USD,2023-01-15T16:57:49,approved,0
3822,410,102,727.75,USD,2022-09-18T08:47:43,approved,0
3823,478,92,1787.9,GBP,2025-03-30T14:47:45,approved,0
3824,368,110,799.93,QAR,2024-12-21T18:19:01,declined,0
3825,159,50,1020.59,GBP,2025-01-19T08:57:25,approved,0
3826,297,20,1933.79,USD,2024-10-27T15:35:01,approved,0
3827,125,62,1193.1,EUR,2024-09-04T13:51:16,approved,0
3828,106,58,1594.33,USD,2023-07-16T04:22:07,approved,0
3829,233,16,1271.52,QAR,2025-03-16T14:19:28,approved,0
3830,218,89,2851.29,GBP,2025-11-18T19:05:37,approved,0
3831,187,21,1142.88,USD,2023-12-03T18:42:41,approved,0
3832,223,111,1738.95,QAR,2022-02-01T16:50:22,approved,0
3833,164,74,352.09,EUR,2025-08-29T13:46:50,approved,0
3834,303,84,2013.38,AED,2024-09-20T01:42:19,approved,0
3835,245,62,2750.27,AED,2023-07-11T01:22:51,approved,0
3836,484,119,168.1,AED,2022-02-07T22:05:23,approved,0
3837,317,37,109.27,QAR,2025-06-25T22:39:56,approved,0
3838,166,17,1111.87,AED,2023-03-20T15:16:58,approved,0
3839,138,46,1011.22,USD,2025-10-02T20:30:24,declined,0
3840,345,53,633.14,QAR,2025-11-13T08:11:00,approved,0
3841,14,73,2695.69,AED,2022-01-21T21:28:10,approved,0
3842,67,68,1875.83,EUR,2022-10-20T15:24:36,approved,0
3843,285,64,182.45,GBP,2025-04-05T08:53:55,approved,0
3844,219,105,1210.44,USD,2024-05-17T19:34:01,approved,0
3845,238,56,2044.67,USD,2025-01-12T05:41:57,approved,0
3846,412,37,591.24,USD,2022-04-26T15:38:53,approved,0
3847,182,29,1435.64,QAR,2024-08-14T21:33:16,approved,0
3848,216,37,1693.63,USD,2022-08-17T12:12:43,approved,0
3849,438,108,2060.41,QAR,2023-12-04T19:11:22,approved,0
3850,38,45,1282.42,USD,2022-05-07T15:39:32,approved,0
3851,343,6,65.36,USD,2023-03-18T23:19:52,approved,1
3852,107,99,1442.01,USD,2024-06-04T18:55:45,approved,0
3853,320,37,294.81,USD,2025-11-27T12:43:36,approved,0
3854,314,16,355.71,EUR,2025-03-18T09:26:57,approved,0
3855,55,70,468.76,USD,2025-05-12T03:16:27,declined,0
3856,50,11,1961.27,USD,2023-01-22T07:36:52,declined,0
3857,189,78,2856.25,AED,2025-10-24T13:41:37,approved,0
3858,486,119,871.66,USD,2025-10-15T06:46:30,approved,0
3859,382,114,2992.4,QAR,2024-12-21T16:19:24,approved,0
3860,124,40,1884.17,EUR,2023-10-27T01:47:15,approved,0
3861,92,112,1346.76,GBP,2025-11-01T02:29:36,approved,0
3862,82,46,141.66,QAR,2023-12-23T06:10:27,approved,0
3863,143,111,2526.02,EUR,2025-10-15T22:32:15,approved,0
3864,489,72,2156.65,GBP,2024-09-25T18:56:15,approved,0
3865,270,73,2496.68,QAR,2022-06-12T05:54:33,reversed,0
3866,260,63,1441.42,USD,2025-01-07T12:58:39,approved,0
3867,227,49,2115.47,QAR,2022-12-05T19:24:55,approved,0
3868,161,24,2504.88,USD,2023-10-11T15:14:04,approved,0
3869,10,37,62.52,USD,2022-01-17T14:51:06,approved,0
3870,398,103,840.93,GBP,2023-05-24T14:03:59,approved,0
3871,271,119,300.87,EUR,2023-03-31T11:20:01,approved,0
3872,108,116,191.17,USD,2022-08-22T23:20:32,approved,0
3873,432,29,2863.27,USD,2023-03-25T15:03:44,approved,0
3874,34,86,2079.78,USD,2023-01-26T02:57:28,approved,0
3875,411,64,2996.78,USD,2022-08-01T22:59:44,reversed,0
3876,228,28,1360.53,USD,2025-05-04T15:51:40,approved,0
3877,454,112,19.07,EUR,2023-08-16T18:10:26,approved,0
3878,283,79,2558.82,QAR,2022-11-23T23:43:57,approved,0
3879,213,10,627.73,USD,2023-07-07T22:37:27,declined,0
3880,469,84,940.65,USD,2023-07-09T07:21:34,approved,0
3881,425,61,252.21,QAR,2025-12-27T00:50:02,declined,0
3882,43,115,948.86,USD,2022-05-24T22:07:36,declined,0
3883,467,115,2886.35,QAR,2024-04-12T01:53:09,approved,0
3884,98,103,2666.27,QAR,2024-10-09T15:38:27,approved,0
3885,132,117,1508.27,QAR,2024-02-10T04:20:30,approved,0
3886,87,23,930.23,QAR,2022-04-27T12:37:56,approved,0
3887,257,54,2271.1,GBP,2024-10-04T10:54:16,approved,0
3888,82,64,2331.97,USD,2022-08-26T09:35:35,approved,0
3889,29,48,2893.6,USD,2022-06-04T18:31:42,approved,0
3890,467,63,128.03,USD,2024-10-04T23:35:24,approved,0
3891,24,34,813.95,USD,2023-09-05T08:47:08,approved,0
3892,393,19,2246.66,USD,2025-07-12T00:33:34,approved,0
3893,23,9,986.56,USD,2024-06-16T21:32:42,approved,0
3894,91,53,1530.52,QAR,2024-06-28T01:18:09,approved,0
3895,289,86,1515.72,USD,2022-01-12T14:24:42,approved,0
3896,6,6,1288.66,USD,2023-06-27T07:27:23,approved,0
3897,478,29,1788.71,EUR,2024-08-15T12:26:47,approved,0
3898,129,16,2596.91,GBP,2023-10-23T01:01:50,approved,1
3899,353,107,2612.39,USD,2022-08-16T22:47:34,declined,1
3900,230,117,1420.81,USD,2024-11-04T09:23:23,approved,0
3901,321,55,2763.09,USD,2022-04-04T13:27:31,approved,0
3902,372,21,2395.55,USD,2023-04-22T09:37:55,approved,0
3903,487,82,1776.43,USD,2024-01-13T05:28:11,approved,0
3904,274,29,590.44,AED,2024-08-07T08:50:44,approved,0
3905,296,14,513.39,GBP,2023-12-09T18:37:51,approved,0
3906,239,81,2635.01,USD,2024-12-28T17:01:05,approved,0
3907,176,97,1216.2,USD,2024-12-25T06:26:06,approved,0
3908,277,5,447.87,USD,2025-09-09T01:50:04,approved,0
3909,87,92,143.7,EUR,2023-05-09T14:03:14,declined,0
3910,317,46,2655.22,EUR,2023-10-14T03:25:28,declined,0
3911,224,91,1241.22,AED,2024-04-11T11:34:55,approved,0
3912,99,50,2567.93,USD,2024-01-07T07:55:24,approved,0
3913,74,104,183.72,USD,2023-10-31T08:23:02,approved,0
3914,468,3,1162.86,USD,2025-06-08T14:35:51,declined,0
3915,422,116,1949.03,EUR,2022-07-18T17:58:12,approved,0
3916,61,97,169.67,USD,2022-01-10T13:24:20,approved,0
3917,492,31,2555.25,GBP,2025-02-28T07:01:48,approved,0
3918,116,90,2436.16,QAR,2024-04-28T00:45:34,approved,0
3919,322,64,2662.98,USD,2025-03-03T21:15:30,approved,0
3920,146,37,1403.5,EUR,2022-04-15T20:53:20,approved,0
3921,30,34,1410.73,USD,2025-09-03T16:36:01,approved,0
3922,135,48,342.52,USD,2025-11-05T01:20:58,approved,0
3923,438,16,2685.28,USD,2023-11-03T15:21:19,approved,0
3924,261,100,2.71,USD,2024-09-19T09:01:24,approved,0
3925,167,101,10.0,USD,2023-10-07T07:11:00,approved,0
3926,275,47,220.75,QAR,2022-04-25T03:12:21,approved,0
3927,48,103,1314.27,USD,2025-10-09T11:00:46,approved,0
3928,444,80,2239.03,USD,2024-12-22T20:17:05,approved,0
3929,48,106,869.9,USD,2025-12-31T00:31:16,approved,0
3930,141,95,2932.29,USD,2024-05-26T18:38:58,approved,0
3931,396,20,1419.52,GBP,2022-10-25T12:35:36,declined,0
3932,230,29,1533.76,QAR,2023-02-20T01:36:59,approved,0
3933,436,27,1808.99,USD,2022-04-15T11:26:12,approved,0
3934,42,20,906.41,QAR,2022-09-10T06:30:13,approved,0
3935,45,18,1936.25,USD,2022-05-23T18:14:57,approved,0
3936,446,25,1293.18,USD,2024-05-25T11:43:44,approved,0
3937,462,95,2906.25,EUR,2025-05-05T08:23:26,approved,0
3938,17,97,1630.06,USD,2022-08-11T09:24:44,approved,0
3939,56,69,1344.34,EUR,2024-09-07T13:49:14,approved,0
3940,24,17,597.03,USD,2023-03-07T07:52:14,approved,0
3941,389,31,312.73,EUR,2022-01-09T04:20:01,approved,0
3942,79,64,50.43,USD,2023-09-28T07:49:53,approved,0
3943,195,55,1546.26,USD,2024-10-20T20:09:24,approved,0
3944,162,62,2201.61,EUR,2024-05-23T06:26:32,approved,0
3945,249,25,1590.69,QAR,2024-12-12T04:12:12,declined,0
3946,236,4,281.92,GBP,2025-04-04T17:10:18,approved,0
3947,352,60,1087.09,USD,2024-03-22T04:06:00,approved,0
3948,449,102,1969.11,QAR,2023-01-21T12:29:33,declined,0
3949,259,84,1951.21,QAR,2025-01-20T18:24:00,approved,0
3950,461,52,2560.85,USD,2024-12-08T02:56:58,approved,0
3951,160,94,2597.03,USD,2025-01-19T21:17:24,approved,0
3952,217,70,2329.17,EUR,2025-05-07T04:10:40,approved,0
3953,313,101,1370.11,EUR,2022-01-18T06:07:02,approved,0
3954,136,72,2175.19,EUR,2023-12-10T23:16:16,declined,0
3955,283,74,135.49,QAR,2023-07-11T17:15:12,approved,0
3956,163,70,1132.69,EUR,2025-07-23T04:24:03,approved,0
3957,344,65,2063.85,USD,2024-05-15T23:46:26,approved,0
3958,328,78,2652.66,USD,2025-11-01T09:14:40,approved,0
3959,285,2,2525.91,USD,2024-12-09T05:59:41,approved,0
3960,431,31,1317.57,USD,2024-12-13T16:31:01,approved,0
3961,171,101,2864.14,USD,2025-07-27T03:15:40,approved,0
3962,40,37,2456.01,AED,2022-09-02T15:42:21,approved,0
3963,247,77,1807.66,AED,2023-06-01T07:12:53,approved,0
3964,82,58,679.64,QAR,2023-12-22T20:55:39,approved,0
3965,17,68,928.11,USD,2024-06-21T16:17:45,declined,0
3966,7,98,346.56,USD,2023-08-26T13:24:08,approved,0
3967,249,66,1987.29,QAR,2023-12-04T20:08:20,declined,0
3968,154,20,790.66,EUR,2024-05-14T12:29:11,approved,0
3969,29,60,487.73,AED,2024-05-10T15:39:17,approved,0
3970,51,41,2967.19,USD,2023-04-12T16:10:28,approved,0
3971,286,53,2013.42,USD,2023-04-30T19:08:51,approved,0
3972,385,78,1575.16,USD,2024-01-04T20:56:16,approved,0
3973,216,24,1689.86,QAR,2022-06-27T01:14:23,approved,0
3974,329,71,157.31,QAR,2023-02-16T15:41:59,approved,0
3975,396,75,484.47,USD,2023-04-20T20:23:00,approved,0
3976,374,10,447.64,USD,2023-08-08T12:40:52,approved,0
3977,39,37,1815.4,USD,2022-06-21T00:03:38,approved,0
3978,428,86,1779.45,USD,2023-11-27T09:59:46,approved,0
3979,243,114,1557.74,USD,2024-03-30T04:41:47,approved,0
3980,442,98,1953.15,USD,2022-01-09T20:20:11,approved,0
3981,341,87,1650.67,USD,2024-07-26T21:59:52,approved,0
3982,491,26,475.22,USD,2024-03-23T11:52:49,declined,0
3983,55,6,2248.95,USD,2024-12-25T21:42:25,approved,0
3984,61,105,1485.07,USD,2023-06-02T00:40:09,approved,0
3985,209,35,530.08,AED,2024-05-11T08:15:19,approved,0
3986,391,86,1242.86,USD,2024-06-01T21:43:58,approved,0
3987,499,25,854.77,QAR,2025-10-08T08:05:05,reversed,1
3988,261,48,2103.96,QAR,2023-01-29T22:53:57,declined,0
3989,256,44,1078.73,EUR,2025-02-22T15:59:20,approved,0
3990,31,34,2171.47,EUR,2023-10-24T05:50:33,approved,0
3991,85,98,686.78,QAR,2022-07-22T12:59:17,approved,1
3992,338,32,1882.28,AED,2025-05-20T15:29:45,approved,0
3993,148,30,685.25,GBP,2022-10-25T18:44:19,approved,0
3994,220,118,2745.71,EUR,2023-08-02T22:03:18,reversed,0
3995,483,59,390.18,EUR,2024-03-16T23:17:58,approved,0
3996,445,102,2216.76,USD,2025-09-16T09:06:36,approved,0
3997,322,115,2377.13,QAR,2022-02-14T01:38:36,approved,0
3998,89,79,1524.57,EUR,2023-05-23T02:24:40,approved,0
3999,258,17,1272.17,USD,2025-05-22T15:49:03,reversed,0
4000,93,37,1548.12,USD,2023-12-03T20:23:30,approved,0
4001,186,99,2546.16,USD,2023-06-19T07:16:43,reversed,0
4002,180,15,1952.67,AED,2023-04-02T09:13:58,approved,0
4003,446,60,2075.95,USD,2022-02-11T13:54:41,approved,0
4004,123,76,987.68,EUR,2023-05-04T10:59:28,approved,0
4005,470,35,2570.93,EUR,2024-08-25T06:44:46,approved,0
4006,84,10,1912.25,GBP,2023-01-09T12:19:40,approved,0
4007,262,11,959.37,USD,2024-10-12T17:32:37,approved,0
4008,498,59,157.44,USD,2022-02-27T14:01:39,approved,0
4009,11,82,1207.74,USD,2025-10-01T06:11:28,approved,0
4010,366,85,2620.82,QAR,2023-02-19T04:27:21,approved,1
4011,394,64,1819.89,USD,2024-10-02T01:30:32,approved,0
4012,435,83,726.37,EUR,2024-11-25T15:31:42,approved,0
4013,334,25,1861.71,EUR,2023-02-04T12:36:51,approved,0
4014,186,36,804.58,QAR,2025-04-15T17:43:14,reversed,0
4015,232,92,2671.11,USD,2022-12-06T12:51:09,approved,1
4016,215,103,2753.98,USD,2025-05-20T23:36:20,approved,0
4017,229,110,2403.27,QAR,2024-10-08T03:23:41,approved,0
4018,493,27,213.89,EUR,2025-03-21T07:04:50,approved,0
4019,419,64,989.74,USD,2022-05-11T19:53:27,approved,0
4020,195,47,1892.08,USD,2022-02-11T00:50:02,approved,0
4021,158,85,1833.2,EUR,2024-12-04T21:58:48,approved,0
4022,394,1,1054.4,EUR,2023-10-29T07:32:57,approved,0
4023,403,54,581.46,EUR,2022-01-06T10:57:13,declined,0
4024,197,77,626.17,GBP,2024-08-15T20:36:58,approved,0
4025,446,119,2865.96,USD,2024-02-28T05:11:25,declined,0
4026,244,41,584.92,USD,2023-12-14T05:42:16,approved,0
4027,252,18,2578.02,USD,2023-10-28T14:38:12,approved,0
4028,334,39,754.79,EUR,2022-08-24T18:45:36,approved,0
4029,497,87,1724.92,AED,2025-08-27T12:11:40,approved,0
4030,143,1,2897.63,QAR,2022-10-16T15:28:42,approved,0
4031,438,119,687.1,EUR,2024-12-17T10:00:41,approved,0
4032,57,115,1625.83,USD,2025-08-16T03:50:01,declined,0
4033,273,56,1359.89,AED,2024-09-03T11:37:06,approved,0
4034,192,54,1290.04,QAR,2025-06-22T13:51:25,approved,0
4035,408,2,2905.95,GBP,2022-04-22T22:17:15,approved,1
4036,42,1,2961.75,USD,2024-02-01T10:29:24,approved,0
4037,215,109,1927.91,GBP,2024-03-19T11:47:29,declined,0
4038,302,83,1430.87,AED,2022-06-21T01:21:00,approved,0
4039,11,102,2257.44,GBP,2023-05-10T07:03:39,approved,0
4040,219,98,2108.56,USD,2025-12-10T15:40:01,approved,0
4041,429,49,2852.42,USD,2024-08-05T07:53:53,approved,0
4042,398,113,2621.49,USD,2025-05-06T00:31:45,approved,0
4043,427,54,448.5,USD,2025-03-24T20:24:07,approved,0
4044,58,110,2527.0,USD,2022-09-07T12:38:03,approved,0
4045,236,8,996.32,USD,2022-08-31T03:29:42,approved,0
4046,349,61,1330.31,USD,2023-02-20T03:38:36,reversed,0
4047,17,73,2790.4,USD,2022-04-10T17:29:17,approved,0
4048,442,20,450.42,QAR,2024-11-13T07:01:32,approved,0
4049,265,40,2137.02,USD,2025-02-27T17:32:58,approved,0
4050,111,59,1045.95,USD,2024-12-23T23:25:34,approved,0
4051,229,33,2761.95,USD,2025-11-26T07:00:55,approved,0
4052,366,57,196.28,USD,2024-09-26T10:37:22,approved,0
4053,100,110,2283.77,QAR,2024-02-27T14:54:09,approved,0
4054,428,42,1146.81,GBP,2024-12-04T02:17:01,approved,0
4055,94,38,2257.51,USD,2025-06-01T20:53:53,approved,0
4056,329,31,1349.24,USD,2023-10-30T01:36:17,approved,0
4057,415,101,651.41,USD,2025-03-13T13:40:15,approved,0
4058,408,29,356.25,EUR,2025-06-05T02:23:06,approved,0
4059,124,49,2421.83,QAR,2022-02-23T08:57:28,approved,0
4060,376,40,845.7,USD,2023-12-12T21:51:34,approved,0
4061,390,29,1849.45,QAR,2024-10-09T17:36:56,approved,0
4062,321,10,1867.51,EUR,2024-06-07T17:38:03,approved,0
4063,219,87,151.84,USD,2024-12-06T02:57:53,approved,0
4064,220,115,1916.78,QAR,2024-03-07T03:06:30,approved,0
4065,428,78,836.36,AED,2024-04-18T15:03:35,reversed,0
4066,266,96,2936.02,EUR,2023-07-28T21:00:16,approved,0
4067,365,88,1769.05,GBP,2025-12-08T15:11:18,reversed,0
4068,31,26,252.37,USD,2024-11-30T13:05:28,approved,0
4069,223,23,2319.98,EUR,2025-06-04T09:40:59,approved,0
4070,492,13,1830.84,EUR,2023-12-11T16:59:13,approved,0
4071,307,74,115.62,USD,2024-04-06T07:13:16,declined,0
4072,75,57,2758.19,USD,2024-08-27T01:34:20,approved,0
4073,85,55,1519.45,USD,2025-09-11T23:23:47,approved,0
4074,143,33,1615.55,USD,2023-05-09T16:40:00,approved,0
4075,440,44,1432.91,EUR,2022-07-24T21:23:55,reversed,0
4076,280,98,2678.96,AED,2023-05-24T05:57:59,approved,0
4077,259,98,648.69,USD,2022-08-29T14:20:57,approved,0
4078,349,92,662.65,USD,2023-05-30T22:09:06,approved,0
4079,409,95,1448.69,EUR,2024-06-04T10:27:10,approved,0
4080,454,29,1122.61,USD,2025-12-23T08:54:44,approved,0
4081,268,6,2997.05,USD,2024-11-27T05:39:57,approved,0
4082,348,70,479.39,USD,2024-01-19T23:22:33,approved,0
4083,97,112,2198.16,USD,2024-05-26T05:40:40,approved,0
4084,238,93,654.32,USD,2022-05-04T11:22:34,approved,0
4085,215,19,2267.69,QAR,2025-09-22T02:26:29,approved,1
4086,44,48,595.5,USD,2024-07-09T23:01:49,approved,0
4087,49,107,2713.7,USD,2024-06-27T15:59:21,approved,0
4088,279,66,2090.39,USD,2024-09-25T02:15:28,reversed,0
4089,242,2,1575.99,QAR,2025-11-14T10:15:32,approved,0
4090,282,95,2988.82,GBP,2025-12-13T04:41:50,approved,0
4091,445,79,1172.26,QAR,2024-07-16T22:47:23,approved,0
4092,250,102,2279.48,USD,2023-08-14T10:07:10,approved,0
4093,80,22,461.27,USD,2025-09-07T06:50:17,approved,0
4094,347,35,2400.35,USD,2025-03-04T21:46:24,approved,0
4095,230,10,1677.88,QAR,2024-02-10T01:58:46,approved,0
4096,334,26,1816.43,USD,2022-06-02T01:24:42,approved,0
4097,369,20,1849.83,USD,2022-10-26T18:33:46,approved,0
4098,95,63,1521.53,GBP,2022-08-05T01:15:26,approved,0
4099,185,49,1796.29,EUR,2025-08-25T13:58:11,approved,0
4100,298,50,1841.28,USD,2023-03-15T10:10:35,approved,0
4101,346,102,2469.19,EUR,2025-01-28T16:48:48,approved,0
4102,16,68,207.63,QAR,2022-01-08T14:06:18,approved,0
4103,491,27,2112.56,USD,2024-04-27T16:01:32,approved,0
4104,340,65,860.04,GBP,2023-07-12T06:51:53,approved,0
4105,431,26,523.01,QAR,2025-12-26T15:31:54,approved,0
4106,401,29,2327.78,USD,2025-04-17T02:43:59,approved,0
4107,120,66,2675.94,EUR,2022-04-06T18:30:36,reversed,0
4108,395,49,1538.82,GBP,2022-12-28T03:35:07,approved,0
4109,34,104,1577.78,GBP,2023-07-26T14:10:38,approved,0
4110,457,30,316.18,USD,2024-03-02T11:39:44,approved,0
4111,112,8,395.17,USD,2022-09-30T02:31:33,approved,0
4112,9,40,534.85,USD,2022-10-15T15:54:20,approved,0
4113,447,11,1600.12,EUR,2022-12-08T00:26:13,approved,0
4114,196,45,392.6,USD,2024-03-22T02:35:56,approved,1
4115,177,29,292.4,USD,2022-05-23T14:38:42,approved,0
4116,33,29,1192.08,EUR,2022-11-16T06:34:41,approved,0
4117,230,5,531.53,QAR,2025-08-29T17:56:54,approved,0
4118,3,10,2597.0,GBP,2024-03-05T19:24:05,approved,0
4119,207,5,2807.14,USD,2024-10-02T05:02:40,approved,0
4120,357,92,1715.08,EUR,2024-06-07T23:53:57,approved,0
4121,454,45,687.61,AED,2024-01-13T00:07:25,approved,0
4122,167,9,108.93,QAR,2025-03-26T08:24:07,approved,0
4123,458,47,1997.3,QAR,2023-11-24T03:13:14,approved,1
4124,203,57,610.64,QAR,2025-04-16T04:18:00,approved,0
4125,432,26,1015.23,EUR,2024-05-09T13:21:15,approved,0
4126,408,50,677.41,AED,2024-01-12T15:17:12,approved,0
4127,164,112,1514.1,GBP,2022-02-26T17:19:06,approved,0
4128,250,47,133.31,GBP,2024-05-31T16:15:41,approved,0
4129,3,107,2345.16,USD,2023-06-08T20:57:23,approved,0
4130,367,87,2179.45,AED,2024-03-06T23:18:41,approved,0
4131,55,98,1937.52,EUR,2022-10-15T06:10:00,approved,0
4132,54,77,1567.86,QAR,2022-01-15T12:47:01,approved,0
4133,250,99,1048.48,USD,2023-12-05T03:58:47,approved,0
4134,418,116,1385.51,EUR,2022-02-12T08:25:06,declined,0
4135,339,19,2021.57,QAR,2025-07-08T09:12:46,approved,0
4136,218,69,2639.52,QAR,2025-02-16T20:31:50,declined,1
4137,455,1,772.76,AED,2025-02-12T15:05:56,approved,0
4138,401,87,1019.4,USD,2024-02-11T09:05:16,approved,0
4139,494,91,2581.75,USD,2025-11-06T18:59:28,declined,0
4140,33,111,891.19,EUR,2023-12-29T00:35:03,approved,0
4141,460,3,2940.23,GBP,2023-12-18T09:30:12,reversed,0
4142,470,33,407.42,USD,2022-10-12T18:16:13,approved,0
4143,489,101,1831.38,EUR,2022-11-23T08:20:03,approved,0
4144,364,56,1995.71,USD,2022-11-05T06:26:00,approved,0
4145,31,101,1284.82,USD,2024-01-14T05:21:20,declined,0
4146,338,11,566.25,GBP,2024-07-10T13:11:11,approved,0
4147,178,39,2778.46,USD,2023-06-29T21:02:06,approved,0
4148,230,79,110.44,GBP,2023-07-04T17:10:35,approved,0
4149,105,28,2265.92,EUR,2024-04-11T19:40:57,approved,0
4150,492,98,2668.1,USD,2025-04-13T13:41:42,reversed,0
4151,56,18,2436.93,GBP,2024-02-23T09:24:17,approved,0
4152,246,49,780.62,EUR,2023-12-30T12:10:21,declined,0
4153,472,46,175.79,EUR,2025-08-21T09:15:50,reversed,0
4154,298,73,467.42,USD,2022-02-01T18:37:56,approved,0
4155,5,19,1563.86,EUR,2022-08-08T08:15:33,approved,0
4156,350,43,424.58,USD,2025-10-09T23:34:48,approved,0
4157,61,69,2288.13,USD,2025-02-26T16:02:49,approved,0
4158,106,104,1814.98,AED,2022-03-29T10:12:00,reversed,0
4159,456,2,2202.39,USD,2022-04-19T07:35:57,approved,1
4160,378,56,1912.77,USD,2024-04-02T18:09:44,approved,0
4161,443,83,370.81,USD,2022-01-27T15:56:06,approved,0
4162,182,63,881.13,QAR,2023-09-20T11:59:45,approved,0
4163,303,15,2669.1,USD,2024-07-20T13:30:13,approved,0
4164,60,99,2076.1,EUR,2024-02-03T13:31:27,approved,0
4165,237,80,492.17,USD,2024-04-17T07:10:45,approved,0
4166,136,30,1468.1,USD,2025-10-17T20:39:05,approved,0
4167,168,53,1217.69,USD,2022-08-12T08:04:43,approved,0
4168,458,58,1192.73,EUR,2023-04-18T04:36:49,approved,0
4169,356,71,259.38,EUR,2024-06-02T01:59:22,approved,0
4170,299,14,1413.43,USD,2025-10-26T08:11:55,approved,0
4171,227,33,2187.2,USD,2023-05-26T17:02:04,approved,0
4172,135,25,863.15,USD,2025-10-12T15:45:07,approved,0
4173,74,53,374.76,USD,2023-08-11T14:24:59,declined,1
4174,105,33,1384.87,USD,2023-04-14T23:22:19,approved,0
4175,166,120,1048.27,QAR,2023-09-18T14:57:59,reversed,0
4176,51,100,1190.49,USD,2025-04-28T05:25:25,approved,0
4177,10,2,1637.22,EUR,2025-05-22T08:14:35,approved,0
4178,281,86,1098.99,USD,2022-08-02T12:23:57,approved,0
4179,496,7,2670.33,GBP,2023-06-26T02:32:43,approved,0
4180,344,17,845.34,QAR,2023-01-14T17:33:50,approved,0
4181,106,34,2078.06,USD,2025-01-21T14:13:48,approved,0
4182,41,34,1692.8,EUR,2024-11-23T02:12:28,declined,0
4183,302,95,605.87,GBP,2022-01-15T09:21:00,approved,1
4184,460,83,1574.92,GBP,2023-07-22T18:07:41,approved,0
4185,212,33,1742.73,GBP,2023-02-09T17:44:26,approved,0
4186,450,30,2777.67,USD,2022-09-27T22:10:40,approved,0
4187,286,14,1675.68,USD,2023-03-02T21:37:11,approved,0
4188,128,5,2797.71,USD,2024-03-25T15:04:26,approved,0
4189,258,40,219.87,GBP,2024-12-03T14:25:00,approved,0
4190,307,2,1417.29,USD,2025-11-16T21:16:33,approved,1
4191,356,4,746.05,USD,2024-09-11T17:04:11,approved,0
4192,228,79,1901.84,EUR,2025-01-11T10:57:40,approved,0
4193,30,100,1669.36,USD,2023-01-12T14:41:33,approved,0
4194,179,32,1781.51,USD,2024-05-13T18:33:46,approved,0
4195,398,23,130.13,USD,2023-09-08T16:26:06,approved,0
4196,222,103,2668.39,QAR,2022-11-23T07:03:52,approved,0
4197,16,9,2038.16,USD,2024-10-03T01:05:17,approved,0
4198,78,72,2662.35,USD,2023-08-27T14:06:56,approved,0
4199,288,26,2272.33,USD,2025-01-28T14:19:32,approved,0
4200,418,58,1634.53,AED,2024-05-21T22:04:30,declined,0
4201,67,103,1357.4,AED,2022-02-21T22:26:48,approved,0
4202,352,43,1922.58,GBP,2024-04-14T17:36:55,approved,0
4203,396,61,876.75,EUR,2025-04-30T17:16:41,approved,0
4204,208,120,2125.68,EUR,2024-09-01T23:53:53,approved,0
4205,464,111,1522.59,USD,2023-12-03T15:28:30,approved,0
4206,186,73,416.01,EUR,2023-11-26T16:14:26,approved,0
4207,476,103,1540.15,EUR,2024-06-19T09:19:34,approved,0
4208,98,98,1859.17,AED,2022-03-18T09:08:17,approved,1
4209,180,107,2542.01,USD,2022-05-08T04:07:30,approved,0
4210,171,102,2878.89,EUR,2022-05-27T12:48:06,approved,0
4211,225,93,1234.28,GBP,2025-04-21T09:00:14,approved,0
4212,420,93,2870.83,USD,2024-10-02T08:05:40,approved,0
4213,421,71,2813.57,USD,2024-02-08T10:20:54,approved,0
4214,398,110,306.82,QAR,2024-08-05T00:55:31,approved,0
4215,106,80,2372.53,EUR,2023-04-27T04:39:19,approved,0
4216,407,47,1764.98,USD,2022-03-29T02:56:25,approved,0
4217,164,61,905.24,USD,2025-07-23T04:35:04,reversed,0
4218,342,64,2009.58,GBP,2023-11-30T12:03:55,declined,0
4219,246,27,1571.07,EUR,2023-08-05T03:03:36,approved,0
4220,383,56,2784.47,QAR,2024-04-15T21:55:04,approved,0
4221,41,57,1136.64,USD,2025-11-20T05:18:18,approved,0
4222,238,90,1770.43,USD,2023-08-24T06:14:48,approved,0
4223,199,111,1860.16,USD,2024-07-27T10:54:50,approved,0
4224,9,50,1670.67,USD,2023-01-05T13:01:23,approved,0
4225,280,21,2438.99,USD,2025-12-13T18:27:37,approved,0
4226,280,91,2344.62,QAR,2025-11-04T03:32:29,approved,0
4227,19,37,325.72,EUR,2023-01-31T13:14:19,approved,0
4228,54,18,2406.38,USD,2025-02-28T07:55:28,approved,0
4229,81,84,2227.76,EUR,2022-02-15T19:41:44,approved,0
4230,482,9,2060.15,USD,2023-02-09T08:54:45,approved,0
4231,311,79,1790.51,QAR,2024-08-31T05:21:25,approved,0
4232,387,72,1456.37,QAR,2022-04-28T12:41:13,declined,0
4233,443,68,2925.67,USD,2022-05-31T20:43:23,approved,0
4234,146,13,709.96,USD,2024-09-16T12:31:38,approved,0
4235,355,83,606.78,USD,2022-09-29T08:55:38,approved,0
4236,41,76,1266.19,USD,2024-07-13T18:07:51,approved,0
4237,157,43,793.39,USD,2022-12-01T17:45:39,declined,0
4238,153,27,1680.33,GBP,2022-10-11T12:53:37,approved,0
4239,490,16,708.17,USD,2024-09-24T08:49:34,approved,0
4240,310,75,1173.76,QAR,2024-11-29T15:33:27,approved,0
4241,489,39,368.36,EUR,2023-10-25T18:02:47,approved,0
4242,313,7,2061.62,GBP,2023-06-18T14:17:11,approved,0
4243,186,39,819.54,GBP,2024-09-10T17:26:04,approved,0
4244,236,106,1948.39,USD,2023-07-22T01:29:20,reversed,0
4245,126,79,373.47,USD,2022-01-15T07:28:34,approved,0
4246,452,4,686.71,USD,2025-05-10T19:44:07,approved,1
4247,334,83,1117.49,USD,2024-07-29T00:57:46,approved,1
4248,98,74,1962.84,EUR,2025-05-15T20:11:20,approved,0
4249,429,79,2791.13,AED,2024-09-06T22:49:19,approved,0
4250,418,32,277.79,AED,2024-09-14T02:33:25,approved,0
4251,226,95,2296.17,USD,2022-05-24T12:57:14,approved,0
4252,201,27,2373.78,USD,2022-01-22T06:09:47,approved,0
4253,351,105,1845.69,USD,2022-02-25T19:16:25,approved,0
4254,142,73,1460.56,USD,2023-10-03T07:25:19,approved,0
4255,128,105,771.61,EUR,2023-11-21T09:06:08,approved,0
4256,88,7,2715.35,EUR,2022-06-06T22:11:55,approved,0
4257,131,118,1524.02,USD,2022-02-18T21:37:10,approved,0
4258,440,50,965.39,USD,2023-12-28T12:33:27,approved,0
4259,20,119,240.73,USD,2023-03-24T06:05:50,declined,0
4260,154,2,2848.89,QAR,2022-09-09T10:40:29,approved,0
4261,356,103,437.88,USD,2024-05-04T02:41:51,approved,0
4262,470,94,2864.64,EUR,2023-02-09T07:14:15,approved,0
4263,431,79,933.52,USD,2022-07-11T17:17:16,approved,0
4264,494,49,253.75,QAR,2025-10-01T05:56:36,approved,0
4265,395,47,161.04,USD,2022-05-14T00:13:04,approved,0
4266,334,113,2973.87,QAR,2025-09-30T05:40:26,approved,0
4267,131,82,2997.49,USD,2024-01-12T09:27:47,approved,0
4268,410,8,662.7,GBP,2023-07-29T23:26:29,approved,0
4269,155,87,157.3,QAR,2024-11-16T19:11:45,reversed,0
4270,59,115,901.63,USD,2023-11-15T06:21:56,approved,0
4271,93,44,1889.51,AED,2024-05-30T04:53:34,approved,0
4272,383,83,8.99,EUR,2024-11-12T02:53:48,approved,0
4273,260,37,2906.57,USD,2023-11-14T02:15:47,approved,0
4274,238,87,821.08,USD,2023-10-12T00:23:44,approved,0
4275,71,86,782.79,GBP,2025-10-07T10:49:17,approved,0
4276,68,8,1205.75,USD,2025-07-08T20:27:06,approved,0
4277,370,45,2314.36,USD,2025-08-02T14:09:21,approved,1
4278,61,41,1606.36,USD,2023-04-12T19:50:16,approved,0
4279,66,71,51.24,USD,2025-10-09T00:03:37,reversed,0
4280,375,97,633.69,EUR,2022-04-08T15:35:31,approved,0
4281,176,88,568.47,USD,2022-03-19T07:48:17,approved,0
4282,108,24,2238.54,USD,2024-03-06T04:01:57,approved,0
4283,364,48,2121.16,QAR,2024-02-23T04:56:32,approved,0
4284,197,102,1036.61,QAR,2025-01-23T22:14:53,reversed,0
4285,125,78,1742.19,USD,2022-05-27T00:37:43,approved,0
4286,259,66,1061.76,USD,2024-06-19T16:58:11,approved,0
4287,438,2,2037.2,EUR,2024-09-14T05:46:55,approved,0
4288,229,67,597.33,EUR,2022-05-26T17:38:35,approved,0
4289,330,76,2571.91,EUR,2023-08-22T12:48:50,approved,0
4290,427,58,2261.55,USD,2024-05-09T05:42:20,approved,0
4291,240,1,2688.08,QAR,2024-07-05T03:34:51,approved,0
4292,267,58,2467.96,USD,2025-04-02T17:55:02,approved,0
4293,175,114,2944.57,QAR,2022-04-04T08:25:50,declined,0
4294,454,60,2942.66,USD,2022-02-12T20:25:52,approved,0
4295,246,64,572.05,USD,2022-11-02T09:40:50,approved,0
4296,138,2,2046.84,USD,2022-07-27T18:30:05,declined,0
4297,384,87,3.25,USD,2022-04-29T06:48:25,approved,0
4298,349,84,217.9,USD,2025-07-14T08:59:08,declined,0
4299,327,100,2945.82,USD,2024-05-10T08:30:04,reversed,0
4300,294,29,1041.01,USD,2024-05-10T11:08:44,approved,0
4301,55,88,2703.47,GBP,2023-01-30T00:41:00,approved,0
4302,326,111,1575.62,USD,2023-11-08T05:36:59,approved,0
4303,253,38,210.26,GBP,2024-02-13T22:44:17,approved,0
4304,194,4,2408.94,USD,2025-09-20T07:06:25,approved,0
4305,436,39,1147.19,GBP,2023-07-30T15:07:02,approved,0
4306,32,56,1363.76,EUR,2024-10-03T14:33:34,declined,0
4307,131,16,1631.07,USD,2024-07-29T05:51:38,approved,0
4308,242,80,2430.23,QAR,2022-04-06T23:06:41,approved,0
4309,177,99,1173.34,USD,2025-10-20T13:47:21,approved,0
4310,388,47,1350.68,USD,2023-04-07T23:14:25,approved,0
4311,164,82,1768.03,GBP,2023-07-27T15:59:38,reversed,0
4312,11,105,1750.16,EUR,2025-06-21T18:53:40,approved,0
4313,248,68,848.5,GBP,2024-04-03T10:10:13,approved,0
4314,148,41,2518.55,USD,2023-03-11T00:16:39,approved,0
4315,404,60,2546.28,USD,2022-11-12T12:49:29,approved,0
4316,178,26,2437.69,GBP,2024-06-08T09:50:45,approved,0
4317,271,18,1025.81,USD,2022-10-16T20:12:03,approved,0
4318,260,21,271.01,QAR,2022-12-25T12:14:43,approved,1
4319,393,117,160.69,QAR,2023-06-13T17:59:53,approved,0
4320,7,69,2667.3,USD,2024-05-29T22:05:06,approved,0
4321,11,39,915.04,QAR,2022-05-04T12:20:43,approved,0
4322,248,17,280.08,USD,2022-08-08T22:25:33,approved,0
4323,461,13,2893.73,QAR,2024-07-18T13:57:27,reversed,0
4324,66,11,1002.81,QAR,2024-09-18T06:52:41,approved,0
4325,232,98,21.7,USD,2024-04-20T16:41:27,approved,0
4326,426,40,304.35,USD,2023-04-27T11:55:38,approved,0
4327,292,43,575.91,USD,2023-01-16T10:11:20,approved,0
4328,276,75,2504.13,EUR,2024-10-03T22:30:51,approved,0
4329,294,48,267.13,EUR,2024-03-01T01:14:46,approved,0
4330,128,85,1442.3,QAR,2022-07-24T08:43:46,approved,0
4331,365,83,2898.81,EUR,2025-08-16T02:22:41,reversed,0
4332,313,49,2185.73,EUR,2023-04-01T04:14:03,approved,0
4333,252,20,1011.69,EUR,2022-06-04T22:05:23,approved,0
4334,362,45,2060.72,EUR,2023-04-16T07:51:49,approved,0
4335,202,17,2772.36,AED,2025-04-02T21:58:57,approved,0
4336,281,95,2292.3,USD,2025-11-25T23:26:25,approved,0
4337,466,25,82.08,QAR,2024-12-31T01:22:05,approved,0
4338,477,26,823.79,EUR,2024-04-14T07:20:27,approved,0
4339,478,67,1497.33,EUR,2023-05-25T09:31:09,approved,0
4340,49,91,1274.36,USD,2022-07-13T17:31:47,approved,1
4341,209,37,1500.33,USD,2025-08-04T06:08:25,approved,0
4342,268,62,74.49,GBP,2025-07-31T05:37:54,approved,0
4343,87,72,2129.25,USD,2023-10-02T11:16:33,approved,0
4344,225,62,2717.53,USD,2023-01-19T10:33:06,approved,0
4345,431,72,2734.79,USD,2024-04-04T07:17:00,approved,0
4346,227,111,2227.37,USD,2024-08-15T13:21:45,approved,0
4347,156,52,2534.72,USD,2023-11-10T03:26:37,approved,0
4348,37,60,314.73,USD,2025-09-07T04:40:35,approved,0
4349,233,4,2135.65,QAR,2022-01-15T20:01:22,approved,0
4350,350,43,2128.26,AED,2024-09-19T13:26:19,approved,0
4351,59,29,1637.78,USD,2023-01-02T14:27:02,approved,0
4352,101,45,1820.73,USD,2025-07-28T04:58:16,approved,0
4353,489,103,2271.35,USD,2024-03-03T00:42:12,approved,0
4354,159,14,1462.63,GBP,2023-12-24T09:26:06,approved,0
4355,331,99,1736.94,USD,2025-09-01T03:18:43,approved,0
4356,291,83,1982.05,QAR,2025-07-12T05:53:36,approved,0
4357,482,104,941.52,USD,2025-02-20T22:00:43,approved,0
4358,38,18,2660.16,AED,2025-11-29T03:58:20,approved,0
4359,174,25,2483.09,EUR,2025-04-24T03:43:28,approved,0
4360,466,33,44.0,USD,2025-09-07T06:01:50,approved,0
4361,276,77,2201.41,USD,2025-07-24T01:55:25,approved,0
4362,317,98,1168.41,EUR,2023-08-29T01:09:44,approved,0
4363,129,42,381.99,USD,2023-10-16T17:28:08,approved,0
4364,122,71,2635.95,USD,2023-01-01T13:02:00,approved,0
4365,279,4,2008.04,USD,2024-12-12T17:32:00,approved,0
4366,1,43,2783.37,USD,2022-11-11T17:25:55,approved,0
4367,83,101,2174.23,QAR,2022-11-13T01:58:48,reversed,1
4368,37,8,2955.17,USD,2024-05-18T18:47:10,declined,0
4369,363,76,1403.2,QAR,2024-03-12T05:07:23,approved,0
4370,357,9,2926.67,AED,2022-05-02T14:00:53,approved,0
4371,233,94,404.0,EUR,2025-11-23T19:19:54,approved,0
4372,287,53,651.55,USD,2023-05-02T09:37:10,approved,0
4373,287,75,2314.53,EUR,2025-01-12T15:41:41,approved,0
4374,312,12,160.94,USD,2023-04-16T07:23:23,approved,0
4375,234,109,2899.16,QAR,2025-08-23T07:16:25,approved,0
4376,418,78,294.14,USD,2025-09-19T19:01:22,approved,0
4377,250,47,625.45,EUR,2022-11-03T18:26:05,approved,0
4378,343,98,173.18,GBP,2025-10-17T19:19:04,approved,0
4379,322,85,472.17,USD,2024-08-08T19:49:58,approved,0
4380,354,13,825.97,QAR,2025-01-13T02:51:04,approved,0
4381,62,61,1879.75,USD,2023-11-22T16:19:34,approved,0
4382,132,6,2525.32,EUR,2022-12-23T13:11:35,declined,0
4383,204,45,2205.59,QAR,2024-10-07T21:11:01,approved,0
4384,339,3,1067.77,QAR,2022-06-14T18:57:31,approved,0
4385,391,85,1993.83,USD,2023-10-21T21:09:42,declined,0
4386,177,105,2714.11,GBP,2025-07-27T13:32:01,approved,0
4387,218,105,1800.18,USD,2022-08-01T10:44:41,approved,0
4388,109,49,2571.85,USD,2023-01-19T09:39:41,reversed,0
4389,248,87,113.44,USD,2023-12-08T03:36:44,approved,0
4390,230,116,418.66,EUR,2024-05-20T01:39:23,approved,0
4391,249,115,479.69,USD,2024-09-08T15:18:29,approved,0
4392,491,7,2831.89,USD,2023-11-14T14:08:42,approved,1
4393,317,13,2576.25,EUR,2022-03-17T22:44:53,approved,0
4394,236,40,1883.41,EUR,2024-10-31T00:52:16,declined,0
4395,348,20,472.35,USD,2025-02-28T15:56:22,approved,0
4396,398,106,1299.3,EUR,2025-08-29T05:59:32,approved,0
4397,491,58,1081.04,USD,2022-10-12T10:32:26,approved,0
4398,449,70,1081.55,GBP,2024-05-22T12:17:32,approved,0
4399,206,40,2624.63,USD,2022-08-17T07:02:03,approved,0
4400,134,52,1923.94,USD,2023-05-26T07:18:28,approved,0
4401,300,34,1907.03,AED,2023-08-10T09:29:00,approved,0
4402,358,40,1116.89,USD,2024-02-29T06:48:12,approved,0
4403,466,43,1946.98,QAR,2024-12-06T03:37:25,approved,0
4404,331,57,2566.8,USD,2025-06-17T11:20:36,approved,0
4405,269,14,1996.18,USD,2025-08-19T04:18:04,approved,0
4406,434,114,1387.13,USD,2024-11-30T00:55:06,approved,0
4407,357,101,1383.43,QAR,2023-02-01T12:03:53,approved,0
4408,2,111,1780.2,USD,2022-11-14T14:06:16,approved,0
4409,395,35,1412.05,AED,2023-02-25T20:19:49,approved,0
4410,265,69,1747.74,GBP,2024-05-05T02:25:40,approved,0
4411,270,86,1442.58,USD,2023-09-21T23:20:33,approved,0
4412,97,11,2368.67,USD,2023-10-14T05:46:04,declined,0
4413,289,95,110.77,GBP,2023-10-20T06:42:04,approved,0
4414,190,41,2091.34,USD,2022-05-08T04:58:40,reversed,0
4415,476,39,2779.46,EUR,2025-01-06T14:27:36,approved,0
4416,431,13,1921.87,USD,2022-07-05T07:02:31,approved,0
4417,108,14,2344.31,EUR,2023-05-11T11:37:58,approved,0
4418,121,98,2231.22,USD,2025-04-08T22:11:12,approved,0
4419,265,8,2893.93,USD,2023-12-13T10:53:31,approved,0
4420,197,23,2433.26,USD,2023-03-02T10:06:58,approved,0
4421,264,106,1236.14,USD,2025-12-06T01:09:13,approved,0
4422,463,5,390.87,GBP,2022-04-02T12:00:49,approved,0
4423,119,107,891.66,USD,2023-07-28T21:26:00,approved,0
4424,454,96,1127.33,AED,2023-05-19T23:23:25,approved,0
4425,327,23,1778.07,USD,2024-10-11T01:51:10,approved,0
4426,370,93,2627.81,USD,2025-08-03T23:14:22,approved,0
4427,67,84,595.58,USD,2024-11-05T11:02:16,approved,0
4428,160,69,1092.26,USD,2025-07-21T04:52:46,reversed,0
4429,336,61,462.99,USD,2022-03-14T10:59:46,declined,0
4430,460,31,138.28,USD,2022-06-07T03:14:39,approved,0
4431,336,68,2738.4,USD,2024-01-16T20:10:12,approved,0
4432,19,97,1123.39,EUR,2025-09-23T07:14:21,approved,0
4433,123,66,1113.16,EUR,2024-12-12T04:35:16,declined,0
4434,399,57,892.67,GBP,2025-04-02T17:02:02,approved,0
4435,251,92,2877.1,QAR,2023-02-19T16:00:29,approved,0
4436,65,52,1889.73,USD,2025-10-11T09:00:19,approved,0
4437,190,4,309.56,QAR,2022-02-01T10:26:43,approved,0
4438,166,67,1786.57,EUR,2022-03-21T20:25:20,approved,0
4439,303,64,2596.31,GBP,2025-12-30T04:10:12,approved,0
4440,130,31,56.39,USD,2025-11-14T02:36:06,approved,0
4441,437,73,1409.06,QAR,2023-05-20T12:48:15,approved,0
4442,344,103,2409.14,QAR,2022-10-29T01:53:09,approved,0
4443,418,19,650.46,EUR,2025-10-23T03:17:00,approved,0
4444,148,120,991.0,USD,2023-06-20T23:38:09,approved,0
4445,77,30,2074.66,GBP,2022-04-25T00:01:06,approved,0
4446,481,78,515.56,EUR,2022-11-26T08:42:15,approved,0
4447,429,63,1702.39,GBP,2023-04-23T10:14:48,approved,0
4448,195,15,1909.38,USD,2024-04-21T05:37:17,declined,0
4449,141,53,2206.29,GBP,2023-08-09T01:57:49,approved,0
4450,441,77,2604.87,USD,2024-01-14T06:24:04,declined,1
4451,97,1,1926.53,USD,2022-04-21T12:15:57,declined,0
4452,66,63,2845.35,QAR,2023-11-16T13:30:53,approved,0
4453,251,96,2797.7,GBP,2024-05-29T05:37:09,approved,0
4454,343,70,1717.42,GBP,2024-07-20T06:34:46,approved,0
4455,100,65,470.29,USD,2022-12-07T19:10:10,approved,0
4456,272,110,670.82,USD,2022-06-19T06:32:59,approved,0
4457,112,44,1804.96,USD,2022-10-24T15:43:01,approved,0
4458,150,118,2960.37,QAR,2025-11-08T03:17:19,approved,0
4459,474,21,558.2,AED,2023-05-31T11:24:28,approved,0
4460,422,83,1702.76,EUR,2023-04-10T22:41:22,approved,0
4461,81,89,2896.34,EUR,2023-02-07T20:29:17,approved,0
4462,440,44,1659.34,QAR,2023-04-25T06:45:33,approved,0
4463,299,47,2363.72,USD,2025-06-02T00:21:15,approved,0
4464,382,35,1022.15,USD,2025-03-14T11:03:32,approved,0
4465,415,117,1432.05,USD,2025-11-30T21:12:00,approved,1
4466,216,112,2665.67,EUR,2025-05-19T09:32:52,approved,0
4467,146,60,2157.85,GBP,2022-12-11T23:39:06,approved,0
4468,188,83,1143.71,USD,2025-02-12T20:49:24,approved,0
4469,72,59,2533.64,QAR,2025-09-14T00:47:11,approved,0
4470,350,48,2408.94,EUR,2025-12-18T08:57:40,approved,0
4471,342,8,2676.69,QAR,2023-12-29T23:26:11,approved,0
4472,74,55,1979.82,USD,2025-08-13T16:01:50,approved,0
4473,136,7,2217.43,EUR,2023-09-11T15:02:15,approved,0
4474,88,108,868.61,GBP,2023-02-11T22:09:01,approved,0
4475,372,94,676.31,AED,2025-07-22T02:18:14,approved,0
4476,341,116,2684.36,GBP,2023-03-02T15:04:22,approved,0
4477,137,25,2385.05,USD,2022-05-14T10:43:53,declined,0
4478,334,117,92.43,QAR,2024-01-18T07:46:04,approved,0
4479,187,21,2213.41,GBP,2023-07-19T18:28:18,approved,0
4480,223,57,1952.28,EUR,2023-08-18T09:10:32,approved,0
4481,120,5,1401.11,EUR,2022-03-03T14:33:05,approved,0
4482,376,5,329.19,USD,2023-08-17T16:49:00,approved,0
4483,153,17,316.15,GBP,2024-09-14T09:45:37,approved,1
4484,132,75,210.59,USD,2022-05-07T14:10:44,approved,0
4485,431,104,881.73,EUR,2022-03-05T09:36:38,approved,0
4486,213,38,171.68,USD,2022-09-24T02:03:29,approved,0
4487,351,27,226.97,QAR,2024-01-29T00:13:05,approved,0
4488,234,71,950.86,USD,2022-02-01T13:28:51,approved,0
4489,60,34,1568.11,USD,2022-05-28T10:25:01,approved,0
4490,369,17,2794.13,USD,2025-11-04T04:04:21,approved,0
4491,59,14,2893.92,USD,2022-06-12T22:27:11,approved,0
4492,50,33,625.0,USD,2023-01-30T08:07:02,approved,0
4493,216,42,33.23,USD,2025-11-29T15:11:20,approved,0
4494,358,5,1491.34,USD,2022-06-02T05:09:00,approved,0
4495,17,70,1944.56,USD,2022-12-29T09:59:01,approved,0
4496,406,5,2219.59,USD,2025-04-29T04:20:49,declined,0
4497,209,5,299.21,USD,2025-04-07T23:41:39,approved,0
4498,427,112,1773.16,USD,2025-12-15T08:49:03,approved,0
4499,350,65,344.56,QAR,2025-07-02T14:45:07,reversed,0
4500,339,90,2536.23,EUR,2024-11-23T16:28:54,declined,0
4501,172,91,1774.29,QAR,2025-06-29T04:51:22,approved,0
4502,363,43,2462.84,USD,2024-05-23T08:41:11,approved,0
4503,364,56,1876.8,QAR,2024-06-14T08:35:04,approved,0
4504,36,99,514.84,EUR,2022-10-05T22:56:29,approved,0
4505,10,95,1279.35,USD,2025-06-18T16:14:42,approved,0
4506,35,2,1480.52,USD,2022-10-03T08:03:32,approved,0
4507,184,11,2148.14,QAR,2023-03-25T06:47:48,approved,0
4508,296,23,166.18,USD,2023-05-25T13:24:05,approved,0
4509,84,3,248.87,QAR,2022-11-06T18:51:20,approved,0
4510,196,83,2528.28,USD,2025-10-28T17:58:55,approved,0
4511,398,15,2932.7,QAR,2022-02-10T17:17:00,approved,0
4512,381,73,543.23,EUR,2024-09-04T12:57:30,approved,0
4513,397,68,1253.43,QAR,2023-02-28T06:52:37,approved,0
4514,23,51,1174.35,USD,2024-10-07T13:00:50,approved,0
4515,270,83,81.47,USD,2022-04-10T21:38:03,approved,0
4516,321,80,562.08,USD,2025-12-24T18:48:32,approved,0
4517,500,48,2673.64,QAR,2023-10-01T02:37:36,approved,0
4518,433,17,785.23,USD,2024-03-14T01:23:00,approved,0
4519,385,75,1830.84,USD,2024-03-28T02:37:07,approved,0
4520,380,115,2700.55,EUR,2025-01-03T06:26:31,approved,0
4521,122,18,2513.08,USD,2024-06-25T08:36:53,declined,0
4522,61,99,1435.75,USD,2024-01-31T00:44:42,approved,0
4523,423,64,1018.29,QAR,2022-08-04T10:52:28,approved,0
4524,441,17,2679.61,EUR,2022-04-18T22:34:15,approved,0
4525,465,26,2840.59,USD,2024-05-19T15:18:35,approved,0
4526,452,51,1417.0,USD,2023-02-21T10:04:56,approved,0
4527,358,64,854.79,EUR,2022-10-07T15:00:33,approved,0
4528,280,6,2288.13,GBP,2023-03-01T15:34:05,approved,0
4529,128,82,431.63,QAR,2024-10-26T04:54:15,approved,0
4530,394,52,30.87,EUR,2022-02-20T18:29:22,approved,0
4531,413,102,1061.93,QAR,2024-03-27T02:36:01,approved,0
4532,160,35,2687.6,USD,2023-04-03T18:18:47,approved,0
4533,205,92,226.53,AED,2022-10-17T04:44:10,reversed,0
4534,452,57,398.44,USD,2023-11-29T08:49:41,approved,0
4535,87,93,1145.93,GBP,2023-01-04T16:41:19,approved,0
4536,370,43,1755.01,QAR,2025-12-19T16:37:20,approved,0
4537,206,116,752.03,AED,2025-03-25T06:54:12,approved,0
4538,141,46,572.2,EUR,2022-05-10T17:02:11,approved,0
4539,226,53,254.61,EUR,2023-09-14T08:14:46,approved,0
4540,347,99,1324.62,USD,2025-08-12T20:02:39,reversed,0
4541,169,57,1019.67,GBP,2024-08-16T19:19:28,approved,0
4542,271,92,655.02,USD,2025-12-26T18:01:00,approved,0
4543,85,83,1462.63,QAR,2023-12-02T05:54:12,approved,0
4544,338,11,953.4,GBP,2022-11-23T03:48:52,approved,0
4545,3,106,1570.08,EUR,2022-04-01T02:01:24,declined,0
4546,163,65,2657.06,USD,2025-10-19T05:45:19,approved,0
4547,216,47,1657.99,GBP,2023-03-24T17:52:21,approved,0
4548,22,81,1977.77,GBP,2025-07-06T10:01:44,approved,0
4549,205,25,1581.96,QAR,2023-06-04T12:24:38,approved,0
4550,132,38,1822.26,USD,2022-03-31T04:38:45,approved,0
4551,116,24,2062.62,GBP,2023-04-02T02:22:42,declined,1
4552,9,60,2676.3,GBP,2022-08-02T19:02:50,approved,0
4553,255,67,1275.64,USD,2024-01-06T01:32:45,approved,0
4554,467,31,2789.85,USD,2023-10-15T02:11:38,approved,0
4555,331,96,755.91,USD,2022-06-28T16:13:12,approved,0
4556,56,39,1952.51,GBP,2025-12-21T09:09:56,approved,0
4557,469,40,668.68,QAR,2022-04-04T06:38:22,approved,0
4558,365,103,168.4,USD,2024-07-04T14:55:21,approved,0
4559,165,25,2915.46,USD,2025-07-28T20:57:52,approved,0
4560,113,51,2576.17,USD,2024-03-07T02:17:11,reversed,0
4561,44,46,2293.91,USD,2024-06-08T23:14:09,approved,0
4562,363,9,1924.51,USD,2025-11-15T05:44:16,approved,0
4563,280,44,227.43,USD,2025-11-25T14:43:23,approved,0
4564,31,98,1161.7,USD,2024-03-11T00:05:31,approved,0
4565,305,49,921.11,QAR,2022-05-04T01:52:46,approved,0
4566,347,66,2370.63,QAR,2025-10-18T10:59:38,approved,0
4567,65,58,1561.82,EUR,2025-02-14T15:30:30,approved,0
4568,69,29,894.39,AED,2022-09-06T09:22:07,declined,0
4569,338,113,21.52,USD,2025-08-19T05:26:52,approved,0
4570,396,56,2892.41,USD,2023-04-02T21:24:30,approved,0
4571,190,98,756.96,EUR,2023-06-14T00:14:49,approved,0
4572,262,97,2961.88,EUR,2025-05-24T14:23:39,approved,0
4573,337,39,1885.88,USD,2025-11-05T01:54:37,approved,0
4574,132,114,781.38,QAR,2024-01-04T16:56:45,approved,0
4575,393,91,2562.74,USD,2025-02-25T23:41:29,approved,0
4576,311,22,2504.79,USD,2023-05-07T16:34:21,declined,0
4577,446,67,1353.33,QAR,2023-12-25T22:33:14,approved,0
4578,399,35,675.68,USD,2025-04-08T19:44:42,approved,0
4579,282,41,933.57,QAR,2022-12-28T08:03:09,approved,0
4580,133,105,2663.11,GBP,2023-09-10T22:27:32,approved,0
4581,456,81,1861.06,AED,2025-07-27T19:02:34,approved,0
4582,455,115,2522.43,QAR,2022-12-23T15:10:19,approved,0
4583,58,45,1337.4,USD,2024-09-10T17:05:21,declined,0
4584,453,52,472.27,GBP,2023-03-10T12:59:30,approved,0
4585,271,93,1486.75,USD,2022-02-11T22:40:13,declined,0
4586,432,16,1194.61,USD,2022-09-04T13:10:19,approved,0
4587,317,93,1637.53,GBP,2025-08-09T23:27:30,approved,0
4588,480,95,229.84,USD,2023-10-02T14:36:40,approved,0
4589,253,52,1957.46,QAR,2025-02-04T13:28:02,reversed,0
4590,201,108,1330.48,EUR,2024-11-28T21:36:22,approved,0
4591,234,69,1113.07,USD,2023-10-09T04:38:32,approved,0
4592,402,80,568.95,GBP,2023-04-02T14:15:16,approved,0
4593,147,62,2497.25,QAR,2022-07-16T02:22:56,approved,0
4594,440,24,2846.0,EUR,2025-03-04T10:05:28,approved,0
4595,1,58,2468.86,USD,2024-08-24T20:27:42,approved,0
4596,60,27,293.38,QAR,2023-09-02T10:15:35,approved,0
4597,152,21,1047.64,AED,2023-04-02T11:15:15,approved,0
4598,371,23,2446.42,USD,2022-07-25T05:21:19,approved,0
4599,394,110,1788.1,USD,2025-04-20T21:38:22,approved,0
4600,388,58,1414.74,USD,2025-12-10T15:00:23,approved,0
4601,65,48,1656.47,USD,2022-05-18T08:51:59,approved,0
4602,199,103,2743.48,USD,2024-03-22T15:39:32,approved,0
4603,499,30,1311.97,USD,2024-05-08T20:54:53,approved,0
4604,369,40,2693.48,USD,2022-08-28T00:42:25,declined,0
4605,68,101,1238.71,USD,2023-01-31T18:08:40,approved,0
4606,402,3,825.71,QAR,2025-04-03T09:09:39,approved,0
4607,40,12,1843.39,USD,2024-07-04T08:13:41,approved,0
4608,26,56,1806.95,USD,2022-12-14T01:36:37,approved,0
4609,69,112,357.76,USD,2022-02-07T06:32:09,approved,0
4610,99,76,2270.6,AED,2022-03-25T03:23:56,approved,0
4611,400,87,2929.52,EUR,2023-09-03T15:27:05,approved,0
4612,32,93,1884.95,USD,2022-03-12T07:02:19,approved,0
4613,4,111,2917.32,EUR,2025-11-28T08:55:26,approved,0
4614,359,99,603.3,QAR,2023-07-16T06:58:15,approved,0
4615,253,34,589.7,USD,2022-08-09T03:58:22,approved,0
4616,324,95,1967.58,EUR,2025-03-29T02:48:43,approved,0
4617,56,77,1138.02,AED,2025-06-26T21:03:38,approved,0
4618,150,9,1471.33,USD,2025-12-03T18:08:01,declined,0
4619,294,39,1627.02,USD,2024-03-25T00:57:36,reversed,0
4620,39,54,2473.85,USD,2022-06-18T10:57:52,approved,0
4621,214,3,1872.96,USD,2025-05-31T09:23:40,approved,0
4622,137,115,1824.07,USD,2022-05-01T00:54:37,approved,0
4623,191,26,1005.64,QAR,2022-03-01T11:14:11,approved,0
4624,222,96,520.02,USD,2025-02-22T17:47:54,approved,0
4625,420,70,54.28,GBP,2025-05-05T15:02:16,approved,0
4626,359,43,969.47,AED,2022-07-19T21:25:36,approved,0
4627,145,5,2530.49,QAR,2025-07-31T14:48:50,approved,0
4628,52,11,2735.16,EUR,2024-01-27T06:36:06,approved,0
4629,330,100,1738.32,EUR,2024-03-30T15:28:43,approved,0
4630,185,20,219.37,USD,2023-11-12T21:32:54,reversed,0
4631,367,6,784.96,AED,2025-05-26T08:09:37,approved,0
4632,264,87,1981.63,EUR,2022-10-20T10:49:58,approved,0
4633,167,62,1542.74,USD,2025-01-19T01:12:30,approved,0
4634,106,97,249.48,USD,2025-02-04T17:26:36,approved,0
4635,182,27,2076.33,USD,2024-12-01T14:35:04,approved,0
4636,12,93,1778.39,EUR,2022-08-29T08:00:20,approved,0
4637,52,32,2131.83,GBP,2022-06-03T15:56:02,approved,0
4638,264,105,1074.73,GBP,2022-08-12T23:54:49,reversed,0
4639,99,86,754.01,QAR,2022-01-18T23:37:18,approved,0
4640,168,114,748.52,EUR,2022-10-27T10:53:23,approved,0
4641,52,120,467.79,AED,2025-11-18T23:36:34,approved,0
4642,431,8,1837.23,EUR,2022-09-06T10:09:37,approved,0
4643,221,15,333.83,QAR,2023-09-23T16:14:10,approved,0
4644,307,52,2248.87,QAR,2022-10-05T21:26:52,approved,0
4645,419,101,1239.97,GBP,2023-09-04T16:05:58,approved,0
4646,1,10,194.71,GBP,2023-03-26T22:01:07,approved,0
4647,196,44,2945.26,EUR,2024-03-10T20:29:57,approved,0
4648,373,83,2396.85,AED,2024-03-06T16:19:06,approved,0
4649,202,115,511.26,QAR,2022-02-16T23:31:16,approved,0
4650,161,26,1538.29,AED,2025-03-16T20:00:21,approved,0
4651,315,98,2710.86,GBP,2023-07-08T05:33:41,approved,0
4652,204,20,995.41,USD,2023-01-02T02:01:44,approved,0
4653,147,119,368.69,USD,2024-02-03T18:05:58,declined,0
4654,236,116,2607.95,USD,2022-06-22T11:21:21,approved,0
4655,183,92,2924.05,USD,2025-06-29T13:16:15,approved,0
4656,50,62,596.35,EUR,2022-10-17T08:49:33,approved,0
4657,88,73,1605.15,EUR,2022-02-16T04:39:04,approved,0
4658,89,50,944.45,USD,2025-08-19T07:46:16,approved,0
4659,172,108,1472.94,GBP,2023-05-16T03:18:23,declined,0
4660,71,93,1119.89,USD,2022-05-04T04:17:54,approved,1
4661,60,15,634.38,USD,2023-09-12T09:11:05,approved,0
4662,245,65,2034.31,EUR,2024-01-31T10:42:58,approved,0
4663,457,62,2897.4,USD,2025-09-14T04:27:03,approved,0
4664,205,80,2805.23,USD,2025-04-10T23:33:59,approved,0
4665,207,86,1775.77,EUR,2023-09-19T02:04:13,approved,0
4666,354,56,2359.21,EUR,2024-02-18T14:10:44,approved,0
4667,112,73,1233.81,USD,2022-03-24T14:07:58,approved,0
4668,256,41,145.08,QAR,2023-12-31T20:11:08,approved,0
4669,453,108,2365.21,USD,2022-01-17T23:18:09,approved,0
4670,478,73,2175.48,USD,2022-10-11T06:48:35,approved,0
4671,109,15,1220.03,AED,2022-06-02T13:25:47,approved,0
4672,242,40,2035.27,QAR,2024-04-26T18:31:02,approved,0
4673,270,104,2153.31,USD,2022-05-20T03:07:23,approved,0
4674,66,31,1749.53,QAR,2024-10-10T03:20:41,approved,0
4675,206,2,546.94,USD,2023-03-07T12:55:11,approved,0
4676,409,66,1614.1,AED,2025-12-27T12:47:37,approved,0
4677,416,36,1386.14,EUR,2023-12-11T00:33:42,approved,0
4678,236,81,198.3,QAR,2024-10-16T16:16:40,approved,0
4679,80,94,1463.07,USD,2024-11-08T19:16:10,approved,0
4680,227,78,2477.62,USD,2024-05-26T01:18:19,approved,0
4681,377,59,351.95,USD,2022-06-05T13:04:33,approved,0
4682,226,83,662.34,QAR,2024-08-07T09:37:26,approved,0
4683,150,48,2101.38,USD,2023-04-27T22:15:41,approved,0
4684,265,107,2409.95,USD,2023-10-13T13:31:20,approved,0
4685,110,102,1006.7,EUR,2025-07-20T11:21:42,approved,0
4686,414,4,2172.19,EUR,2022-05-05T15:57:28,approved,0
4687,324,82,1121.1,AED,2022-02-24T00:04:31,approved,0
4688,135,14,455.75,USD,2023-12-21T18:11:06,approved,0
4689,284,46,1146.93,EUR,2023-06-14T01:23:23,approved,0
4690,321,21,980.89,QAR,2024-10-17T15:18:40,approved,0
4691,80,119,1950.95,USD,2022-11-15T23:17:13,approved,0
4692,382,18,2346.76,USD,2022-09-18T01:17:04,approved,0
4693,293,52,127.81,USD,2023-11-29T05:45:03,declined,0
4694,55,93,837.22,USD,2022-04-07T19:26:28,declined,0
4695,192,5,166.73,USD,2022-11-26T03:47:36,approved,0
4696,319,25,2368.08,USD,2022-01-03T13:46:22,approved,0
4697,199,117,1885.84,EUR,2023-11-19T17:33:16,approved,0
4698,112,51,751.63,QAR,2022-05-28T03:57:47,approved,0
4699,455,87,513.58,USD,2024-02-08T15:25:47,approved,0
4700,405,53,433.06,QAR,2022-07-17T11:07:44,reversed,0
4701,64,78,1130.17,EUR,2023-01-02T18:26:01,approved,0
4702,120,11,2848.06,EUR,2023-03-10T08:57:11,approved,0
4703,24,116,861.83,USD,2025-11-03T01:59:29,approved,0
4704,288,60,762.89,QAR,2025-05-08T10:58:32,approved,0
4705,250,120,880.59,USD,2024-03-25T01:05:31,approved,0
4706,354,83,1414.57,QAR,2024-07-11T06:57:32,approved,0
4707,61,14,193.09,USD,2025-08-30T11:11:43,declined,0
4708,107,68,669.12,QAR,2022-12-03T04:13:29,approved,0
4709,147,102,1573.79,USD,2025-08-30T07:40:11,approved,0
4710,313,52,1647.57,USD,2023-07-25T03:59:59,approved,0
4711,203,93,2231.23,USD,2023-09-29T04:29:37,approved,0
4712,293,61,168.96,USD,2023-09-02T21:24:04,approved,0
4713,382,98,106.31,USD,2024-02-18T02:03:09,reversed,0
4714,339,98,1946.18,AED,2023-06-24T09:05:37,approved,0
4715,136,26,1468.87,QAR,2022-12-08T19:42:26,approved,0
4716,170,2,618.34,USD,2022-12-11T07:28:52,approved,0
4717,204,86,807.03,USD,2024-03-24T00:18:34,approved,0
4718,447,12,256.91,EUR,2024-04-08T10:48:25,approved,0
4719,96,87,1213.97,EUR,2022-08-25T02:52:31,approved,0
4720,178,78,2134.85,EUR,2023-01-01T18:04:25,approved,0
4721,391,19,393.96,QAR,2022-10-18T11:15:34,approved,0
4722,170,102,2583.49,AED,2024-03-10T02:31:25,approved,0
4723,82,86,776.54,QAR,2024-01-16T16:57:52,approved,0
4724,121,56,1299.8,USD,2025-02-20T06:15:42,approved,0
4725,376,105,2408.32,USD,2023-03-23T12:54:40,approved,0
4726,296,24,2555.99,USD,2024-04-11T12:41:33,approved,0
4727,247,76,1108.92,USD,2022-04-15T00:03:11,approved,0
4728,187,2,1848.51,EUR,2025-09-11T00:17:30,approved,0
4729,287,5,706.12,USD,2022-06-28T08:09:43,approved,0
4730,148,58,2472.41,USD,2025-03-10T07:37:11,approved,0
4731,371,91,1510.9,USD,2025-03-14T10:16:10,approved,0
4732,449,17,1833.01,GBP,2023-05-20T12:46:36,approved,0
4733,73,97,929.51,EUR,2022-12-23T16:05:50,reversed,0
4734,314,65,316.24,QAR,2024-05-02T02:42:32,approved,0
4735,420,97,94.37,USD,2022-05-08T08:01:39,approved,0
4736,91,57,441.48,USD,2023-09-11T10:53:08,approved,0
4737,133,18,1170.35,USD,2022-10-02T22:45:45,approved,0
4738,459,19,307.52,USD,2023-12-15T07:09:20,approved,0
4739,317,111,1736.25,GBP,2023-01-16T18:59:58,approved,0
4740,44,91,1995.97,USD,2025-12-09T02:27:00,approved,0
4741,492,38,2500.06,GBP,2022-08-06T07:12:37,approved,0
4742,3,95,2851.22,QAR,2023-10-25T04:41:36,approved,0
4743,465,62,198.96,EUR,2024-11-14T02:13:58,declined,0
4744,233,20,581.54,EUR,2025-04-08T22:05:34,approved,0
4745,475,47,2581.39,GBP,2023-03-22T13:37:44,approved,0
4746,464,101,191.93,USD,2024-05-11T20:55:23,approved,0
4747,386,75,227.53,AED,2024-02-16T13:37:28,approved,0
4748,71,26,1135.96,AED,2025-03-17T22:36:50,approved,0
4749,434,38,705.02,EUR,2023-07-05T06:56:43,approved,0
4750,311,14,2554.99,USD,2023-02-09T03:31:29,approved,0
4751,462,35,445.45,USD,2023-01-16T21:19:08,reversed,0
4752,367,102,1771.86,USD,2024-11-17T02:42:46,approved,0
4753,15,118,699.26,USD,2022-08-01T14:20:06,approved,0
4754,476,47,1622.27,GBP,2023-11-01T00:32:47,approved,0
4755,52,4,896.67,USD,2023-10-23T02:13:20,approved,0
4756,345,91,885.68,USD,2025-11-27T14:04:38,approved,0
4757,34,115,2999.98,USD,2023-02-05T11:16:28,approved,0
4758,447,34,2596.32,USD,2025-08-01T20:32:57,approved,0
4759,249,103,1231.68,EUR,2022-10-16T22:43:09,approved,0
4760,69,73,2839.88,EUR,2023-06-06T10:49:35,approved,0
4761,263,120,912.31,USD,2025-10-12T17:26:36,declined,0
4762,388,73,1992.1,USD,2022-06-24T13:47:11,approved,0
4763,310,26,322.12,USD,2023-05-25T23:26:21,approved,0
4764,265,56,334.72,USD,2024-08-12T22:18:54,approved,0
4765,220,106,34.52,USD,2023-04-09T14:43:01,approved,0
4766,356,107,712.3,USD,2022-09-18T15:44:16,approved,0
4767,386,118,2563.57,AED,2022-06-09T05:06:29,approved,0
4768,305,39,2569.08,EUR,2024-03-05T19:49:28,approved,0
4769,229,19,2562.44,USD,2025-02-09T13:10:39,approved,0
4770,55,83,1132.29,USD,2025-07-19T14:20:47,approved,0
4771,354,34,1475.22,USD,2022-08-28T19:52:09,approved,0
4772,450,16,1360.25,USD,2022-01-03T08:25:53,approved,0
4773,362,30,1625.42,GBP,2023-07-11T01:14:38,approved,0
4774,194,62,1010.23,USD,2024-05-06T18:40:03,approved,0
4775,67,46,2801.38,GBP,2025-06-16T11:25:12,approved,0
4776,112,66,991.61,USD,2024-11-04T16:11:12,approved,0
4777,317,80,2975.16,USD,2023-03-19T09:12:59,approved,0
4778,344,47,1853.54,USD,2025-05-27T14:56:49,approved,0
4779,186,66,2793.66,GBP,2025-09-08T18:09:09,approved,0
4780,139,30,1464.24,USD,2024-05-12T12:11:32,approved,0
4781,416,15,2895.28,USD,2023-03-11T20:21:38,approved,0
4782,100,78,809.5,USD,2022-04-08T13:42:36,approved,0
4783,399,85,387.14,USD,2024-04-25T07:50:51,approved,0
4784,237,91,453.11,USD,2025-11-23T20:17:07,approved,0
4785,427,99,1849.5,QAR,2022-06-24T09:57:36,approved,0
4786,467,10,1069.96,USD,2022-03-09T18:25:29,approved,0
4787,466,19,1651.64,AED,2024-10-09T08:02:19,approved,0
4788,82,96,2009.86,USD,2025-11-15T14:59:50,approved,0
4789,472,60,1294.16,QAR,2023-04-20T01:28:50,reversed,0
4790,293,104,1823.77,USD,2025-09-28T20:00:37,approved,0
4791,182,99,2451.34,QAR,2025-06-26T09:01:31,approved,0
4792,117,36,2851.93,USD,2024-01-13T23:02:17,approved,0
4793,256,7,1541.1,EUR,2022-10-12T01:37:09,approved,0
4794,359,27,1855.32,USD,2025-04-13T22:22:02,approved,0
4795,156,57,771.63,EUR,2024-07-01T05:39:36,approved,0
4796,190,42,381.39,USD,2023-01-20T22:39:01,approved,0
4797,254,45,1441.31,GBP,2023-10-04T12:59:34,approved,0
4798,196,30,588.35,QAR,2023-05-19T20:35:34,declined,0
4799,444,54,1029.26,EUR,2022-03-28T06:45:18,approved,0
4800,287,18,885.18,USD,2022-08-29T13:50:03,approved,0
4801,131,85,2573.39,USD,2025-04-06T01:12:23,approved,0
4802,448,38,2781.93,USD,2024-09-20T21:30:47,declined,0
4803,105,37,2155.44,EUR,2025-12-22T20:02:48,approved,0
4804,233,15,1642.05,QAR,2022-07-24T20:54:34,approved,0
4805,344,3,2653.94,EUR,2025-03-11T05:14:04,approved,0
4806,326,86,1564.04,EUR,2025-09-16T00:34:51,declined,0
4807,474,112,708.14,USD,2023-05-09T12:36:43,approved,1
4808,346,18,2393.65,EUR,2023-12-30T14:38:56,approved,0
4809,217,40,812.75,USD,2022-05-23T19:41:43,approved,0
4810,400,58,2082.51,USD,2023-05-25T18:36:44,approved,0
4811,9,85,472.12,USD,2023-06-22T19:09:03,approved,0
4812,177,80,227.76,USD,2025-05-28T01:38:41,approved,0
4813,346,47,2301.78,USD,2024-02-10T19:15:39,approved,0
4814,328,101,2821.02,QAR,2022-02-20T12:54:45,approved,0
4815,471,67,554.57,USD,2023-10-18T06:48:18,approved,0
4816,92,89,901.24,USD,2024-12-03T19:36:45,approved,0
4817,186,71,1036.58,USD,2023-01-09T00:04:00,approved,0
4818,325,90,2852.48,EUR,2025-10-24T11:43:19,approved,0
4819,435,40,1474.88,USD,2024-07-03T08:03:23,approved,0
4820,354,71,2566.73,USD,2023-01-22T21:08:10,approved,0
4821,234,43,1846.8,USD,2023-12-07T08:47:57,approved,0
4822,272,31,1723.36,USD,2023-03-04T05:00:44,approved,0
4823,118,82,1461.38,USD,2022-05-19T01:09:58,approved,0
4824,89,77,1026.02,QAR,2023-11-01T11:56:07,approved,0
4825,29,83,169.22,GBP,2024-05-23T20:47:13,approved,1
4826,93,21,1048.15,USD,2024-05-29T13:53:34,approved,0
4827,464,22,1468.33,USD,2022-07-22T06:13:19,approved,0
4828,178,72,532.9,EUR,2024-01-23T12:59:22,approved,0
4829,489,22,1794.59,GBP,2025-05-10T01:37:57,approved,0
4830,153,10,2252.62,USD,2023-03-03T14:27:54,approved,0
4831,285,117,2130.49,QAR,2023-12-16T13:59:18,approved,0
4832,220,117,936.58,USD,2024-05-05T18:22:57,approved,0
4833,249,93,15.42,USD,2024-04-13T11:53:03,approved,0
4834,397,75,1241.85,USD,2023-11-22T02:06:23,approved,1
4835,316,18,2620.77,QAR,2024-04-25T16:29:00,approved,0
4836,135,49,2872.37,USD,2024-01-02T01:54:46,approved,0
4837,154,89,1193.49,QAR,2025-11-19T20:24:14,approved,0
4838,425,24,1514.58,USD,2023-08-29T03:26:09,approved,0
4839,440,103,1889.67,USD,2025-08-02T19:10:11,approved,0
4840,393,100,2440.75,EUR,2022-12-24T18:52:43,approved,0
4841,420,49,2937.23,QAR,2022-10-03T15:24:15,approved,0
4842,455,112,882.35,USD,2025-04-23T15:40:05,approved,0
4843,345,77,2843.64,USD,2025-02-21T19:15:46,reversed,0
4844,460,81,2969.77,USD,2024-10-21T21:18:36,approved,0
4845,350,79,2530.31,USD,2025-04-24T11:14:22,declined,0
4846,308,92,1020.56,USD,2024-08-27T20:43:20,approved,0
4847,293,89,134.4,USD,2024-10-13T21:19:48,approved,0
4848,33,16,240.52,QAR,2024-05-16T07:13:27,approved,0
4849,313,92,290.7,QAR,2023-10-07T21:00:18,approved,0
4850,310,97,1169.75,QAR,2025-06-20T20:28:57,approved,0
4851,15,109,2115.14,EUR,2024-01-22T16:13:16,declined,0
4852,184,77,2206.73,USD,2022-02-03T22:19:10,approved,0
4853,151,105,271.23,USD,2025-01-21T20:59:26,approved,0
4854,427,60,1642.47,USD,2023-11-05T01:45:23,approved,0
4855,455,16,1819.44,EUR,2024-07-26T11:53:28,approved,0
4856,429,110,1329.55,GBP,2024-02-16T21:57:01,reversed,0
4857,48,117,2011.93,EUR,2022-08-19T06:48:23,approved,0
4858,278,34,2364.96,EUR,2024-02-17T19:20:49,approved,0
4859,187,69,2908.26,USD,2022-05-07T22:26:37,approved,0
4860,70,54,1797.95,EUR,2024-02-07T12:36:43,approved,0
4861,15,56,2659.48,QAR,2025-08-13T05:31:27,approved,1
4862,365,29,1063.65,USD,2022-10-09T00:59:39,approved,0
4863,301,91,2333.42,EUR,2023-11-16T15:13:45,approved,0
4864,100,72,1039.57,EUR,2024-05-16T06:13:30,approved,0
4865,356,93,807.18,EUR,2023-05-13T23:34:47,approved,0
4866,255,112,10.15,EUR,2022-07-01T20:50:42,approved,0
4867,45,16,2163.13,USD,2024-08-27T19:20:56,approved,0
4868,104,13,799.32,USD,2022-06-16T20:57:28,approved,0
4869,389,98,296.66,USD,2024-09-20T19:26:15,approved,0
4870,389,105,1849.62,USD,2024-11-15T23:04:12,approved,0
4871,378,7,2491.95,QAR,2023-01-06T01:19:18,approved,0
4872,367,31,2584.85,USD,2024-10-02T16:49:56,approved,0
4873,451,33,1759.21,USD,2022-03-12T09:09:42,approved,0
4874,303,3,46.55,GBP,2025-07-18T05:32:18,approved,0
4875,50,64,133.05,USD,2025-08-31T07:54:40,approved,0
4876,253,87,828.76,USD,2023-04-05T01:53:21,approved,0
4877,88,43,2122.21,EUR,2024-10-16T07:14:15,declined,0
4878,120,53,1503.5,GBP,2022-04-07T02:40:56,approved,0
4879,490,119,2067.26,EUR,2025-02-06T11:18:25,approved,0
4880,488,58,28.06,USD,2022-12-03T01:32:08,declined,0
4881,138,2,1372.27,GBP,2024-02-13T13:18:46,approved,0
4882,419,28,1167.84,QAR,2022-09-19T03:48:44,approved,0
4883,23,82,2561.34,USD,2023-07-09T08:59:38,approved,0
4884,452,106,1740.74,USD,2022-09-29T18:05:53,approved,0
4885,482,75,2791.33,USD,2023-07-11T21:58:46,approved,0
4886,225,19,1056.7,USD,2022-10-28T21:57:48,approved,0
4887,403,107,921.29,USD,2022-08-09T14:53:23,approved,0
4888,301,1,2824.08,QAR,2023-10-29T03:55:18,approved,0
4889,356,103,1090.59,USD,2022-05-20T09:47:20,approved,0
4890,455,66,2269.11,USD,2024-03-17T09:24:20,approved,0
4891,313,30,2685.41,USD,2022-06-18T15:59:35,approved,0
4892,481,77,295.56,GBP,2025-12-10T19:39:31,approved,0
4893,316,28,1464.05,USD,2022-09-29T23:49:28,approved,0
4894,129,107,456.53,USD,2022-12-03T10:48:50,approved,0
4895,270,87,633.27,GBP,2023-01-17T09:30:08,approved,0
4896,439,59,2741.44,USD,2023-09-02T02:38:30,approved,0
4897,26,87,157.77,USD,2022-11-27T07:38:58,declined,0
4898,322,72,2708.18,QAR,2023-03-06T07:23:10,approved,1
4899,175,118,1589.27,AED,2024-07-31T11:22:43,declined,0
4900,403,23,2908.09,QAR,2022-11-22T02:33:38,approved,0
4901,393,48,2637.3,GBP,2025-02-14T16:22:48,approved,0
4902,297,67,2919.77,EUR,2024-12-16T03:58:06,approved,0
4903,139,24,1684.96,USD,2025-12-26T17:15:18,approved,0
4904,211,33,570.72,EUR,2025-04-19T23:41:57,reversed,0
4905,416,40,588.01,USD,2025-10-18T14:45:06,approved,0
4906,321,2,812.63,QAR,2025-03-03T21:13:11,approved,0
4907,101,106,1880.69,GBP,2022-03-07T00:39:41,approved,0
4908,391,59,676.47,USD,2023-03-30T04:18:41,approved,0
4909,336,102,1995.5,GBP,2022-12-16T09:16:30,approved,0
4910,378,4,2768.53,USD,2022-10-05T02:58:57,approved,0
4911,416,70,2827.42,USD,2025-05-14T02:03:09,approved,0
4912,258,108,2446.27,USD,2022-11-30T08:18:41,approved,0
4913,20,57,1152.94,EUR,2022-06-07T11:09:52,declined,0
4914,47,120,2323.12,USD,2024-11-03T18:22:06,approved,0
4915,469,8,2793.81,QAR,2022-04-09T01:23:17,approved,1
4916,74,60,1313.86,USD,2025-09-24T04:14:06,approved,0
4917,242,48,278.14,AED,2022-02-09T06:24:55,approved,0
4918,242,111,938.14,EUR,2024-08-30T20:15:35,approved,0
4919,498,82,2451.49,USD,2025-11-20T17:17:51,declined,0
4920,444,50,682.16,USD,2022-12-28T03:11:37,approved,0
4921,99,53,582.7,QAR,2022-10-02T10:52:07,approved,0
4922,267,120,95.79,QAR,2022-06-27T01:09:24,approved,0
4923,186,5,1152.01,USD,2023-08-27T17:46:59,approved,0
4924,443,20,1728.12,USD,2024-03-16T10:52:48,approved,0
4925,193,29,2435.61,USD,2022-07-08T09:23:22,declined,0
4926,28,27,1155.86,USD,2023-08-01T05:53:59,approved,0
4927,131,56,1273.57,QAR,2022-09-15T05:26:58,approved,0
4928,253,39,1932.76,EUR,2023-07-23T11:48:21,declined,0
4929,151,93,2270.93,EUR,2024-01-08T19:50:27,approved,0
4930,188,37,1813.66,USD,2024-02-08T08:14:30,approved,0
4931,492,84,2780.99,USD,2025-08-17T06:18:54,approved,0
4932,249,117,2836.6,USD,2024-05-26T01:07:22,approved,0
4933,455,114,1699.33,USD,2022-07-08T03:49:47,approved,0
4934,163,36,2435.7,USD,2022-07-11T11:01:43,approved,0
4935,328,60,1833.97,GBP,2025-12-12T16:26:53,approved,0
4936,263,31,1016.53,GBP,2024-01-27T11:32:41,declined,0
4937,134,42,790.21,EUR,2024-02-04T19:28:36,approved,0
4938,248,34,400.69,GBP,2022-11-28T20:37:41,reversed,0
4939,435,39,640.56,USD,2024-09-04T10:25:32,approved,0
4940,454,87,1584.94,USD,2025-11-19T14:33:55,approved,0
4941,411,62,2779.37,GBP,2023-04-22T01:48:32,approved,0
4942,279,110,1213.35,USD,2025-10-13T19:16:23,approved,0
4943,459,78,2709.17,EUR,2022-11-22T09:26:30,approved,0
4944,289,79,1781.05,USD,2022-12-17T06:28:57,approved,0
4945,371,19,2185.11,EUR,2024-01-24T19:41:24,approved,0
4946,393,72,2542.08,USD,2022-04-24T11:13:52,approved,0
4947,126,49,230.77,EUR,2022-02-11T02:18:19,approved,0
4948,495,14,1866.09,USD,2025-12-25T18:53:42,approved,0
4949,109,55,1480.21,USD,2022-01-30T12:36:49,approved,0
4950,374,99,2319.95,USD,2025-04-26T08:02:04,reversed,0
4951,427,25,2654.18,GBP,2025-12-18T15:01:39,approved,0
4952,211,107,1377.69,USD,2024-08-10T15:51:44,approved,0
4953,327,14,2924.16,QAR,2022-10-21T14:22:39,approved,0
4954,475,7,254.84,USD,2024-03-29T20:38:58,approved,0
4955,150,7,6.86,EUR,2022-04-23T02:32:13,approved,0
4956,353,101,1195.89,GBP,2022-05-27T17:00:24,approved,0
4957,174,101,732.54,USD,2022-01-14T15:03:53,approved,1
4958,77,97,423.12,GBP,2022-12-13T22:25:35,approved,0
4959,484,79,127.43,USD,2022-03-15T03:59:53,approved,0
4960,280,117,206.35,USD,2023-02-06T08:46:37,approved,0
4961,469,60,1310.24,USD,2024-09-03T02:02:53,reversed,0
4962,157,11,246.53,QAR,2024-05-21T07:53:11,approved,0
4963,186,15,1703.12,USD,2022-10-04T18:59:21,approved,0
4964,222,58,439.27,USD,2024-09-19T00:55:50,approved,0
4965,438,39,2360.51,EUR,2023-10-10T10:02:10,approved,0
4966,81,116,2148.58,QAR,2025-09-20T04:58:20,approved,0
4967,269,7,995.34,USD,2023-12-09T19:53:21,approved,0
4968,151,19,2905.24,EUR,2022-10-11T13:13:15,reversed,0
4969,60,85,1389.91,USD,2024-10-27T14:31:07,approved,0
4970,79,1,465.41,USD,2025-11-14T06:39:51,approved,1
4971,55,100,1572.98,USD,2024-08-04T08:19:33,declined,0
4972,382,63,1664.81,USD,2023-02-04T19:03:02,declined,0
4973,314,56,692.71,EUR,2024-03-02T13:25:55,approved,0
4974,90,73,1136.27,EUR,2025-12-23T19:54:27,declined,0
4975,313,77,212.07,AED,2022-03-27T08:50:45,approved,0
4976,153,106,2993.06,USD,2023-06-11T10:40:32,approved,0
4977,466,53,1033.83,USD,2022-08-30T07:44:52,declined,0
4978,177,26,765.49,USD,2025-04-06T06:40:53,approved,0
4979,238,99,646.51,QAR,2022-12-22T14:49:24,approved,0
4980,388,94,1603.82,USD,2024-10-20T09:49:38,approved,0
4981,220,89,917.45,EUR,2025-08-19T01:12:57,approved,0
4982,80,83,302.18,USD,2024-02-27T13:20:48,approved,0
4983,151,46,2697.56,USD,2025-02-06T05:13:08,reversed,0
4984,490,43,2170.29,USD,2024-03-04T13:32:51,approved,0
4985,390,68,1796.81,GBP,2024-04-30T11:49:30,approved,0
4986,462,82,447.98,USD,2023-03-29T22:39:35,approved,0
4987,415,82,1401.24,USD,2025-06-06T02:57:23,approved,0
4988,5,13,2742.85,QAR,2022-08-24T02:22:47,approved,0
4989,195,108,462.98,USD,2023-05-14T19:17:10,approved,0
4990,280,60,2626.16,QAR,2023-11-23T01:36:49,approved,0
4991,308,58,2641.7,USD,2024-01-26T14:52:47,approved,0
4992,71,16,2615.52,USD,2022-03-20T20:38:35,approved,0
4993,330,75,2565.17,USD,2022-01-31T01:08:29,approved,0
4994,8,87,1126.46,USD,2023-08-16T04:28:41,approved,0
4995,5,107,1899.44,USD,2023-02-09T05:55:25,approved,0
4996,116,89,1924.75,USD,2023-05-20T02:47:03,approved,0
4997,306,65,2594.04,QAR,2024-09-01T02:17:06,approved,0
4998,96,56,2164.18,USD,2025-04-27T07:01:50,approved,0
4999,132,94,1145.63,USD,2023-02-12T16:46:12,approved,0
5000,447,96,191.6,USD,2025-12-22T23:08:44,approved,0
5001,161,117,933.29,USD,2024-12-26T09:42:30,approved,0
5002,299,38,1466.73,USD,2024-11-06T18:30:51,approved,0
5003,171,105,1822.15,QAR,2025-02-12T18:34:11,approved,0
5004,175,45,2076.42,USD,2025-08-26T08:09:07,approved,0
5005,326,76,1834.04,USD,2024-08-27T14:33:20,approved,0
5006,290,95,2508.98,USD,2023-12-11T14:45:39,approved,0
5007,66,96,1294.49,USD,2023-03-17T07:36:21,approved,0
5008,375,107,27.16,GBP,2025-07-11T04:41:22,approved,0
5009,305,43,2582.24,USD,2025-08-02T11:25:44,approved,0
5010,250,86,2239.54,USD,2024-01-05T05:19:23,approved,0
5011,414,5,370.79,AED,2022-08-28T02:28:22,approved,0
5012,106,47,1672.44,USD,2023-08-26T18:40:11,approved,0
5013,220,75,928.46,USD,2024-10-11T17:30:04,approved,0
5014,166,88,2652.27,USD,2025-11-27T21:32:43,approved,0
5015,468,45,2350.81,USD,2022-12-23T10:27:10,approved,0
5016,313,55,2358.58,USD,2023-02-18T03:27:05,approved,1
5017,307,79,425.32,USD,2025-09-15T17:42:46,approved,0
5018,79,86,2084.54,USD,2022-07-30T10:14:25,approved,0
5019,25,89,1770.59,QAR,2023-12-26T01:52:24,approved,0
5020,351,120,1925.67,AED,2025-01-24T10:54:47,approved,0
5021,441,36,875.35,USD,2025-03-17T07:13:06,approved,0
5022,164,49,2270.84,GBP,2023-10-13T09:01:10,approved,0
5023,51,67,125.78,GBP,2025-09-06T00:45:15,approved,0
5024,87,30,2054.85,GBP,2025-01-31T10:55:10,approved,0
5025,219,105,1063.61,USD,2025-11-24T01:53:28,approved,0
5026,318,66,2864.36,USD,2025-10-04T09:32:18,approved,0
5027,158,119,2609.52,USD,2024-08-08T20:18:50,approved,0
5028,460,58,2214.78,USD,2023-08-19T03:41:56,approved,0
5029,431,96,2475.48,USD,2022-07-25T16:13:06,approved,0
5030,90,114,1101.93,QAR,2023-05-12T22:27:12,approved,0
5031,181,60,2063.13,QAR,2024-04-07T01:29:03,approved,0
5032,173,3,1370.54,AED,2024-05-25T13:02:59,approved,0
5033,183,3,1547.79,USD,2022-10-31T13:05:03,approved,0
5034,191,45,2578.82,GBP,2022-10-06T12:48:16,approved,0
5035,333,91,780.54,USD,2023-07-12T00:43:48,approved,0
5036,224,67,852.03,QAR,2023-10-14T18:50:49,approved,1
5037,452,9,1657.42,EUR,2022-01-16T16:31:06,approved,0
5038,455,71,367.01,USD,2025-10-18T18:40:41,approved,0
5039,49,65,1778.06,QAR,2025-02-18T03:39:34,approved,0
5040,50,53,998.75,USD,2024-12-10T02:29:47,approved,0
5041,5,14,1535.23,AED,2024-06-01T22:28:43,approved,0
5042,65,53,395.24,EUR,2022-06-27T10:08:43,approved,0
5043,262,14,2721.12,AED,2024-04-06T13:21:50,approved,0
5044,251,26,234.93,USD,2025-06-12T14:57:18,approved,0
5045,167,18,2140.15,GBP,2024-09-28T21:27:51,approved,0
5046,176,79,742.62,USD,2025-09-12T11:04:05,approved,0
5047,165,56,2260.86,USD,2023-11-23T03:24:13,approved,0
5048,241,13,2302.27,USD,2025-11-20T06:26:11,approved,0
5049,484,25,863.4,USD,2023-11-15T00:12:12,approved,1
5050,243,40,2975.2,USD,2025-07-23T16:28:20,approved,0
5051,152,55,2100.14,USD,2023-06-03T17:09:07,approved,0
5052,251,28,1845.14,EUR,2022-12-29T03:48:08,declined,0
5053,262,70,2818.42,AED,2023-07-27T01:57:49,approved,0
5054,34,44,200.73,USD,2025-09-24T12:23:03,approved,0
5055,166,89,1255.53,EUR,2024-05-28T22:47:14,approved,0
5056,151,62,2653.99,USD,2023-09-23T02:10:21,approved,0
5057,266,107,2088.87,QAR,2025-08-03T07:16:55,approved,1
5058,189,100,1377.26,QAR,2025-06-05T23:46:39,declined,0
5059,196,47,1266.58,USD,2025-12-31T01:56:26,approved,0
5060,444,31,2676.12,USD,2024-02-09T14:54:43,approved,0
5061,434,13,102.35,GBP,2025-11-01T17:16:12,approved,0
5062,384,99,2286.22,USD,2025-12-14T01:57:00,approved,0
5063,141,5,1867.57,USD,2024-11-12T05:30:47,approved,0
5064,249,26,2063.07,QAR,2022-04-19T06:05:42,approved,0
5065,145,116,1307.89,USD,2024-10-24T08:30:32,approved,0
5066,464,83,1867.33,USD,2024-11-14T09:22:54,approved,0
5067,252,80,2197.92,USD,2025-12-05T18:30:05,approved,0
5068,45,59,2752.31,EUR,2023-08-25T13:04:41,approved,0
5069,193,76,2126.01,QAR,2023-04-07T20:45:36,approved,0
5070,276,111,1948.59,QAR,2023-02-23T04:48:31,approved,0
5071,201,67,2570.22,USD,2025-09-14T19:36:33,approved,1
5072,118,24,2826.31,QAR,2023-11-09T01:41:14,reversed,0
5073,469,18,786.06,USD,2022-12-11T01:46:28,reversed,0
5074,49,104,670.42,USD,2025-02-26T09:38:23,approved,0
5075,365,81,2259.89,USD,2025-11-12T02:01:34,approved,0
5076,324,88,1702.56,GBP,2025-04-24T15:03:19,approved,0
5077,490,55,1629.15,USD,2022-10-21T22:48:36,approved,0
5078,78,15,2849.61,QAR,2023-02-06T10:19:40,approved,0
5079,144,93,681.59,QAR,2023-12-07T23:12:59,approved,0
5080,98,88,2638.44,EUR,2025-08-05T18:55:37,approved,0
5081,477,9,536.4,AED,2022-04-14T01:33:49,approved,0
5082,160,7,2917.19,USD,2022-12-26T08:06:43,approved,0
5083,367,33,551.61,USD,2024-10-02T23:15:13,approved,0
5084,325,20,935.34,USD,2025-07-06T14:07:51,approved,0
5085,447,106,1181.8,QAR,2024-09-10T15:38:54,declined,0
5086,373,38,2183.27,AED,2025-08-07T19:11:06,approved,0
5087,70,64,2677.24,USD,2022-10-01T02:45:21,declined,0
5088,393,44,2953.72,GBP,2024-10-01T21:36:26,approved,0
5089,141,88,182.98,QAR,2023-07-17T18:24:52,approved,0
5090,358,83,2921.52,USD,2025-06-03T12:25:10,approved,0
5091,248,7,2967.25,USD,2025-11-14T17:57:44,approved,0
5092,84,107,2310.93,QAR,2024-06-23T16:23:44,approved,0
5093,347,114,2916.65,USD,2022-05-15T18:37:36,reversed,0
5094,336,112,1815.94,USD,2024-02-17T23:47:30,approved,0
5095,251,82,35.9,USD,2025-08-17T14:36:55,approved,0
5096,142,40,1011.83,USD,2023-08-18T06:00:44,reversed,0
5097,280,64,1503.13,GBP,2024-05-10T09:27:57,declined,0
5098,158,95,1791.21,EUR,2025-01-11T13:34:41,approved,0
5099,308,84,1534.59,EUR,2025-05-18T22:12:44,approved,0
5100,298,19,502.26,EUR,2024-04-04T16:30:01,approved,0
5101,188,48,2910.38,GBP,2024-10-02T17:23:50,approved,0
5102,362,89,2691.25,QAR,2023-03-16T00:37:09,approved,0
5103,148,27,56.16,USD,2023-04-01T04:09:11,approved,0
5104,10,34,229.92,USD,2024-03-16T09:48:15,approved,0
5105,390,1,1716.84,QAR,2023-10-08T11:47:41,approved,0
5106,147,99,1711.19,EUR,2024-05-18T13:11:09,approved,0
5107,225,55,9.32,AED,2022-11-08T21:32:03,approved,0
5108,26,19,766.69,USD,2024-12-17T21:48:27,approved,0
5109,336,76,719.39,EUR,2024-03-07T19:30:38,approved,0
5110,401,101,1919.68,GBP,2025-06-09T06:15:32,approved,0
5111,229,105,1289.86,USD,2025-02-03T23:50:25,approved,0
5112,77,45,1539.15,AED,2023-03-07T17:55:46,approved,0
5113,467,49,1047.08,GBP,2023-05-26T10:02:31,approved,0
5114,427,91,1896.16,USD,2025-01-17T15:14:46,approved,0
5115,297,78,1569.26,USD,2024-11-23T08:59:58,approved,0
5116,101,119,627.42,USD,2025-05-02T19:46:22,approved,0
5117,79,93,464.47,EUR,2024-06-07T05:34:05,declined,0
5118,226,59,2223.53,USD,2025-01-07T13:28:42,approved,0
5119,247,10,1599.26,USD,2025-05-31T01:22:41,approved,0
5120,221,65,2848.96,EUR,2025-03-10T07:13:02,approved,0
5121,144,6,2006.56,USD,2023-06-09T04:24:07,approved,0
5122,78,36,2951.8,EUR,2024-10-17T06:24:22,approved,0
5123,400,78,334.87,USD,2024-04-17T12:05:13,approved,0
5124,205,31,2833.35,AED,2023-01-09T08:29:25,approved,0
5125,179,61,2296.91,QAR,2025-09-14T22:33:20,approved,0
5126,284,119,2031.34,USD,2023-04-10T16:41:45,approved,0
5127,448,102,26.85,EUR,2025-04-20T16:27:27,declined,0
5128,292,21,2352.82,AED,2025-08-13T10:44:01,declined,0
5129,137,79,88.05,USD,2024-08-14T23:14:22,approved,0
5130,140,29,2509.36,AED,2023-10-21T07:24:53,approved,0
5131,52,92,186.37,USD,2025-03-21T19:40:28,approved,0
5132,73,90,1288.98,QAR,2024-02-15T23:43:05,approved,0
5133,124,31,2849.51,USD,2024-10-14T00:08:29,approved,0
5134,439,109,1429.81,USD,2025-06-06T15:48:57,approved,0
5135,125,110,1613.49,USD,2023-10-16T03:16:22,approved,0
5136,333,77,2033.12,USD,2024-06-09T16:57:55,approved,0
5137,454,5,1494.88,QAR,2022-04-22T00:25:39,approved,0
5138,351,11,2852.88,USD,2023-12-11T18:14:55,approved,0
5139,443,19,2600.16,USD,2023-12-30T13:21:11,approved,0
5140,156,96,2917.79,AED,2023-09-26T08:49:05,approved,0
5141,293,74,1122.11,USD,2024-07-04T12:36:38,approved,0
5142,123,71,239.25,USD,2023-11-01T18:58:02,approved,0
5143,338,87,2292.1,EUR,2025-12-21T02:00:53,approved,0
5144,211,116,337.69,GBP,2022-10-15T16:54:31,approved,0
5145,258,83,340.99,USD,2023-01-26T00:43:24,approved,0
5146,427,68,437.51,USD,2022-09-29T17:28:56,reversed,0
5147,309,97,1742.01,EUR,2022-10-04T16:36:15,approved,0
5148,283,37,171.11,USD,2024-10-26T11:03:20,approved,0
5149,480,25,2232.65,EUR,2022-11-03T20:26:03,approved,0
5150,182,96,2996.46,EUR,2023-10-30T08:39:59,approved,0
5151,140,35,2884.07,EUR,2023-05-11T17:53:27,approved,0
5152,36,80,2312.77,QAR,2025-08-06T01:43:23,approved,0
5153,272,61,112.73,USD,2022-11-10T07:01:54,approved,0
5154,427,48,1178.71,USD,2025-08-21T09:17:40,approved,0
5155,6,110,293.97,QAR,2025-10-09T23:14:58,approved,0
5156,322,48,2579.55,USD,2022-04-24T11:01:22,approved,0
5157,437,47,1932.47,EUR,2024-05-26T10:31:34,declined,0
5158,412,61,1719.66,AED,2025-04-10T03:59:38,approved,0
5159,237,20,2629.27,QAR,2022-03-27T22:12:20,approved,0
5160,405,99,2328.58,GBP,2024-03-04T00:37:07,approved,0
5161,465,101,817.43,USD,2023-09-24T05:16:43,approved,0
5162,52,10,2440.6,EUR,2022-09-25T13:41:26,approved,0
5163,249,58,578.05,EUR,2025-02-04T03:50:14,declined,0
5164,4,79,2718.92,USD,2022-07-20T08:23:10,approved,0
5165,394,102,41.16,USD,2023-03-21T06:47:56,approved,0
5166,325,20,2409.76,USD,2024-04-06T17:25:26,approved,0
5167,338,43,2760.65,USD,2022-04-12T22:23:58,approved,0
5168,472,113,2099.26,USD,2022-08-26T10:30:53,approved,0
5169,468,12,2560.01,USD,2025-11-03T17:44:47,approved,0
5170,277,14,1680.33,USD,2024-09-11T14:39:58,approved,0
5171,475,93,2759.4,GBP,2024-12-22T16:55:51,approved,0
5172,432,82,2947.82,QAR,2023-08-28T08:27:26,approved,0
5173,305,44,759.11,USD,2022-03-14T00:55:53,approved,0
5174,432,19,2732.28,USD,2025-01-03T17:23:18,approved,0
5175,171,31,2332.28,EUR,2024-03-28T07:31:59,approved,0
5176,185,78,1862.92,USD,2025-05-12T01:10:42,approved,0
5177,397,103,400.06,QAR,2025-02-23T03:53:27,approved,0
5178,498,35,1532.1,USD,2025-08-16T03:33:41,approved,0
5179,454,21,1646.9,USD,2023-03-23T22:21:34,declined,0
5180,385,27,603.89,EUR,2022-06-18T20:12:04,approved,0
5181,221,15,2446.06,QAR,2022-01-10T05:31:32,approved,0
5182,158,59,2934.13,EUR,2023-01-28T14:10:47,approved,0
5183,456,104,2242.11,USD,2024-02-18T02:39:44,reversed,0
5184,83,113,512.14,USD,2023-11-30T21:33:59,approved,0
5185,62,28,1904.5,GBP,2025-11-26T21:43:31,approved,0
5186,158,58,823.06,QAR,2023-02-04T19:30:09,approved,0
5187,382,63,1042.94,USD,2024-09-20T18:36:51,approved,0
5188,260,115,730.26,USD,2022-11-02T10:07:05,approved,0
5189,134,43,941.06,EUR,2025-09-18T04:18:06,approved,0
5190,491,56,712.21,USD,2022-01-13T02:27:54,approved,0
5191,25,115,2496.32,EUR,2023-05-31T19:58:07,approved,0
5192,126,64,2067.91,USD,2023-01-03T00:06:52,approved,0
5193,142,56,2822.47,USD,2025-11-03T09:04:22,declined,0
5194,244,55,2686.92,USD,2022-01-15T23:39:05,approved,0
5195,252,65,208.26,EUR,2024-09-24T03:36:23,approved,0
5196,491,39,2711.04,USD,2025-04-08T11:06:17,approved,0
5197,184,42,1597.58,USD,2024-09-23T06:24:35,approved,0
5198,90,77,1183.34,GBP,2024-11-25T01:34:16,approved,0
5199,454,9,1149.09,USD,2024-12-20T04:54:29,approved,0
5200,334,114,71.54,EUR,2022-03-06T14:59:01,approved,0
5201,198,36,753.72,USD,2022-02-14T21:00:24,approved,0
5202,366,93,374.88,EUR,2022-04-08T16:05:53,approved,0
5203,28,4,533.7,EUR,2024-02-13T07:45:08,approved,0
5204,86,27,2346.94,USD,2024-05-23T19:54:20,approved,0
5205,75,118,1947.67,QAR,2023-11-11T18:03:16,approved,0
5206,168,108,424.26,USD,2025-09-07T11:16:37,approved,0
5207,418,98,1033.24,USD,2025-02-27T14:56:12,approved,0
5208,50,25,2031.79,USD,2025-06-12T18:27:18,approved,0
5209,195,106,187.68,USD,2025-02-24T19:45:29,approved,0
5210,6,90,944.14,USD,2025-12-02T07:07:58,approved,0
5211,406,9,1824.82,QAR,2025-12-07T06:27:23,approved,0
5212,499,83,2934.15,USD,2024-01-09T09:56:52,approved,0
5213,212,17,1620.98,EUR,2025-09-11T05:10:12,approved,0
5214,436,60,1828.43,EUR,2025-01-06T20:38:20,declined,0
5215,449,116,1687.75,USD,2023-10-30T02:41:30,approved,0
5216,91,77,813.81,USD,2023-12-29T12:23:20,approved,0
5217,398,104,1540.24,QAR,2025-10-06T10:27:12,approved,0
5218,209,55,1042.48,USD,2023-03-07T02:47:00,approved,0
5219,37,32,675.05,GBP,2025-12-04T16:31:22,approved,0
5220,349,101,786.64,USD,2023-08-12T23:32:13,approved,0
5221,347,100,2274.01,GBP,2024-07-18T09:36:32,approved,0
5222,317,55,2656.94,AED,2025-02-24T22:08:23,approved,0
5223,111,5,1870.52,USD,2023-12-01T22:15:59,approved,0
5224,33,46,191.39,USD,2023-08-10T12:26:54,approved,0
5225,488,69,2171.82,EUR,2025-12-30T23:09:47,approved,0
5226,184,61,2338.99,USD,2022-08-04T00:34:02,approved,0
5227,411,28,2458.12,USD,2022-07-30T22:08:13,approved,0
5228,55,23,291.41,QAR,2025-05-06T16:14:08,approved,0
5229,467,34,297.97,AED,2022-12-03T13:52:14,approved,0
5230,383,17,343.15,USD,2023-02-20T15:06:21,approved,0
5231,64,107,1854.37,USD,2024-06-21T15:35:32,approved,0
5232,492,11,2037.62,EUR,2025-05-25T03:13:11,approved,0
5233,101,117,526.33,EUR,2023-01-25T10:22:50,approved,0
5234,21,27,578.38,USD,2025-02-26T22:12:05,approved,0
5235,175,57,250.43,USD,2022-12-27T06:45:35,approved,0
5236,174,18,1363.3,AED,2025-02-19T23:30:27,approved,0
5237,196,1,2638.68,QAR,2023-11-07T13:18:01,reversed,0
5238,8,80,1836.65,EUR,2024-06-06T16:38:05,approved,0
5239,247,90,1682.93,USD,2025-03-11T12:36:36,approved,0
5240,269,14,2995.74,AED,2022-09-10T20:36:18,approved,0
5241,350,59,820.07,USD,2023-04-26T21:05:38,approved,1
5242,73,38,274.95,USD,2024-10-09T10:33:48,approved,0
5243,473,118,1360.34,USD,2023-02-20T05:56:30,approved,0
5244,418,76,1814.4,USD,2024-06-08T16:27:51,declined,0
5245,417,70,2500.32,USD,2022-05-23T02:24:10,declined,0
5246,344,89,1216.5,QAR,2022-06-22T09:44:39,approved,0
5247,403,79,2804.76,GBP,2025-11-02T09:47:12,approved,0
5248,225,64,201.05,USD,2023-02-24T21:03:42,approved,0
5249,294,54,126.39,QAR,2025-01-22T18:48:21,approved,0
5250,312,25,2965.99,QAR,2023-09-06T06:16:57,approved,0
5251,291,36,2307.88,USD,2022-07-27T05:22:45,approved,0
5252,222,6,1273.94,EUR,2022-01-11T19:57:32,approved,0
5253,140,7,1960.53,QAR,2025-06-21T18:07:20,approved,0
5254,382,14,876.85,USD,2022-05-03T17:22:00,approved,0
5255,346,35,1438.64,USD,2022-11-27T19:44:25,declined,0
5256,131,10,2667.26,USD,2024-04-23T09:28:08,approved,0
5257,113,90,1725.52,QAR,2023-08-08T10:13:38,declined,0
5258,434,38,381.23,USD,2022-06-21T14:18:45,approved,0
5259,345,31,2787.44,EUR,2024-03-30T16:41:21,approved,0
5260,407,105,2841.32,USD,2022-12-29T00:36:06,approved,0
5261,85,20,921.37,AED,2024-02-26T12:07:59,approved,0
5262,393,69,119.3,QAR,2022-01-04T05:00:38,approved,0
5263,362,2,1822.97,EUR,2024-01-04T03:53:53,approved,0
5264,39,61,1026.05,USD,2022-08-29T14:03:08,approved,0
5265,105,31,1497.58,USD,2024-12-24T12:03:19,declined,0
5266,391,62,2763.25,EUR,2023-01-04T11:12:29,approved,0
5267,351,15,971.35,USD,2022-02-20T00:12:59,approved,0
5268,196,74,2738.36,USD,2024-06-30T08:58:57,approved,0
5269,121,9,2769.06,USD,2025-05-03T13:32:14,approved,0
5270,385,102,2077.68,USD,2024-04-24T20:27:12,approved,0
5271,109,3,1779.83,QAR,2022-03-02T06:41:41,declined,0
5272,61,32,230.07,QAR,2025-08-04T10:12:54,approved,0
5273,255,12,623.05,USD,2025-12-16T06:21:05,approved,0
5274,87,24,1546.08,EUR,2023-03-12T04:56:20,approved,0
5275,262,85,964.34,USD,2025-05-04T14:48:39,approved,0
5276,306,109,1220.18,AED,2024-07-23T10:35:15,reversed,0
5277,91,16,2007.74,USD,2025-10-31T12:18:00,declined,0
5278,74,26,2789.04,QAR,2025-08-05T02:20:17,approved,0
5279,236,65,614.71,QAR,2024-07-15T10:00:06,approved,0
5280,325,3,2875.98,EUR,2025-03-15T03:16:06,approved,0
5281,65,49,2845.74,EUR,2023-02-16T13:59:19,approved,0
5282,374,10,564.12,QAR,2023-06-20T21:20:18,approved,0
5283,261,83,2833.27,USD,2024-06-06T15:42:19,approved,0
5284,475,24,1160.43,USD,2025-12-23T06:00:57,approved,0
5285,106,29,399.51,EUR,2025-02-22T23:51:46,approved,0
5286,49,107,1357.72,USD,2024-05-04T21:55:30,approved,0
5287,37,38,2570.46,USD,2022-07-12T17:22:07,approved,0
5288,217,16,2924.07,GBP,2023-03-04T17:18:37,declined,0
5289,77,51,89.69,USD,2023-01-12T05:32:29,approved,0
5290,37,40,2336.47,GBP,2025-03-04T12:24:04,approved,0
5291,87,80,2641.24,USD,2023-11-22T14:33:38,approved,0
5292,172,102,2655.27,USD,2022-01-31T06:03:52,approved,0
5293,147,95,2245.82,USD,2022-05-26T02:11:03,approved,0
5294,426,108,1950.63,QAR,2024-12-17T20:52:23,approved,0
5295,360,112,2462.81,EUR,2022-10-13T18:40:09,reversed,0
5296,79,19,592.61,GBP,2023-05-12T11:47:35,approved,0
5297,277,80,2027.89,USD,2025-12-02T03:15:40,approved,0
5298,255,98,2224.72,QAR,2023-05-14T17:52:42,approved,0
5299,283,60,1171.29,USD,2024-12-28T05:15:25,approved,0
5300,151,24,392.45,GBP,2024-04-15T10:06:19,approved,0
5301,261,49,1017.75,USD,2022-02-18T12:09:52,approved,0
5302,159,87,2029.39,QAR,2025-07-26T09:51:36,approved,0
5303,259,90,1318.25,USD,2025-04-23T16:05:04,approved,0
5304,266,35,714.37,EUR,2025-04-13T03:18:57,approved,0
5305,60,97,2969.77,GBP,2025-07-20T14:37:26,approved,0
5306,321,44,2987.13,AED,2023-07-27T18:21:03,approved,0
5307,434,112,514.08,USD,2025-04-24T05:36:35,declined,0
5308,73,91,1561.21,AED,2025-08-23T08:48:59,approved,0
5309,45,87,1134.54,USD,2025-11-01T13:51:11,approved,0
5310,380,68,2300.55,AED,2022-08-23T20:41:27,approved,0
5311,54,26,1471.06,AED,2023-10-18T15:45:42,approved,0
5312,244,53,2781.75,USD,2023-11-17T19:17:07,approved,0
5313,477,113,2388.64,USD,2023-12-18T02:51:27,approved,0
5314,38,103,357.62,USD,2023-07-24T22:27:26,approved,0
5315,246,14,2469.65,USD,2025-06-23T01:50:57,approved,0
5316,92,107,1812.61,USD,2023-11-25T16:49:54,declined,0
5317,175,88,364.09,USD,2024-01-23T16:05:58,approved,0
5318,49,37,1153.18,USD,2024-01-30T07:56:21,approved,0
5319,204,66,490.7,EUR,2022-07-19T08:03:34,approved,0
5320,125,44,1287.54,QAR,2024-03-28T15:52:24,approved,0
5321,49,51,1683.82,USD,2024-12-18T20:35:35,approved,0
5322,395,88,2371.49,AED,2025-01-21T02:54:39,approved,0
5323,118,40,1496.94,QAR,2022-04-04T11:05:00,approved,0
5324,367,33,1424.01,AED,2025-07-08T17:01:11,reversed,0
5325,49,28,342.98,USD,2023-09-03T16:11:19,approved,0
5326,426,95,904.08,USD,2023-07-16T09:19:24,approved,0
5327,302,38,441.76,USD,2024-04-25T07:19:37,declined,0
5328,390,3,2789.5,EUR,2024-05-09T16:46:46,approved,0
5329,185,1,185.42,USD,2024-01-16T02:42:05,approved,0
5330,14,57,2328.62,QAR,2022-05-25T15:00:24,approved,0
5331,351,93,1207.01,GBP,2024-04-27T09:50:44,approved,0
5332,408,83,2921.68,QAR,2024-12-05T15:08:33,approved,0
5333,427,114,214.43,USD,2024-03-08T18:25:38,approved,0
5334,131,115,769.77,USD,2024-06-19T04:54:59,approved,0
5335,88,11,2373.06,GBP,2024-04-19T06:41:25,approved,0
5336,299,10,1225.68,AED,2023-07-13T18:43:58,approved,0
5337,377,90,474.4,USD,2025-07-02T00:04:28,approved,0
5338,217,106,1582.03,USD,2024-06-15T04:06:44,approved,0
5339,285,74,647.95,USD,2023-05-28T23:46:59,approved,0
5340,412,40,1445.31,GBP,2024-01-20T22:29:05,approved,0
5341,426,54,954.25,AED,2024-02-26T22:17:06,approved,0
5342,200,54,1373.74,USD,2022-08-18T02:52:07,approved,0
5343,10,14,1567.88,EUR,2025-11-19T10:40:33,approved,0
5344,189,73,1269.44,EUR,2023-01-16T13:11:23,approved,0
5345,177,59,1264.25,USD,2025-12-27T22:58:54,reversed,0
5346,178,112,2474.87,GBP,2024-11-17T20:16:34,approved,0
5347,34,65,1294.48,GBP,2025-11-16T20:33:47,declined,0
5348,420,33,614.06,AED,2022-11-26T18:38:55,approved,0
5349,192,28,394.08,QAR,2025-11-16T22:00:04,approved,0
5350,299,70,1696.58,USD,2025-03-03T00:17:00,approved,0
5351,417,112,1262.27,EUR,2025-09-06T18:42:53,approved,0
5352,22,113,1018.75,USD,2022-01-01T04:53:22,approved,0
5353,345,95,2450.96,EUR,2025-06-04T10:39:03,approved,0
5354,377,78,1691.76,USD,2023-01-31T12:38:54,approved,0
5355,295,117,336.04,GBP,2024-12-04T13:56:17,approved,0
5356,195,18,1226.89,QAR,2024-04-29T02:26:44,approved,0
5357,344,61,2656.62,USD,2025-12-23T14:20:11,approved,0
5358,349,74,2120.4,QAR,2023-01-04T22:24:39,approved,0
5359,363,70,1898.29,USD,2025-01-10T17:46:05,approved,0
5360,354,18,774.95,QAR,2024-06-29T15:02:23,approved,0
5361,499,61,1014.86,USD,2023-10-22T13:10:16,approved,0
5362,42,70,2228.91,GBP,2025-01-04T17:42:52,declined,0
5363,492,76,2147.45,QAR,2022-07-27T07:56:36,approved,0
5364,270,60,188.58,QAR,2022-06-15T09:56:10,approved,0
5365,429,80,2447.04,GBP,2023-09-27T06:35:56,approved,0
5366,392,119,227.33,QAR,2022-02-04T09:24:11,approved,0
5367,352,94,589.67,USD,2024-06-20T05:13:26,approved,0
5368,117,30,144.18,EUR,2022-01-24T07:19:20,approved,0
5369,336,65,851.37,QAR,2023-01-01T02:47:02,approved,0
5370,152,77,1162.32,USD,2024-09-24T14:51:45,approved,0
5371,463,61,1699.69,USD,2025-06-24T02:44:55,approved,0
5372,475,82,1956.71,QAR,2024-10-22T08:25:28,approved,0
5373,306,74,1117.93,USD,2022-03-23T06:45:53,approved,0
5374,84,41,1448.35,USD,2022-05-22T01:46:40,approved,0
5375,14,45,1361.99,QAR,2025-04-24T22:21:23,approved,0
5376,392,33,894.85,USD,2024-05-23T12:43:15,approved,0
5377,373,58,2688.14,USD,2024-06-07T04:51:56,declined,0
5378,84,15,1354.1,USD,2023-01-02T17:13:36,approved,0
5379,236,4,354.35,USD,2024-09-06T22:25:44,approved,0
5380,341,59,555.84,EUR,2023-03-20T04:57:46,approved,0
5381,99,107,2328.68,USD,2024-08-11T15:58:23,approved,0
5382,474,35,2806.69,USD,2025-01-21T10:13:53,approved,0
5383,391,38,1517.04,USD,2025-08-23T17:38:32,reversed,0
5384,455,63,1325.04,USD,2025-07-21T09:27:50,approved,0
5385,384,57,1648.34,USD,2023-09-05T11:05:49,approved,0
5386,71,58,1704.33,USD,2025-01-07T21:08:54,approved,0
5387,488,47,275.42,USD,2023-01-11T21:33:31,reversed,0
5388,56,12,1653.2,USD,2024-03-16T07:16:40,approved,0
5389,462,62,1996.09,USD,2024-06-30T13:49:12,approved,0
5390,40,3,581.41,USD,2024-06-17T05:31:31,approved,0
5391,496,8,2624.91,EUR,2024-11-01T16:42:24,approved,0
5392,145,94,2758.2,AED,2023-11-08T21:44:01,approved,0
5393,241,69,2903.78,USD,2022-10-23T02:25:13,approved,0
5394,48,69,2164.25,QAR,2022-08-21T11:14:05,approved,0
5395,37,87,2576.24,GBP,2022-09-14T20:39:32,approved,0
5396,25,69,2246.7,GBP,2025-09-15T16:27:20,approved,0
5397,130,56,2514.68,QAR,2022-07-29T15:00:51,approved,0
5398,122,79,1245.52,USD,2025-11-09T10:23:44,approved,0
5399,158,10,2214.42,USD,2024-03-01T11:21:09,approved,0
5400,308,47,2155.35,EUR,2023-02-05T10:07:24,approved,0
5401,482,105,541.35,GBP,2024-08-06T22:07:05,approved,0
5402,26,8,431.09,GBP,2025-05-15T16:03:02,approved,0
5403,131,57,2921.33,USD,2023-11-13T11:28:43,approved,0
5404,331,28,450.74,USD,2025-05-26T02:12:08,reversed,0
5405,34,71,2376.46,EUR,2024-05-01T12:37:51,approved,0
5406,265,32,1076.27,USD,2022-01-21T16:17:24,approved,0
5407,255,27,416.35,AED,2024-07-17T10:32:17,approved,0
5408,243,14,2702.33,USD,2022-04-20T20:09:16,declined,0
5409,313,68,831.28,EUR,2025-06-12T23:01:38,approved,0
5410,417,4,1721.86,USD,2023-02-11T01:52:26,approved,0
5411,149,52,2162.05,USD,2024-12-25T18:37:35,approved,0
5412,138,98,902.99,QAR,2023-05-12T02:09:46,approved,0
5413,72,88,2786.78,EUR,2022-12-20T14:19:37,approved,0
5414,23,76,1547.99,EUR,2022-10-21T04:02:11,declined,0
5415,336,13,2963.19,EUR,2024-11-05T11:05:13,approved,0
5416,167,38,2520.97,GBP,2025-10-02T10:10:14,approved,1
5417,276,111,2718.32,USD,2024-02-01T02:39:03,approved,0
5418,82,93,1293.87,USD,2023-08-11T14:32:47,approved,0
5419,240,33,2642.2,USD,2023-07-12T20:14:04,approved,0
5420,107,18,656.37,USD,2025-09-21T11:51:16,approved,0
5421,491,114,1444.35,USD,2023-12-30T17:21:34,approved,0
5422,454,96,834.31,USD,2025-06-08T13:34:09,approved,0
5423,467,18,2041.69,QAR,2022-11-02T11:23:32,approved,0
5424,377,79,506.87,USD,2024-09-04T17:07:17,approved,0
5425,394,43,1403.17,EUR,2024-07-11T01:29:31,approved,0
5426,375,93,1956.53,EUR,2023-09-07T08:57:45,approved,0
5427,423,61,978.99,EUR,2024-06-16T02:06:14,approved,0
5428,387,89,2984.93,QAR,2024-09-23T06:07:43,approved,0
5429,199,103,888.43,EUR,2024-05-29T07:36:17,reversed,0
5430,191,66,642.75,USD,2022-01-26T18:00:12,approved,0
5431,177,65,2136.62,USD,2023-01-25T21:11:44,approved,0
5432,430,24,1473.65,USD,2022-11-13T12:19:11,approved,1
5433,121,71,2344.17,QAR,2024-11-23T17:01:31,approved,0
5434,479,95,2672.77,GBP,2023-09-22T18:31:02,approved,0
5435,161,75,2131.81,USD,2025-10-31T20:07:36,approved,0
5436,419,35,663.45,EUR,2025-12-27T07:22:26,approved,0
5437,404,4,518.14,QAR,2022-09-05T16:30:00,approved,0
5438,21,69,2616.3,USD,2022-04-23T11:15:08,approved,0
5439,301,31,1728.43,USD,2022-04-11T16:36:33,approved,0
5440,37,109,1342.06,QAR,2022-02-01T02:18:30,approved,0
5441,415,60,2473.68,QAR,2025-06-11T23:06:49,approved,0
5442,291,6,2372.05,USD,2022-04-30T23:25:32,approved,0
5443,187,60,2151.48,GBP,2023-01-10T14:58:12,approved,1
5444,425,45,161.5,EUR,2023-11-28T00:25:52,reversed,0
5445,380,60,2354.22,AED,2025-11-15T22:43:22,approved,0
5446,469,12,1983.79,QAR,2025-05-31T08:49:49,approved,0
5447,460,39,1146.01,USD,2024-08-14T12:49:40,declined,0
5448,131,53,1842.85,QAR,2023-07-24T05:45:32,approved,1
5449,479,116,2506.53,QAR,2022-08-13T06:48:28,approved,0
5450,139,63,2195.53,USD,2024-08-30T07:32:51,approved,0
5451,76,42,2541.55,QAR,2025-11-04T17:44:14,approved,0
5452,395,116,494.97,GBP,2023-03-05T23:15:17,approved,0
5453,142,16,1413.2,USD,2024-08-03T17:26:52,approved,0
5454,334,7,109.15,QAR,2025-05-10T02:54:07,approved,0
5455,330,94,805.85,EUR,2023-05-04T19:13:40,declined,0
5456,261,86,1734.54,USD,2022-09-20T12:37:41,approved,0
5457,459,29,260.41,USD,2025-12-03T11:40:22,approved,0
5458,10,65,1443.79,USD,2023-11-25T14:21:06,declined,0
5459,261,119,2287.45,GBP,2025-02-03T04:12:31,approved,0
5460,144,36,769.85,USD,2025-07-31T10:01:06,approved,0
5461,45,32,1520.65,GBP,2025-10-17T09:54:06,approved,0
5462,316,29,484.2,USD,2023-07-28T10:29:02,approved,0
5463,492,58,750.31,QAR,2024-09-24T21:02:04,approved,0
5464,206,6,1039.31,GBP,2025-03-03T15:05:11,approved,0
5465,322,5,1602.94,QAR,2022-12-04T20:41:30,approved,0
5466,397,119,2182.45,EUR,2025-06-11T23:00:27,approved,0
5467,259,56,1849.48,USD,2025-06-04T11:24:25,approved,0
5468,420,95,2579.53,USD,2025-03-28T04:55:05,approved,0
5469,161,65,1293.46,USD,2025-02-25T07:01:37,approved,0
5470,102,89,1133.51,USD,2023-06-21T18:55:08,approved,0
5471,297,13,1548.99,USD,2025-09-12T15:20:41,approved,0
5472,129,116,952.84,USD,2025-04-26T12:59:17,approved,0
5473,15,54,2428.02,GBP,2025-03-20T21:09:21,approved,0
5474,124,7,34.51,GBP,2023-12-18T17:03:42,approved,0
5475,236,48,1218.34,AED,2023-05-19T08:47:18,approved,0
5476,442,6,1521.86,USD,2023-04-22T09:35:58,approved,0
5477,458,78,2501.71,QAR,2024-06-21T23:10:59,approved,0
5478,465,57,1519.21,USD,2022-04-07T15:37:53,approved,0
5479,71,65,238.83,EUR,2024-03-01T21:30:05,declined,0
5480,341,13,359.38,USD,2022-03-31T05:03:58,approved,0
5481,34,64,934.09,USD,2023-06-20T03:30:40,approved,0
5482,328,68,19.29,GBP,2022-02-27T00:56:52,approved,0
5483,427,108,2062.37,USD,2022-08-29T08:52:35,approved,0
5484,5,11,282.77,QAR,2023-05-22T20:36:10,approved,0
5485,286,111,2180.23,USD,2022-11-04T14:49:31,declined,0
5486,128,83,1345.97,USD,2023-08-15T10:24:04,approved,0
5487,452,118,932.13,EUR,2022-07-22T11:57:44,approved,0
5488,101,27,2736.49,QAR,2025-06-25T14:19:31,declined,0
5489,323,76,314.59,USD,2025-11-09T03:38:11,approved,0
5490,8,111,1533.69,USD,2024-12-05T04:53:47,approved,0
5491,291,61,1605.01,QAR,2025-04-04T12:34:56,approved,0
5492,211,88,1851.68,USD,2025-03-21T18:55:10,approved,0
5493,446,58,2022.82,EUR,2024-10-25T20:27:44,approved,0
5494,472,116,2374.18,QAR,2024-05-18T11:53:38,approved,0
5495,164,77,2726.01,USD,2024-06-07T15:13:44,approved,0
5496,260,3,119.63,USD,2022-03-11T23:52:26,approved,0
5497,375,32,2341.47,USD,2023-04-04T18:15:17,approved,0
5498,48,119,1993.54,USD,2024-10-18T17:32:25,approved,0
5499,229,32,1935.04,USD,2024-01-24T08:53:25,approved,0
5500,185,20,245.91,USD,2023-03-07T04:04:15,approved,0
5501,264,103,1317.56,EUR,2022-12-09T20:32:33,declined,0
5502,366,100,2029.21,USD,2025-09-06T11:21:49,approved,0
5503,204,80,2270.28,USD,2024-12-06T17:13:31,approved,0
5504,307,94,1747.17,USD,2025-11-24T21:38:50,approved,0
5505,97,88,1987.38,USD,2023-08-01T07:49:19,approved,0
5506,424,63,932.23,QAR,2022-01-07T20:34:56,approved,0
5507,250,16,337.18,USD,2022-11-21T09:39:33,approved,0
5508,194,31,769.79,USD,2022-04-07T19:16:06,approved,0
5509,357,100,2082.94,USD,2024-07-21T05:17:00,approved,0
5510,287,86,1478.46,USD,2025-12-31T07:09:54,approved,0
5511,204,55,1347.57,USD,2025-06-23T02:32:29,approved,0
5512,138,101,1002.17,EUR,2025-05-10T05:45:56,approved,0
5513,466,67,2599.5,EUR,2025-09-30T00:09:11,approved,0
5514,285,75,1944.25,USD,2022-03-13T06:58:19,approved,0
5515,325,12,1422.1,USD,2024-09-15T22:16:58,approved,0
5516,484,45,1093.91,USD,2023-01-11T07:55:13,declined,0
5517,301,10,1246.26,AED,2023-09-10T23:39:05,approved,0
5518,100,4,2071.38,USD,2023-04-22T16:26:45,approved,0
5519,10,7,1340.47,USD,2023-03-04T10:11:57,approved,0
5520,1,9,2947.89,USD,2024-01-20T07:25:16,approved,0
5521,334,56,1840.76,QAR,2025-07-04T21:30:31,approved,0
5522,434,27,795.7,USD,2023-12-02T04:17:54,approved,0
5523,141,99,1752.77,EUR,2023-10-10T06:22:58,approved,1
5524,136,26,2890.45,GBP,2022-06-05T16:17:02,declined,0
5525,107,77,461.94,GBP,2025-07-28T23:25:23,approved,0
5526,75,118,1368.37,USD,2023-09-05T19:41:37,approved,0
5527,393,116,2333.11,AED,2023-04-28T16:16:48,approved,1
5528,313,72,295.83,QAR,2025-08-18T00:23:03,declined,0
5529,197,110,635.39,EUR,2022-11-07T21:15:52,declined,0
5530,163,75,2990.23,USD,2025-02-05T13:23:31,approved,0
5531,356,111,2733.6,USD,2023-08-24T18:47:06,approved,0
5532,466,99,637.31,QAR,2024-05-25T05:55:15,approved,0
5533,109,117,2771.07,EUR,2022-12-15T08:23:07,approved,0
5534,253,58,1201.14,EUR,2025-03-19T13:00:31,approved,0
5535,242,19,1839.59,QAR,2022-11-02T07:14:45,approved,0
5536,375,27,1085.41,USD,2024-02-04T07:22:27,approved,0
5537,440,59,2159.16,GBP,2023-12-27T22:53:40,approved,0
5538,476,117,2076.79,EUR,2022-08-01T08:50:28,approved,0
5539,427,55,1652.73,USD,2025-06-03T17:11:04,approved,0
5540,147,50,1643.11,QAR,2022-07-18T12:12:24,approved,0
5541,109,67,1295.17,EUR,2025-08-11T22:57:42,approved,0
5542,119,19,2912.91,USD,2022-10-12T04:16:10,approved,0
5543,446,72,2175.67,USD,2022-06-10T05:21:16,approved,0
5544,70,120,1565.38,USD,2025-01-13T08:30:22,approved,0
5545,239,37,2090.39,USD,2023-10-02T06:17:17,approved,0
5546,301,39,2003.85,USD,2025-11-16T10:11:48,approved,0
5547,127,81,386.34,USD,2023-07-05T21:34:48,approved,0
5548,61,74,2851.73,USD,2022-01-11T17:41:44,approved,0
5549,473,104,792.98,USD,2025-01-18T03:47:20,approved,1
5550,220,55,535.43,GBP,2022-01-02T03:45:27,declined,0
5551,154,25,1978.82,USD,2022-09-13T08:39:55,approved,0
5552,85,37,1554.94,EUR,2022-09-22T13:07:22,approved,0
5553,388,88,2934.23,USD,2023-10-23T13:35:08,approved,0
5554,287,110,143.11,USD,2024-08-28T20:32:54,approved,0
5555,460,24,514.8,USD,2022-09-22T11:11:40,approved,0
5556,411,76,822.68,USD,2025-07-24T11:43:16,approved,0
5557,26,94,472.14,QAR,2025-04-04T04:37:54,declined,1
5558,162,12,70.2,GBP,2022-12-10T05:30:38,approved,0
5559,433,47,2512.9,EUR,2025-03-14T16:57:33,approved,0
5560,354,104,2218.11,USD,2023-03-10T05:27:50,approved,0
5561,88,39,149.4,USD,2025-08-21T14:30:41,approved,0
5562,396,69,314.14,USD,2023-12-12T01:57:24,approved,0
5563,196,2,1519.74,QAR,2025-02-25T18:23:52,approved,0
5564,26,70,981.04,QAR,2022-06-22T05:08:41,approved,0
5565,197,6,66.56,EUR,2025-06-30T22:29:44,approved,0
5566,57,14,2338.21,USD,2025-04-08T01:15:25,approved,0
5567,369,63,745.82,USD,2023-12-06T19:43:51,approved,1
5568,55,19,949.63,EUR,2024-11-02T08:33:44,approved,0
5569,358,18,2957.48,QAR,2025-11-09T14:34:58,approved,0
5570,39,43,938.1,QAR,2025-09-07T05:51:52,approved,0
5571,391,115,1020.62,EUR,2025-05-03T10:51:31,approved,0
5572,225,86,2608.88,USD,2022-04-02T14:05:38,approved,0
5573,361,96,2763.38,USD,2023-01-22T07:25:52,approved,0
5574,77,15,1877.3,USD,2023-02-18T08:00:21,approved,0
5575,165,69,2886.95,QAR,2025-08-15T13:26:15,approved,0
5576,338,84,817.72,USD,2024-08-12T01:24:07,approved,0
5577,440,116,2994.99,USD,2025-11-28T16:48:32,approved,0
5578,132,77,2128.99,USD,2022-10-30T23:45:24,approved,0
5579,61,61,617.46,USD,2024-03-09T13:19:35,approved,0
5580,112,101,1352.75,USD,2022-01-02T22:05:36,approved,0
5581,423,14,16.39,USD,2025-02-11T05:11:17,approved,0
5582,197,45,2319.64,AED,2025-03-10T23:20:05,approved,0
5583,337,65,363.29,EUR,2024-10-22T20:42:21,approved,0
5584,231,77,340.14,USD,2023-05-04T12:37:35,declined,0
5585,329,115,642.12,USD,2023-06-10T17:38:13,approved,0
5586,316,35,150.12,USD,2022-05-23T01:00:26,approved,0
5587,277,12,1809.43,GBP,2023-01-21T06:05:25,approved,0
5588,87,50,2398.1,USD,2025-12-04T07:45:03,approved,1
5589,289,105,1724.78,USD,2024-05-31T08:01:33,approved,0
5590,57,8,1726.52,USD,2024-02-09T11:06:01,approved,0
5591,310,21,2489.3,USD,2024-02-23T10:13:46,approved,0
5592,182,89,1073.4,USD,2025-05-01T06:05:33,approved,0
5593,223,50,2199.31,USD,2025-03-02T07:16:58,approved,0
5594,407,19,2307.35,USD,2025-01-27T16:46:07,approved,0
5595,409,81,2224.93,QAR,2025-12-14T20:42:15,approved,0
5596,238,6,1885.28,USD,2024-10-01T20:49:33,approved,0
5597,66,32,2894.53,USD,2023-11-18T16:34:07,approved,0
5598,428,80,1951.54,USD,2024-06-19T14:26:06,declined,0
5599,280,4,1350.63,USD,2023-06-29T09:08:16,approved,0
5600,359,102,2913.79,USD,2025-09-10T04:51:22,approved,0
5601,162,64,279.2,USD,2023-09-03T11:34:19,approved,0
5602,341,103,1059.86,EUR,2022-05-11T08:36:54,declined,1
5603,433,9,2959.11,EUR,2023-06-26T00:44:56,approved,1
5604,156,120,1935.33,USD,2025-03-16T13:10:41,approved,0
5605,425,15,1264.17,USD,2025-06-13T14:52:49,declined,0
5606,407,75,2928.52,GBP,2025-10-10T01:29:57,approved,0
5607,249,46,2105.31,QAR,2025-08-12T09:11:00,reversed,0
5608,429,99,963.65,EUR,2024-10-08T00:25:58,declined,0
5609,34,14,2993.91,USD,2022-04-30T15:28:35,approved,0
5610,22,87,2392.7,USD,2024-11-13T01:55:06,approved,0
5611,236,16,2292.52,USD,2022-12-17T06:54:58,approved,0
5612,93,116,1259.72,USD,2025-07-12T14:11:54,approved,0
5613,35,108,2692.2,USD,2024-06-09T03:12:21,approved,0
5614,70,106,1358.28,QAR,2022-01-12T02:42:53,approved,0
5615,331,100,2543.76,EUR,2022-04-28T01:10:20,approved,0
5616,23,36,2490.36,QAR,2024-03-28T15:46:19,approved,0
5617,279,119,2313.54,GBP,2024-02-02T07:14:07,approved,0
5618,152,90,1522.25,USD,2024-04-29T05:53:47,approved,0
5619,99,88,321.28,USD,2025-01-16T07:15:24,approved,0
5620,177,20,2461.84,QAR,2025-04-17T13:16:23,declined,0
5621,33,49,1153.23,EUR,2023-03-05T22:03:13,reversed,0
5622,223,98,2946.48,GBP,2024-11-17T01:29:00,approved,0
5623,43,107,2102.95,QAR,2023-11-16T10:31:16,reversed,0
5624,45,115,403.27,QAR,2024-01-24T03:11:06,approved,0
5625,455,89,586.7,USD,2025-08-27T02:30:36,approved,0
5626,156,35,2981.36,GBP,2025-07-13T11:56:30,declined,0
5627,476,75,2266.11,USD,2023-12-06T06:26:28,approved,0
5628,63,96,410.74,USD,2024-01-22T22:30:44,approved,0
5629,496,57,1023.67,USD,2025-06-21T23:11:13,reversed,0
5630,67,24,879.07,USD,2023-04-19T14:05:25,reversed,0
5631,112,85,2191.13,GBP,2025-11-21T11:58:05,approved,0
5632,232,81,2231.61,QAR,2022-05-16T02:20:08,declined,0
5633,227,97,2534.13,QAR,2025-06-14T21:37:13,approved,0
5634,242,55,1892.4,USD,2025-07-23T22:44:50,approved,0
5635,256,118,2278.85,EUR,2023-05-18T02:02:04,approved,0
5636,16,88,2298.41,USD,2022-04-09T10:11:41,declined,0
5637,175,106,1162.42,USD,2024-03-31T22:22:05,approved,0
5638,306,46,633.26,EUR,2023-01-07T04:29:49,approved,0
5639,423,74,2717.71,GBP,2022-01-17T05:21:50,approved,0
5640,271,70,1634.09,QAR,2024-10-04T13:38:52,approved,0
5641,237,61,2383.47,USD,2023-03-13T18:22:38,declined,0
5642,52,33,1272.27,GBP,2022-12-07T20:49:18,approved,0
5643,233,34,1746.73,EUR,2022-05-15T02:25:02,approved,0
5644,413,60,1633.31,QAR,2025-02-16T05:09:10,approved,0
5645,348,35,1903.79,GBP,2023-07-25T14:50:51,approved,0
5646,156,68,1066.6,EUR,2025-06-22T23:19:19,reversed,0
5647,135,23,355.92,USD,2022-10-15T19:47:37,approved,0
5648,368,8,1439.99,USD,2025-04-01T02:17:14,declined,0
5649,207,101,846.31,USD,2022-09-28T06:46:38,approved,0
5650,379,119,2853.52,QAR,2023-11-18T23:36:49,approved,0
5651,89,108,2891.58,QAR,2024-08-17T14:40:55,approved,0
5652,318,87,1383.66,USD,2025-06-06T19:46:13,approved,0
5653,83,7,2143.84,USD,2023-03-11T18:07:52,approved,0
5654,401,82,1747.42,USD,2022-11-20T16:59:43,approved,0
5655,431,93,633.88,QAR,2023-10-19T00:28:15,approved,0
5656,327,42,1020.5,USD,2024-03-12T16:07:22,approved,0
5657,213,18,1382.9,USD,2024-03-20T20:26:10,approved,0
5658,362,97,1179.24,USD,2024-08-04T22:11:19,approved,0
5659,64,116,916.45,QAR,2024-04-18T11:05:45,approved,0
5660,309,58,1030.17,EUR,2022-05-23T09:16:24,approved,0
5661,134,42,974.33,USD,2022-01-07T02:08:41,approved,0
5662,316,88,2399.7,EUR,2024-10-26T09:35:06,approved,0
5663,28,46,2628.24,USD,2025-02-07T18:33:39,approved,1
5664,290,90,457.72,QAR,2022-11-07T22:02:10,approved,0
5665,450,9,2428.62,USD,2025-04-27T14:02:52,approved,0
5666,207,112,1592.43,EUR,2022-11-22T17:10:24,approved,0
5667,31,88,2790.97,EUR,2025-05-10T21:30:31,approved,0
5668,151,75,1976.49,USD,2025-09-25T19:22:37,approved,0
5669,47,28,1094.0,QAR,2022-04-17T03:10:21,approved,0
5670,102,56,2187.12,USD,2025-04-05T07:29:03,approved,0
5671,469,56,896.73,USD,2025-07-13T02:17:32,approved,0
5672,318,94,782.58,QAR,2025-11-30T15:11:01,declined,0
5673,164,30,489.85,USD,2025-08-21T17:53:20,approved,0
5674,1,20,1163.75,QAR,2023-08-07T11:00:22,reversed,0
5675,373,51,163.24,USD,2025-02-21T16:18:50,approved,0
5676,488,75,451.04,GBP,2024-12-25T20:35:46,approved,0
5677,199,65,1736.33,USD,2022-03-05T12:40:43,approved,0
5678,455,93,541.72,USD,2023-10-01T23:12:02,approved,0
5679,383,55,311.45,USD,2022-07-15T13:53:50,declined,0
5680,228,3,1382.59,USD,2023-06-18T22:08:57,approved,0
5681,338,114,2457.72,QAR,2022-04-19T05:41:39,approved,0
5682,454,57,1711.23,AED,2025-05-18T14:30:46,approved,0
5683,25,120,789.23,USD,2022-07-25T11:49:38,approved,0
5684,136,22,2646.32,USD,2024-07-04T16:18:40,approved,0
5685,158,64,2903.56,USD,2025-10-24T16:55:48,declined,0
5686,250,105,1730.0,USD,2022-06-08T10:44:25,approved,0
5687,69,76,345.68,EUR,2024-07-23T20:49:37,approved,0
5688,284,68,847.29,USD,2025-12-02T15:54:25,approved,0
5689,400,80,2075.37,QAR,2023-09-27T15:49:41,approved,0
5690,463,41,1964.11,QAR,2023-01-16T16:19:08,approved,0
5691,195,63,2464.61,USD,2022-07-29T13:21:15,approved,0
5692,209,95,1126.47,AED,2025-02-12T10:52:26,approved,0
5693,194,38,711.19,USD,2025-12-16T03:06:25,approved,0
5694,416,48,2971.74,USD,2022-05-26T15:07:27,approved,0
5695,281,21,944.89,EUR,2023-07-13T23:47:13,approved,0
5696,63,110,247.49,USD,2025-02-14T16:12:44,approved,0
5697,342,99,204.72,USD,2022-06-23T02:47:08,approved,0
5698,233,104,917.9,USD,2025-02-21T02:20:43,approved,0
5699,302,112,2433.93,QAR,2023-01-22T16:03:11,approved,0
5700,165,103,2081.01,USD,2024-09-05T23:00:32,reversed,0
5701,23,75,542.96,USD,2024-01-14T14:17:46,approved,0
5702,84,43,824.99,EUR,2025-10-22T14:03:11,approved,0
5703,323,41,2472.03,EUR,2024-03-27T12:27:38,approved,0
5704,1,62,2325.76,USD,2024-07-29T04:08:50,approved,0
5705,60,93,2796.26,EUR,2022-02-22T16:56:26,declined,0
5706,424,39,2265.21,USD,2023-04-18T18:28:23,approved,0
5707,89,73,2680.93,USD,2023-02-16T16:46:20,approved,0
5708,257,6,2869.21,EUR,2023-07-25T00:59:59,approved,0
5709,215,89,397.37,USD,2023-07-20T19:57:18,approved,0
5710,452,38,2423.27,USD,2022-04-24T08:18:29,approved,0
5711,459,63,1899.68,USD,2025-07-30T00:53:48,approved,0
5712,395,103,2592.62,USD,2024-11-25T04:00:43,approved,0
5713,89,77,1418.82,USD,2025-07-30T15:46:50,approved,0
5714,217,41,1895.32,USD,2025-06-02T04:09:11,declined,0
5715,264,71,312.28,EUR,2023-02-24T10:52:34,approved,0
5716,464,23,2151.25,USD,2022-12-07T15:09:14,approved,0
5717,37,116,2308.34,USD,2022-04-29T16:13:35,approved,0
5718,42,33,2272.81,EUR,2025-05-03T08:34:42,approved,0
5719,110,88,2866.78,USD,2024-10-25T23:19:27,approved,0
5720,62,78,1751.94,USD,2022-04-03T16:45:06,approved,0
5721,76,120,2747.57,USD,2025-08-10T07:28:59,approved,0
5722,484,88,2566.61,USD,2023-06-17T11:42:22,approved,0
5723,68,20,1435.27,GBP,2023-06-25T16:58:39,declined,0
5724,253,103,791.57,USD,2022-12-25T21:21:39,approved,0
5725,17,28,1475.87,USD,2024-01-17T20:03:33,approved,0
5726,430,35,2540.14,USD,2022-04-14T01:25:42,approved,0
5727,282,32,7.9,AED,2024-09-25T07:27:47,approved,0
5728,187,65,1068.48,USD,2024-09-23T02:46:46,declined,0
5729,431,30,680.4,USD,2023-04-01T16:13:31,approved,0
5730,20,24,741.44,GBP,2025-04-27T09:50:43,approved,0
5731,375,38,2037.77,USD,2022-08-03T19:10:29,declined,0
5732,62,20,2229.92,QAR,2024-08-02T19:40:25,approved,0
5733,451,74,2393.12,USD,2022-11-24T08:42:08,approved,0
5734,60,112,1350.72,USD,2024-07-03T04:03:05,approved,0
5735,426,3,192.8,USD,2025-07-30T10:21:44,approved,0
5736,151,62,744.89,USD,2024-05-07T14:45:19,approved,0
5737,310,102,1817.27,USD,2022-03-28T22:31:07,approved,0
5738,252,67,2688.79,GBP,2024-11-21T01:15:01,approved,0
5739,385,74,2546.53,USD,2025-10-17T23:00:58,approved,0
5740,155,16,2695.12,USD,2022-09-04T10:45:20,approved,1
5741,415,26,1851.85,USD,2023-04-16T16:54:59,approved,0
5742,138,27,318.08,QAR,2024-06-22T23:14:06,approved,0
5743,190,102,2083.67,GBP,2023-07-09T17:57:32,approved,0
5744,376,70,326.77,EUR,2024-10-18T22:23:36,approved,0
5745,117,18,2083.22,EUR,2022-09-30T15:33:02,approved,0
5746,268,31,2647.88,GBP,2025-03-23T17:25:13,approved,0
5747,20,54,537.2,USD,2024-05-28T14:35:26,declined,0
5748,394,29,1629.44,QAR,2025-03-31T02:58:36,approved,0
5749,246,6,1404.14,USD,2025-06-08T17:47:26,approved,0
5750,140,106,823.7,USD,2025-01-22T11:05:02,approved,0
5751,86,57,2335.05,USD,2023-11-16T14:14:00,approved,0
5752,383,6,1577.24,USD,2024-10-27T09:11:54,approved,0
5753,329,94,1427.23,AED,2023-01-04T15:44:58,approved,0
5754,352,45,2528.09,USD,2025-09-27T04:15:04,approved,0
5755,114,37,205.23,USD,2023-04-24T17:10:26,approved,0
5756,407,75,1318.64,USD,2024-08-12T03:41:36,approved,0
5757,14,46,567.7,QAR,2024-03-18T23:21:40,declined,0
5758,389,97,184.64,USD,2025-01-07T07:16:44,approved,0
5759,401,81,1787.2,USD,2024-05-24T22:18:48,reversed,0
5760,315,17,1695.61,GBP,2024-09-10T06:24:49,approved,0
5761,424,77,8.07,QAR,2025-01-18T02:05:50,approved,0
5762,436,90,1413.73,USD,2022-08-28T16:53:10,approved,0
5763,328,33,213.95,USD,2025-10-22T23:03:13,declined,0
5764,29,94,1546.59,EUR,2023-04-18T19:43:09,approved,0
5765,133,84,874.71,USD,2025-09-13T22:22:46,reversed,0
5766,468,62,2841.71,USD,2024-10-09T22:38:53,approved,0
5767,225,105,2030.99,EUR,2022-06-05T14:19:01,approved,0
5768,199,58,1706.22,EUR,2023-06-19T04:55:00,approved,0
5769,112,61,1288.36,AED,2022-12-05T06:28:24,approved,0
5770,163,93,1816.01,QAR,2023-02-23T00:34:31,approved,0
5771,289,4,1801.12,USD,2022-06-07T05:05:10,declined,0
5772,409,118,2891.99,GBP,2022-08-17T11:27:30,approved,0
5773,463,50,515.74,GBP,2022-07-29T19:12:12,approved,0
5774,496,99,1523.44,USD,2023-04-16T15:43:11,approved,0
5775,468,65,763.92,GBP,2022-07-23T05:22:56,approved,0
5776,136,32,560.23,EUR,2022-05-23T17:10:32,approved,0
5777,150,62,2742.97,USD,2024-05-07T13:58:51,approved,0
5778,14,25,2914.62,USD,2025-05-07T23:17:03,approved,0
5779,244,45,242.95,USD,2025-10-29T17:51:16,approved,0
5780,335,14,2139.54,GBP,2024-10-10T18:39:54,reversed,0
5781,149,105,980.37,EUR,2022-01-06T16:46:17,reversed,0
5782,180,32,2368.48,USD,2025-03-13T08:02:23,declined,0
5783,386,88,1042.26,QAR,2025-04-06T06:44:16,approved,0
5784,25,107,1386.47,QAR,2025-01-28T14:45:52,reversed,0
5785,85,18,2591.47,QAR,2024-08-25T23:42:45,approved,0
5786,90,44,1851.76,QAR,2022-08-29T21:10:56,approved,0
5787,87,48,808.7,USD,2025-03-13T11:59:20,approved,0
5788,7,58,1730.56,USD,2023-11-08T08:50:27,approved,0
5789,122,80,1126.74,EUR,2024-12-01T06:36:00,declined,0
5790,42,53,606.28,USD,2024-05-22T05:25:48,approved,0
5791,7,78,2084.21,QAR,2022-03-20T14:13:29,approved,0
5792,493,93,335.87,USD,2024-12-27T00:13:25,approved,0
5793,395,46,912.51,USD,2023-01-09T19:05:58,declined,0
5794,171,3,1996.55,USD,2024-12-06T08:35:19,approved,0
5795,293,23,2424.01,USD,2023-11-03T22:25:02,approved,0
5796,304,30,2926.7,QAR,2022-06-17T21:31:49,approved,0
5797,262,82,1219.59,USD,2023-05-12T17:47:02,approved,0
5798,494,5,1424.77,EUR,2023-06-23T07:21:42,approved,0
5799,311,25,242.99,USD,2022-05-15T01:34:43,approved,0
5800,103,119,1935.74,GBP,2023-05-29T14:43:37,reversed,0
5801,92,54,1008.57,USD,2025-12-28T19:38:31,approved,0
5802,417,41,585.17,USD,2025-05-16T21:30:34,declined,0
5803,219,92,1258.91,EUR,2025-07-01T12:21:04,approved,0
5804,385,115,1523.12,USD,2025-08-11T09:45:30,approved,0
5805,244,82,1358.87,USD,2023-10-24T09:20:29,approved,0
5806,350,60,72.0,USD,2025-07-30T10:47:21,approved,0
5807,98,40,1621.8,USD,2024-04-28T09:48:46,approved,0
5808,239,91,1096.79,USD,2022-05-26T23:52:20,approved,0
5809,233,7,2740.85,QAR,2023-12-07T12:10:24,approved,0
5810,290,69,245.65,USD,2024-01-23T04:28:51,approved,1
5811,286,42,766.02,USD,2022-07-28T13:46:48,approved,0
5812,475,53,119.13,AED,2024-04-02T20:19:36,approved,0
5813,123,63,1005.52,EUR,2025-01-08T06:32:33,approved,0
5814,117,84,268.52,EUR,2025-08-25T04:22:54,approved,0
5815,296,88,495.44,QAR,2025-07-14T05:47:00,declined,0
5816,220,56,966.97,USD,2025-06-04T14:58:44,approved,0
5817,11,3,456.66,USD,2022-06-18T00:02:01,approved,0
5818,215,52,1229.23,USD,2025-02-22T00:32:45,approved,0
5819,132,40,2082.84,QAR,2025-04-03T02:25:09,declined,0
5820,399,53,1038.37,USD,2025-06-01T09:59:48,approved,0
5821,44,20,401.07,QAR,2022-08-27T11:12:23,approved,0
5822,300,115,470.5,USD,2025-04-28T14:55:25,approved,0
5823,193,22,867.31,EUR,2023-01-24T06:33:01,approved,0
5824,392,97,1424.28,EUR,2022-08-25T14:29:48,declined,0
5825,203,3,1618.6,USD,2025-02-19T12:16:36,approved,0
5826,5,59,1643.71,QAR,2023-02-19T03:59:08,reversed,0
5827,439,41,2561.6,USD,2025-05-10T15:24:11,approved,0
5828,37,82,91.4,GBP,2025-07-29T07:28:22,approved,0
5829,144,72,2199.01,USD,2024-02-27T16:43:36,approved,0
5830,98,79,2154.95,EUR,2023-01-30T20:08:28,approved,0
5831,416,68,871.03,EUR,2024-04-26T06:56:23,approved,0
5832,342,3,205.94,USD,2025-05-14T21:51:36,approved,0
5833,347,76,2145.24,USD,2023-10-21T06:56:57,approved,0
5834,484,1,253.78,EUR,2024-01-18T08:36:46,approved,0
5835,494,80,2579.83,AED,2024-01-09T21:42:37,approved,0
5836,76,99,2789.47,USD,2022-03-18T20:48:13,approved,0
5837,1,81,1357.22,USD,2025-07-24T13:01:54,approved,0
5838,73,118,299.77,QAR,2022-03-11T09:26:34,approved,0
5839,74,11,123.25,USD,2023-08-06T17:27:20,approved,0
5840,483,43,2123.41,QAR,2024-11-25T12:52:09,approved,0
5841,488,96,1930.78,QAR,2023-08-04T03:29:05,approved,0
5842,196,64,646.0,GBP,2025-06-23T06:44:55,approved,0
5843,294,107,100.79,AED,2024-02-18T08:43:33,approved,0
5844,124,43,2276.7,AED,2023-01-20T17:40:57,approved,0
5845,454,43,249.7,QAR,2025-07-25T04:03:19,approved,1
5846,157,67,587.76,USD,2024-07-03T12:08:29,approved,0
5847,186,44,641.4,USD,2023-09-21T06:35:14,approved,0
5848,391,103,485.55,USD,2022-04-30T13:55:50,approved,0
5849,234,31,2704.44,EUR,2022-10-08T07:54:00,approved,0
5850,211,33,1273.27,USD,2022-03-03T07:33:03,approved,0
5851,379,38,2697.74,USD,2023-10-08T22:10:03,approved,0
5852,433,6,2442.59,USD,2022-02-10T08:48:17,approved,0
5853,391,6,1752.57,USD,2025-04-04T18:57:51,approved,0
5854,340,75,2516.74,EUR,2022-04-23T23:33:59,approved,0
5855,258,38,2001.52,USD,2023-11-02T16:42:19,approved,0
5856,435,60,1320.65,USD,2024-08-15T10:23:44,approved,0
5857,151,40,2906.76,EUR,2024-10-09T15:21:01,approved,0
5858,412,47,393.22,USD,2024-06-22T09:39:17,approved,0
5859,434,23,272.34,USD,2025-06-09T11:11:12,approved,0
5860,141,78,1643.43,USD,2023-08-13T05:47:01,approved,0
5861,341,41,1370.71,USD,2025-06-29T07:07:11,approved,0
5862,126,67,1150.99,AED,2024-02-08T04:48:14,reversed,0
5863,174,82,1054.94,USD,2024-08-14T06:40:19,declined,0
5864,333,56,654.65,QAR,2024-06-08T10:34:22,approved,0
5865,412,56,2973.84,USD,2025-07-13T12:54:58,approved,0
5866,177,87,1911.06,EUR,2024-09-29T07:40:01,approved,0
5867,386,66,2780.61,AED,2022-07-30T08:42:49,approved,0
5868,160,82,2592.74,QAR,2024-12-09T22:12:26,approved,0
5869,320,3,1381.04,USD,2024-03-21T02:06:59,approved,0
5870,181,47,2410.11,USD,2023-09-05T19:40:34,approved,0
5871,408,97,1818.14,USD,2022-08-02T02:23:35,approved,1
5872,250,10,2202.49,USD,2022-09-16T18:29:57,approved,0
5873,96,113,1245.1,USD,2022-08-28T11:48:25,approved,0
5874,96,8,1172.26,USD,2022-05-22T03:25:39,approved,0
5875,313,2,1031.2,USD,2022-11-08T12:56:35,approved,0
5876,398,9,1814.7,QAR,2025-12-25T14:05:37,approved,0
5877,342,32,520.99,GBP,2022-03-07T22:30:50,approved,0
5878,232,47,1871.11,USD,2023-01-06T07:51:02,approved,0
5879,154,66,1840.27,GBP,2025-07-27T01:20:26,approved,0
5880,105,113,246.76,USD,2022-06-11T23:03:41,approved,0
5881,203,27,2313.04,USD,2022-05-26T16:44:24,approved,0
5882,447,3,1956.54,EUR,2024-10-10T17:54:13,approved,0
5883,155,119,886.94,EUR,2022-08-12T17:06:14,reversed,0
5884,150,116,1330.83,AED,2025-03-28T18:31:12,approved,0
5885,184,84,2539.92,USD,2023-12-02T08:44:00,approved,0
5886,131,97,2655.4,USD,2025-02-13T21:24:44,approved,0
5887,99,53,1645.89,USD,2022-06-30T09:56:21,declined,0
5888,386,79,845.8,EUR,2024-08-17T04:49:01,approved,0
5889,273,109,752.1,QAR,2025-09-26T16:17:21,approved,0
5890,68,21,1331.56,USD,2024-02-15T21:00:08,approved,0
5891,217,97,1302.47,USD,2023-11-19T05:28:37,approved,0
5892,419,37,764.8,USD,2022-09-09T22:51:37,approved,0
5893,153,83,432.93,GBP,2022-01-16T17:12:00,approved,0
5894,152,26,2503.29,USD,2022-02-09T21:42:33,approved,0
5895,449,94,2991.95,AED,2023-01-15T07:29:15,approved,0
5896,290,110,1369.86,AED,2024-12-04T13:33:39,reversed,0
5897,334,84,2246.59,QAR,2022-12-06T05:57:21,approved,0
5898,114,44,80.74,AED,2023-01-08T14:59:28,approved,0
5899,297,1,579.0,USD,2024-10-04T03:14:59,approved,1
5900,271,113,1483.33,EUR,2024-10-02T23:21:08,approved,0
5901,435,88,2665.29,EUR,2022-04-03T01:46:19,approved,0
5902,339,36,400.32,QAR,2022-04-07T06:14:43,approved,0
5903,108,71,906.53,QAR,2023-03-07T11:53:02,approved,0
5904,161,85,2183.27,USD,2023-02-11T12:24:26,approved,0
5905,97,53,2614.51,USD,2025-06-29T09:39:04,approved,0
5906,356,113,964.62,EUR,2023-03-27T22:41:57,approved,0
5907,372,42,744.39,USD,2024-03-09T15:31:12,approved,0
5908,160,112,2664.99,USD,2022-07-01T16:41:34,approved,0
5909,204,54,1201.36,USD,2023-09-06T05:50:32,approved,0
5910,50,44,780.25,USD,2024-11-11T05:18:38,approved,0
5911,388,46,2032.73,USD,2025-03-21T03:04:59,approved,0
5912,453,5,2830.9,USD,2025-08-09T08:31:25,approved,0
5913,476,55,1448.47,EUR,2025-08-21T23:17:38,declined,0
5914,412,29,1046.59,USD,2023-05-24T08:59:23,approved,0
5915,111,29,907.33,EUR,2024-05-14T10:06:21,approved,0
5916,361,114,642.55,USD,2023-09-06T15:25:02,approved,0
5917,210,95,2457.59,EUR,2024-06-05T02:10:17,approved,0
5918,112,30,2321.57,USD,2022-07-19T09:24:31,approved,0
5919,298,94,2215.49,USD,2025-04-17T04:23:43,approved,0
5920,414,37,1928.56,USD,2024-08-27T06:48:21,approved,0
5921,314,7,1558.7,USD,2022-06-14T22:25:44,approved,0
5922,354,34,2657.54,USD,2024-07-06T16:27:53,approved,0
5923,68,1,1373.62,USD,2022-07-18T12:39:16,approved,0
5924,281,19,1182.88,EUR,2025-10-02T02:32:45,approved,0
5925,366,15,1029.82,GBP,2025-02-12T21:29:17,declined,1
5926,385,35,233.58,USD,2025-04-14T18:19:45,declined,0
5927,325,41,1970.59,USD,2022-09-08T15:18:10,approved,0
5928,73,115,1332.78,USD,2024-01-03T02:10:53,approved,0
5929,437,108,2540.24,USD,2025-08-10T06:41:29,approved,0
5930,381,31,1038.3,EUR,2023-04-04T02:35:36,reversed,0
5931,160,83,2605.16,QAR,2023-06-07T12:02:53,approved,0
5932,494,20,1627.14,USD,2025-09-29T20:36:36,approved,0
5933,235,116,537.73,GBP,2023-04-12T03:41:21,approved,0
5934,284,56,1313.49,QAR,2023-07-04T21:49:08,approved,0
5935,352,58,1797.12,AED,2023-10-22T08:42:02,approved,0
5936,77,96,1960.08,USD,2024-01-08T18:54:32,approved,0
5937,467,63,1196.42,EUR,2022-06-11T17:45:51,approved,0
5938,487,67,2082.5,USD,2022-12-26T02:09:15,approved,0
5939,180,78,2685.19,USD,2024-10-20T01:45:25,approved,0
5940,172,18,1175.29,GBP,2023-03-06T12:05:07,approved,0
5941,266,102,2653.24,USD,2025-12-19T10:30:06,declined,0
5942,429,80,1521.71,USD,2024-02-05T09:32:31,reversed,0
5943,27,73,1293.03,USD,2023-07-01T12:36:39,approved,0
5944,413,102,1538.58,QAR,2023-12-23T12:46:02,approved,0
5945,258,44,1662.59,GBP,2024-07-19T14:33:38,approved,0
5946,158,80,1352.65,USD,2023-03-18T19:13:02,approved,0
5947,39,112,1836.35,EUR,2022-09-15T12:46:01,approved,0
5948,476,89,2219.85,AED,2025-07-19T11:46:28,approved,0
5949,147,17,2602.52,QAR,2023-01-23T12:34:12,approved,0
5950,346,28,1357.44,USD,2025-01-31T13:20:34,declined,1
5951,146,52,2349.2,EUR,2022-03-22T08:53:26,approved,0
5952,163,56,1170.72,EUR,2023-03-06T12:12:45,approved,0
5953,107,118,1857.8,GBP,2022-10-15T05:13:55,approved,0
5954,387,24,292.32,USD,2025-05-02T23:36:35,approved,0
5955,155,83,1612.26,EUR,2023-03-17T15:46:02,declined,0
5956,119,26,1006.79,USD,2025-12-07T18:51:59,approved,0
5957,323,61,2125.54,USD,2022-01-15T02:11:38,approved,0
5958,318,17,1858.03,QAR,2022-05-20T07:13:28,approved,0
5959,453,61,2647.25,GBP,2025-09-17T17:56:20,approved,0
5960,242,91,891.51,EUR,2022-06-15T07:38:09,approved,0
5961,211,75,1268.76,USD,2023-05-06T17:53:09,approved,0
5962,45,31,1647.35,EUR,2025-11-04T06:15:35,approved,0
5963,223,96,1369.05,GBP,2023-02-11T22:25:04,approved,0
5964,146,64,2020.32,USD,2023-08-14T11:56:57,approved,0
5965,369,41,1608.74,USD,2025-08-14T02:00:25,approved,0
5966,148,85,2694.55,GBP,2025-03-30T05:10:59,approved,0
5967,252,96,1514.76,GBP,2023-12-04T22:43:33,reversed,0
5968,333,19,127.63,QAR,2022-03-21T21:35:38,approved,0
5969,471,1,1443.37,USD,2022-10-18T20:57:56,approved,0
5970,255,39,2989.61,USD,2023-05-01T01:05:39,declined,0
5971,64,1,1527.84,USD,2023-09-21T08:16:09,approved,0
5972,71,35,1795.22,USD,2024-10-12T16:21:35,approved,0
5973,23,20,647.0,USD,2025-10-04T20:12:05,approved,0
5974,225,117,207.41,QAR,2022-01-22T09:41:15,approved,0
5975,296,91,2430.79,QAR,2023-05-07T09:57:05,approved,0
5976,79,109,903.84,USD,2023-10-22T19:43:24,approved,0
5977,193,98,474.69,QAR,2023-08-24T09:57:04,declined,0
5978,402,60,2363.12,QAR,2025-01-10T19:26:05,approved,0
5979,325,69,1314.89,USD,2024-05-04T04:46:55,approved,0
5980,301,64,1102.16,GBP,2025-07-10T02:03:05,approved,0
5981,33,7,2167.76,USD,2022-11-04T11:58:37,approved,0
5982,199,45,291.85,USD,2025-02-15T05:54:53,approved,0
5983,455,20,2676.97,QAR,2024-11-18T00:02:19,approved,0
5984,13,106,1095.36,USD,2022-02-19T11:53:02,approved,0
5985,301,95,1004.0,AED,2024-08-30T23:58:00,declined,0
5986,26,98,849.9,USD,2022-02-14T16:53:28,approved,0
5987,170,119,382.38,USD,2022-12-05T23:33:55,approved,0
5988,119,87,577.67,EUR,2022-04-22T05:43:59,approved,0
5989,384,62,47.19,USD,2023-03-16T10:34:08,approved,0
5990,441,4,1311.05,USD,2025-10-02T02:47:51,approved,0
5991,460,7,2681.85,QAR,2024-12-23T06:10:32,reversed,0
5992,136,13,1142.86,USD,2023-12-01T08:14:51,approved,0
5993,58,92,2257.6,GBP,2025-03-18T04:53:19,approved,0
5994,232,94,860.48,USD,2023-08-28T23:14:12,reversed,0
5995,419,3,652.54,QAR,2025-09-26T21:53:58,approved,0
5996,42,65,356.64,EUR,2023-12-18T07:21:00,approved,0
5997,309,20,1083.3,QAR,2025-09-20T01:46:47,approved,0
5998,314,9,2895.36,EUR,2023-05-31T07:28:59,approved,0
5999,91,105,2968.08,EUR,2023-02-24T22:33:24,approved,0
6000,173,52,2327.66,USD,2025-09-08T01:54:10,declined,1
