payment_id,loan_id,due_date,paid_date,amount_due,amount_paid,principal_component,interest_component,late_fee,status
1,1,2019-02-15,2019-02-15,1762.5,1762.5,973.86,788.64,0.0,on_time
2,1,2019-03-17,2019-03-25,1762.5,1762.5,871.76,890.74,31.97,late
3,1,2019-04-16,2019-04-16,1762.5,1762.5,943.99,818.51,0.0,paid
4,1,2019-05-16,2019-05-27,1762.5,1762.5,1189.4,573.1,74.9,late
5,1,2019-06-15,2019-06-15,1762.5,1762.5,964.97,797.53,0.0,on_time
6,2,2020-01-23,2020-01-23,69.18,69.18,33.31,35.87,0.0,paid
7,2,2020-02-22,2020-02-22,69.18,69.18,35.52,33.66,0.0,on_time
8,2,2020-03-23,2020-03-23,69.18,69.18,40.36,28.82,0.0,paid
9,2,2020-04-22,2020-05-12,69.18,69.18,50.77,18.41,71.04,late
10,2,2020-05-22,2020-05-22,69.18,69.18,34.77,34.41,0.0,paid
11,2,2020-06-21,2020-06-21,69.18,69.18,31.4,37.78,0.0,on_time
12,2,2020-07-21,2020-07-21,69.18,69.18,49.43,19.75,0.0,paid
13,2,2020-08-20,2020-08-20,69.18,69.18,53.16,16.02,0.0,on_time
14,2,2020-09-19,2020-09-19,69.18,69.18,31.61,37.57,0.0,paid
15,2,2020-10-19,2020-11-05,69.18,69.18,37.94,31.24,38.85,late
16,2,2020-11-18,2020-11-18,69.18,69.18,53.95,15.23,0.0,paid
17,3,2017-08-09,2017-08-21,538.19,538.19,428.84,109.35,17.5,late
18,3,2017-09-08,2017-09-24,538.19,538.19,278.84,259.35,56.52,late
19,3,2017-10-08,2017-10-15,538.19,538.19,408.72,129.47,16.58,late
20,3,2017-11-07,2017-11-07,538.19,538.19,394.93,143.26,0.0,paid
21,3,2017-12-07,2017-12-07,538.19,538.19,218.94,319.25,0.0,on_time
22,3,2018-01-06,2018-01-06,538.19,538.19,334.19,204.0,0.0,on_time
23,3,2018-02-05,,538.19,,,,38.55,missed
24,3,2018-03-07,2018-03-07,538.19,538.19,342.33,195.86,0.0,on_time
25,3,2018-04-06,2018-04-11,538.19,538.19,353.48,184.71,57.84,late
26,3,2018-05-06,2018-05-06,538.19,538.19,291.8,246.39,0.0,paid
27,3,2018-06-05,2018-06-05,538.19,538.19,367.62,170.57,0.0,paid
28,3,2018-07-05,2018-07-05,538.19,538.19,282.75,255.44,0.0,paid
29,3,2018-08-04,2018-08-04,538.19,538.19,396.18,142.01,0.0,on_time
30,3,2018-09-03,2018-09-03,538.19,538.19,378.74,159.45,0.0,paid
31,3,2018-10-03,2018-10-03,538.19,538.19,267.62,270.57,0.0,paid
32,3,2018-11-02,2018-11-02,538.19,538.19,300.15,238.04,0.0,on_time
33,3,2018-12-02,2018-12-02,538.19,538.19,404.44,133.75,0.0,paid
34,3,2019-01-01,2019-01-01,538.19,538.19,253.75,284.44,0.0,paid
35,3,2019-01-31,,538.19,,,,72.94,missed
36,3,2019-03-02,2019-03-02,538.19,538.19,281.38,256.81,0.0,paid
37,3,2019-04-01,2019-04-06,538.19,538.19,269.66,268.53,45.41,late
38,3,2019-05-01,2019-05-01,538.19,538.19,305.58,232.61,0.0,on_time
39,4,2023-12-21,2023-12-21,254.01,254.01,187.21,66.8,0.0,paid
40,4,2024-01-20,2024-01-20,254.01,254.01,184.25,69.76,0.0,paid
41,4,2024-02-19,2024-02-19,254.01,254.01,180.03,73.98,0.0,on_time
42,5,2017-08-09,2017-08-09,652.89,652.89,319.75,333.14,0.0,paid
43,5,2017-09-08,2017-09-08,652.89,652.89,364.44,288.45,0.0,on_time
44,5,2017-10-08,2017-10-08,652.89,652.89,268.74,384.15,0.0,on_time
45,6,2017-08-22,2017-08-25,553.13,553.13,392.32,160.81,59.99,late
46,6,2017-09-21,2017-09-21,553.13,553.13,433.96,119.17,0.0,on_time
47,6,2017-10-21,2017-10-21,553.13,553.13,364.53,188.6,0.0,paid
48,6,2017-11-20,,553.13,,,,25.89,missed
49,6,2017-12-20,2017-12-20,553.13,553.13,265.89,287.24,0.0,paid
50,6,2018-01-19,2018-01-26,553.13,553.13,355.93,197.2,36.9,late
51,6,2018-02-18,2018-03-07,553.13,553.13,249.1,304.03,16.2,late
52,7,2025-01-02,2025-01-02,595.44,595.44,474.21,121.23,0.0,paid
53,7,2025-02-01,2025-02-18,595.44,595.44,389.17,206.27,69.81,late
54,7,2025-03-03,2025-03-03,595.44,595.44,301.32,294.12,0.0,paid
55,8,2024-04-22,,587.91,,,,37.23,missed
56,8,2024-05-22,2024-05-22,587.91,587.91,383.77,204.14,0.0,on_time
57,8,2024-06-21,2024-07-11,587.91,587.91,370.15,217.76,55.5,late
58,8,2024-07-21,2024-07-21,587.91,587.91,443.12,144.79,0.0,on_time
59,8,2024-08-20,2024-08-20,587.91,587.91,397.72,190.19,0.0,paid
60,8,2024-09-19,2024-09-19,587.91,587.91,407.89,180.02,0.0,paid
61,8,2024-10-19,2024-10-23,587.91,587.91,391.7,196.21,65.34,late
62,8,2024-11-18,2024-11-18,587.91,587.91,301.94,285.97,0.0,paid
63,8,2024-12-18,2024-12-18,587.91,587.91,438.11,149.8,0.0,on_time
64,8,2025-01-17,2025-01-17,587.91,587.91,377.31,210.6,0.0,paid
65,8,2025-02-16,2025-02-16,587.91,587.91,462.27,125.64,0.0,paid
66,8,2025-03-18,2025-03-18,587.91,587.91,340.84,247.07,0.0,paid
67,8,2025-04-17,2025-04-17,587.91,587.91,364.63,223.28,0.0,paid
68,8,2025-05-17,2025-05-27,587.91,587.91,409.23,178.68,41.8,late
69,8,2025-06-16,2025-06-28,587.91,587.91,306.96,280.95,41.17,late
70,8,2025-07-16,2025-07-19,587.91,587.91,398.7,189.21,44.52,late
71,8,2025-08-15,2025-08-15,587.91,587.91,343.24,244.67,0.0,on_time
72,8,2025-09-14,2025-09-24,587.91,587.91,271.0,316.91,61.32,late
73,8,2025-10-14,2025-10-14,587.91,587.91,470.08,117.83,0.0,on_time
74,8,2025-11-13,2025-11-13,587.91,587.91,468.04,119.87,0.0,paid
75,8,2025-12-13,,587.91,,,,25.02,missed
76,9,2021-04-23,2021-04-23,735.43,735.43,370.18,365.25,0.0,paid
77,9,2021-05-23,2021-06-05,735.43,735.43,332.86,402.57,48.52,late
78,9,2021-06-22,2021-06-22,735.43,735.43,557.74,177.69,0.0,on_time
79,9,2021-07-22,2021-07-22,735.43,735.43,425.44,309.99,0.0,paid
80,9,2021-08-21,2021-08-21,735.43,735.43,322.62,412.81,0.0,paid
81,10,2021-04-16,2021-04-16,512.5,512.5,222.23,290.27,0.0,paid
82,10,2021-05-16,2021-05-16,512.5,512.5,252.82,259.68,0.0,paid
83,10,2021-06-15,2021-06-21,512.5,512.5,371.42,141.08,34.73,late
84,10,2021-07-15,2021-07-15,512.5,512.5,398.36,114.14,0.0,paid
85,10,2021-08-14,2021-08-14,512.5,512.5,273.76,238.74,0.0,on_time
86,10,2021-09-13,2021-09-13,512.5,512.5,242.08,270.42,0.0,paid
87,10,2021-10-13,2021-10-13,512.5,512.5,329.48,183.02,0.0,on_time
88,10,2021-11-12,2021-11-12,512.5,512.5,257.29,255.21,0.0,paid
89,10,2021-12-12,2021-12-12,512.5,512.5,256.58,255.92,0.0,on_time
90,10,2022-01-11,2022-01-11,512.5,512.5,368.02,144.48,0.0,on_time
91,10,2022-02-10,2022-02-13,512.5,512.5,386.01,126.49,71.8,late
92,10,2022-03-12,2022-03-12,512.5,512.5,258.52,253.98,0.0,on_time
93,10,2022-04-11,2022-04-11,512.5,512.5,218.07,294.43,0.0,paid
94,10,2022-05-11,2022-05-11,512.5,512.5,278.07,234.43,0.0,paid
95,10,2022-06-10,2022-06-10,512.5,512.5,213.49,299.01,0.0,on_time
96,10,2022-07-10,2022-07-10,512.5,512.5,320.83,191.67,0.0,paid
97,10,2022-08-09,2022-08-09,512.5,512.5,248.56,263.94,0.0,on_time
98,10,2022-09-08,2022-09-08,512.5,512.5,379.86,132.64,0.0,paid
99,10,2022-10-08,2022-10-08,512.5,512.5,273.22,239.28,0.0,on_time
100,10,2022-11-07,2022-11-07,512.5,512.5,242.45,270.05,0.0,on_time
101,11,2021-11-12,2021-11-12,168.5,168.5,69.79,98.71,0.0,on_time
102,11,2021-12-12,2021-12-18,168.5,168.5,96.18,72.32,23.66,late
103,11,2022-01-11,2022-01-11,168.5,168.5,101.63,66.87,0.0,on_time
104,11,2022-02-10,2022-02-10,168.5,168.5,79.02,89.48,0.0,on_time
105,11,2022-03-12,2022-03-12,168.5,168.5,76.16,92.34,0.0,on_time
106,11,2022-04-11,2022-04-11,168.5,168.5,81.74,86.76,0.0,on_time
107,11,2022-05-11,2022-05-11,168.5,168.5,77.91,90.59,0.0,paid
108,11,2022-06-10,2022-06-10,168.5,168.5,114.83,53.67,0.0,on_time
109,11,2022-07-10,2022-07-10,168.5,168.5,80.12,88.38,0.0,paid
110,11,2022-08-09,2022-08-09,168.5,168.5,123.6,44.9,0.0,paid
111,11,2022-09-08,2022-09-08,168.5,168.5,80.47,88.03,0.0,paid
112,11,2022-10-08,2022-10-08,168.5,168.5,95.04,73.46,0.0,paid
113,11,2022-11-07,2022-11-07,168.5,168.5,102.17,66.33,0.0,on_time
114,11,2022-12-07,2022-12-14,168.5,168.5,106.83,61.67,16.25,late
115,11,2023-01-06,,168.5,,,,25.14,missed
116,11,2023-02-05,2023-02-05,168.5,168.5,132.29,36.21,0.0,paid
117,11,2023-03-07,2023-03-07,168.5,168.5,112.58,55.92,0.0,on_time
118,11,2023-04-06,2023-04-23,168.5,168.5,116.37,52.13,61.19,late
119,11,2023-05-06,2023-05-06,168.5,168.5,129.73,38.77,0.0,on_time
120,11,2023-06-05,,168.5,,,,67.82,missed
121,11,2023-07-05,2023-07-23,168.5,168.5,75.52,92.98,61.25,late
122,11,2023-08-04,2023-08-04,168.5,168.5,88.73,79.77,0.0,on_time
123,12,2020-01-21,2020-01-21,48.09,48.09,36.94,11.15,0.0,paid
124,12,2020-02-20,2020-02-20,48.09,48.09,26.32,21.77,0.0,on_time
125,12,2020-03-21,2020-04-09,48.09,48.09,35.77,12.32,16.91,late
126,12,2020-04-20,2020-04-20,48.09,48.09,19.42,28.67,0.0,on_time
127,12,2020-05-20,2020-05-20,48.09,48.09,29.64,18.45,0.0,on_time
128,12,2020-06-19,2020-06-19,48.09,48.09,32.62,15.47,0.0,on_time
129,12,2020-07-19,2020-07-19,48.09,48.09,33.9,14.19,0.0,paid
130,12,2020-08-18,2020-08-18,48.09,48.09,33.79,14.3,0.0,on_time
131,12,2020-09-17,2020-10-07,48.09,48.09,35.21,12.88,49.37,late
132,12,2020-10-17,2020-10-19,48.09,48.09,37.49,10.6,69.6,late
133,12,2020-11-16,2020-11-16,48.09,48.09,24.23,23.86,0.0,paid
134,12,2020-12-16,2020-12-16,48.09,48.09,22.49,25.6,0.0,paid
135,12,2021-01-15,2021-01-15,48.09,48.09,25.53,22.56,0.0,paid
136,12,2021-02-14,2021-02-14,48.09,48.09,28.31,19.78,0.0,paid
137,12,2021-03-16,2021-03-27,48.09,48.09,25.79,22.3,50.21,late
138,12,2021-04-15,2021-04-15,48.09,48.09,27.35,20.74,0.0,paid
139,12,2021-05-15,2021-05-15,48.09,48.09,38.45,9.64,0.0,paid
140,12,2021-06-14,2021-07-03,48.09,48.09,21.13,26.96,72.83,late
141,13,2018-01-16,2018-01-16,230.18,230.18,138.66,91.52,0.0,paid
142,13,2018-02-15,2018-02-15,230.18,230.18,170.66,59.52,0.0,paid
143,13,2018-03-17,2018-03-17,230.18,230.18,140.33,89.85,0.0,paid
144,13,2018-04-16,2018-04-16,230.18,230.18,140.5,89.68,0.0,paid
145,13,2018-05-16,2018-05-16,230.18,230.18,98.7,131.48,0.0,on_time
146,13,2018-06-15,2018-06-15,230.18,230.18,141.87,88.31,0.0,on_time
147,13,2018-07-15,2018-07-15,230.18,230.18,138.18,92.0,0.0,on_time
148,14,2020-11-04,2020-11-18,123.09,123.09,91.11,31.98,53.09,late
149,14,2020-12-04,2020-12-04,123.09,123.09,74.69,48.4,0.0,on_time
150,14,2021-01-03,2021-01-03,123.09,123.09,60.2,62.89,0.0,paid
151,14,2021-02-02,2021-02-06,123.09,123.09,50.78,72.31,53.3,late
152,14,2021-03-04,2021-03-04,123.09,123.09,66.16,56.93,0.0,on_time
153,15,2019-01-23,2019-01-23,423.46,423.46,183.83,239.63,0.0,paid
154,15,2019-02-22,2019-02-22,423.46,423.46,320.72,102.74,0.0,on_time
155,15,2019-03-24,2019-03-24,423.46,423.46,318.69,104.77,0.0,on_time
156,15,2019-04-23,2019-04-23,423.46,423.46,320.44,103.02,0.0,paid
157,15,2019-05-23,2019-06-04,423.46,423.46,202.86,220.6,74.39,late
158,15,2019-06-22,2019-06-22,423.46,423.46,287.5,135.96,0.0,paid
159,15,2019-07-22,2019-07-22,423.46,423.46,294.28,129.18,0.0,on_time
160,15,2019-08-21,2019-08-21,423.46,423.46,313.07,110.39,0.0,paid
161,15,2019-09-20,2019-09-20,423.46,423.46,190.34,233.12,0.0,paid
162,15,2019-10-20,2019-10-26,423.46,423.46,219.51,203.95,57.79,late
163,15,2019-11-19,,423.46,,,,45.09,missed
164,15,2019-12-19,2019-12-19,423.46,423.46,231.26,192.2,0.0,on_time
165,15,2020-01-18,2020-01-18,423.46,423.46,170.68,252.78,0.0,paid
166,15,2020-02-17,2020-02-19,423.46,423.46,263.11,160.35,32.33,late
167,15,2020-03-18,2020-03-18,423.46,423.46,207.26,216.2,0.0,paid
168,15,2020-04-17,2020-04-17,423.46,423.46,183.22,240.24,0.0,on_time
169,15,2020-05-17,2020-05-17,423.46,423.46,190.68,232.78,0.0,paid
170,15,2020-06-16,2020-06-16,423.46,423.46,295.42,128.04,0.0,paid
171,15,2020-07-16,2020-07-16,423.46,423.46,267.68,155.78,0.0,on_time
172,15,2020-08-15,2020-08-15,423.46,423.46,213.23,210.23,0.0,on_time
173,15,2020-09-14,2020-09-14,423.46,423.46,296.01,127.45,0.0,paid
174,15,2020-10-14,2020-10-14,423.46,423.46,314.57,108.89,0.0,paid
175,15,2020-11-13,2020-11-13,423.46,423.46,194.95,228.51,0.0,paid
176,16,2018-05-15,,988.89,,,,49.09,missed
177,16,2018-06-14,,988.89,,,,48.28,missed
178,16,2018-07-14,2018-07-14,988.89,988.89,613.57,375.32,0.0,paid
179,16,2018-08-13,2018-08-22,988.89,988.89,466.24,522.65,25.37,late
180,16,2018-09-12,2018-09-12,988.89,988.89,747.21,241.68,0.0,on_time
181,16,2018-10-12,,988.89,,,,25.75,missed
182,16,2018-11-11,2018-11-11,988.89,988.89,562.84,426.05,0.0,paid
183,16,2018-12-11,2018-12-11,988.89,988.89,503.9,484.99,0.0,on_time
184,16,2019-01-10,2019-01-10,988.89,988.89,398.6,590.29,0.0,paid
185,16,2019-02-09,2019-02-09,988.89,988.89,761.14,227.75,0.0,paid
186,16,2019-03-11,,988.89,,,,62.94,missed
187,16,2019-04-10,2019-04-10,988.89,988.89,670.48,318.41,0.0,paid
188,16,2019-05-10,2019-05-10,988.89,988.89,480.85,508.04,0.0,paid
189,16,2019-06-09,2019-06-09,988.89,988.89,581.01,407.88,0.0,paid
190,16,2019-07-09,,988.89,,,,25.66,missed
191,16,2019-08-08,2019-08-08,988.89,988.89,573.09,415.8,0.0,on_time
192,16,2019-09-07,2019-09-07,988.89,988.89,688.59,300.3,0.0,on_time
193,16,2019-10-07,2019-10-07,988.89,988.89,630.36,358.53,0.0,paid
194,16,2019-11-06,2019-11-06,988.89,988.89,654.19,334.7,0.0,on_time
195,16,2019-12-06,2019-12-06,988.89,988.89,629.93,358.96,0.0,paid
196,17,2024-04-12,2024-04-19,478.71,478.71,351.96,126.75,36.29,late
197,17,2024-05-12,2024-05-12,478.71,478.71,258.32,220.39,0.0,paid
198,17,2024-06-11,2024-06-11,478.71,478.71,372.06,106.65,0.0,paid
199,17,2024-07-11,2024-07-11,478.71,478.71,312.72,165.99,0.0,paid
200,17,2024-08-10,2024-08-10,478.71,478.71,337.45,141.26,0.0,paid
201,17,2024-09-09,2024-09-09,478.71,478.71,371.38,107.33,0.0,paid
202,17,2024-10-09,2024-10-09,478.71,478.71,243.64,235.07,0.0,paid
203,17,2024-11-08,2024-11-08,478.71,478.71,296.97,181.74,0.0,paid
204,17,2024-12-08,2024-12-08,478.71,478.71,201.83,276.88,0.0,paid
205,17,2025-01-07,2025-01-13,478.71,478.71,284.69,194.02,17.07,late
206,17,2025-02-06,2025-02-06,478.71,478.71,308.24,170.47,0.0,paid
207,17,2025-03-08,2025-03-08,478.71,478.71,335.58,143.13,0.0,paid
208,18,2018-10-25,2018-10-25,287.7,287.7,154.33,133.37,0.0,paid
209,18,2018-11-24,2018-11-24,287.7,287.7,164.07,123.63,0.0,paid
210,18,2018-12-24,2019-01-02,287.7,287.7,229.29,58.41,42.91,late
211,18,2019-01-23,2019-02-03,287.7,287.7,217.63,70.07,34.89,late
212,18,2019-02-22,2019-02-22,287.7,287.7,205.54,82.16,0.0,paid
213,18,2019-03-24,2019-03-24,287.7,287.7,152.28,135.42,0.0,paid
214,18,2019-04-23,2019-04-23,287.7,287.7,220.22,67.48,0.0,paid
215,18,2019-05-23,2019-05-23,287.7,287.7,197.07,90.63,0.0,paid
216,18,2019-06-22,2019-07-10,287.7,287.7,138.43,149.27,26.83,late
217,18,2019-07-22,2019-07-22,287.7,287.7,229.19,58.51,0.0,paid
218,18,2019-08-21,2019-08-29,287.7,287.7,224.04,63.66,46.74,late
219,18,2019-09-20,2019-09-20,287.7,287.7,161.24,126.46,0.0,on_time
220,18,2019-10-20,2019-10-20,287.7,287.7,128.26,159.44,0.0,on_time
221,18,2019-11-19,2019-11-19,287.7,287.7,156.86,130.84,0.0,on_time
222,18,2019-12-19,2019-12-19,287.7,287.7,115.77,171.93,0.0,on_time
223,18,2020-01-18,2020-02-01,287.7,287.7,140.19,147.51,20.4,late
224,18,2020-02-17,2020-02-17,287.7,287.7,203.67,84.03,0.0,paid
225,18,2020-03-18,2020-03-18,287.7,287.7,201.89,85.81,0.0,paid
226,18,2020-04-17,2020-04-30,287.7,287.7,212.22,75.48,27.43,late
227,18,2020-05-17,2020-06-04,287.7,287.7,173.3,114.4,67.55,late
228,18,2020-06-16,2020-06-16,287.7,287.7,168.97,118.73,0.0,on_time
229,19,2019-08-13,2019-08-13,1393.45,1393.45,721.71,671.74,0.0,on_time
230,19,2019-09-12,2019-09-12,1393.45,1393.45,734.84,658.61,0.0,paid
231,19,2019-10-12,2019-10-12,1393.45,1393.45,1023.24,370.21,0.0,on_time
232,19,2019-11-11,2019-11-11,1393.45,1393.45,790.12,603.33,0.0,paid
233,19,2019-12-11,2019-12-26,1393.45,1393.45,909.73,483.72,23.65,late
234,19,2020-01-10,2020-01-10,1393.45,1393.45,558.58,834.87,0.0,paid
235,19,2020-02-09,2020-02-09,1393.45,1393.45,652.44,741.01,0.0,on_time
236,19,2020-03-10,2020-03-10,1393.45,1393.45,1069.98,323.47,0.0,paid
237,20,2024-08-13,,289.38,,,,36.98,missed
238,20,2024-09-12,2024-09-12,289.38,289.38,139.49,149.89,0.0,paid
239,20,2024-10-12,2024-10-12,289.38,289.38,189.05,100.33,0.0,paid
240,20,2024-11-11,,289.38,,,,45.19,missed
241,20,2024-12-11,2024-12-28,289.38,289.38,186.19,103.19,45.29,late
242,20,2025-01-10,2025-01-10,289.38,289.38,208.28,81.1,0.0,paid
243,20,2025-02-09,2025-02-28,289.38,289.38,175.92,113.46,21.71,late
244,20,2025-03-11,2025-03-11,289.38,289.38,186.7,102.68,0.0,on_time
245,20,2025-04-10,2025-04-10,289.38,289.38,211.89,77.49,0.0,paid
246,20,2025-05-10,2025-05-10,289.38,289.38,166.73,122.65,0.0,paid
247,20,2025-06-09,2025-06-09,289.38,289.38,228.47,60.91,0.0,paid
248,20,2025-07-09,2025-07-15,289.38,289.38,138.57,150.81,53.8,late
249,20,2025-08-08,2025-08-08,289.38,289.38,225.06,64.32,0.0,paid
250,20,2025-09-07,2025-09-07,289.38,289.38,160.59,128.79,0.0,on_time
251,20,2025-10-07,2025-10-07,289.38,289.38,212.77,76.61,0.0,on_time
252,20,2025-11-06,2025-11-06,289.38,289.38,204.66,84.72,0.0,paid
253,20,2025-12-06,2025-12-06,289.38,289.38,159.23,130.15,0.0,on_time
254,20,2026-01-05,2026-01-05,289.38,289.38,135.51,153.87,0.0,paid
255,20,2026-02-04,2026-02-04,289.38,289.38,122.92,166.46,0.0,paid
256,21,2019-02-28,2019-02-28,378.52,378.52,214.26,164.26,0.0,on_time
257,21,2019-03-30,2019-03-30,378.52,378.52,277.02,101.5,0.0,on_time
258,21,2019-04-29,2019-04-29,378.52,378.52,216.6,161.92,0.0,paid
259,21,2019-05-29,2019-06-08,378.52,378.52,211.66,166.86,37.81,late
260,21,2019-06-28,2019-06-28,378.52,378.52,230.97,147.55,0.0,paid
261,21,2019-07-28,2019-07-28,378.52,378.52,177.73,200.79,0.0,on_time
262,22,2020-11-03,2020-11-23,171.81,171.81,68.77,103.04,31.57,late
263,22,2020-12-03,2020-12-03,171.81,171.81,92.42,79.39,0.0,paid
264,22,2021-01-02,,171.81,,,,32.24,missed
265,22,2021-02-01,2021-02-17,171.81,171.81,98.44,73.37,44.89,late
266,22,2021-03-03,2021-03-03,171.81,171.81,93.48,78.33,0.0,on_time
267,22,2021-04-02,2021-04-02,171.81,171.81,122.18,49.63,0.0,on_time
268,22,2021-05-02,,171.81,,,,54.57,missed
269,22,2021-06-01,2021-06-01,171.81,171.81,110.09,61.72,0.0,paid
270,22,2021-07-01,2021-07-01,171.81,171.81,95.41,76.4,0.0,on_time
271,22,2021-07-31,2021-07-31,171.81,171.81,70.72,101.09,0.0,on_time
272,22,2021-08-30,2021-09-06,171.81,171.81,127.34,44.47,53.1,late
273,22,2021-09-29,2021-09-29,171.81,171.81,112.89,58.92,0.0,paid
274,22,2021-10-29,2021-11-05,171.81,171.81,98.38,73.43,19.98,late
275,23,2019-04-12,2019-05-02,135.78,135.78,107.27,28.51,57.18,late
276,23,2019-05-12,2019-05-12,135.78,135.78,64.27,71.51,0.0,on_time
277,23,2019-06-11,2019-06-11,135.78,135.78,91.68,44.1,0.0,on_time
278,23,2019-07-11,2019-07-11,135.78,135.78,81.72,54.06,0.0,on_time
279,23,2019-08-10,2019-08-10,135.78,135.78,91.82,43.96,0.0,on_time
280,23,2019-09-09,2019-09-09,135.78,135.78,55.4,80.38,0.0,paid
281,23,2019-10-09,2019-10-09,135.78,135.78,65.66,70.12,0.0,paid
282,23,2019-11-08,2019-11-08,135.78,135.78,95.85,39.93,0.0,paid
283,23,2019-12-08,2019-12-18,135.78,135.78,71.39,64.39,49.84,late
284,23,2020-01-07,,135.78,,,,61.82,missed
285,23,2020-02-06,,135.78,,,,48.84,missed
286,23,2020-03-07,2020-03-07,135.78,135.78,98.25,37.53,0.0,on_time
287,23,2020-04-06,2020-04-06,135.78,135.78,91.92,43.86,0.0,paid
288,23,2020-05-06,2020-05-09,135.78,135.78,99.16,36.62,53.3,late
289,23,2020-06-05,2020-06-05,135.78,135.78,62.76,73.02,0.0,on_time
290,23,2020-07-05,2020-07-05,135.78,135.78,72.75,63.03,0.0,paid
291,24,2024-01-04,2024-01-04,276.17,276.17,154.46,121.71,0.0,on_time
292,24,2024-02-03,2024-02-03,276.17,276.17,195.39,80.78,0.0,on_time
293,24,2024-03-04,2024-03-23,276.17,276.17,209.52,66.65,35.9,late
294,24,2024-04-03,2024-04-03,276.17,276.17,117.0,159.17,0.0,on_time
295,24,2024-05-03,2024-05-03,276.17,276.17,150.08,126.09,0.0,paid
296,24,2024-06-02,2024-06-10,276.17,276.17,146.42,129.75,50.48,late
297,24,2024-07-02,2024-07-02,276.17,276.17,150.68,125.49,0.0,on_time
298,24,2024-08-01,2024-08-01,276.17,276.17,127.34,148.83,0.0,on_time
299,24,2024-08-31,2024-08-31,276.17,276.17,115.97,160.2,0.0,paid
300,24,2024-09-30,2024-09-30,276.17,276.17,188.96,87.21,0.0,paid
301,24,2024-10-30,2024-10-30,276.17,276.17,153.14,123.03,0.0,paid
302,24,2024-11-29,2024-11-29,276.17,276.17,205.6,70.57,0.0,on_time
303,24,2024-12-29,2025-01-12,276.17,276.17,207.46,68.71,19.03,late
304,24,2025-01-28,2025-01-28,276.17,276.17,115.88,160.29,0.0,paid
305,24,2025-02-27,2025-02-27,276.17,276.17,160.08,116.09,0.0,on_time
306,24,2025-03-29,2025-03-29,276.17,276.17,161.77,114.4,0.0,paid
307,25,2016-02-28,2016-02-28,345.63,345.63,171.78,173.85,0.0,on_time
308,25,2016-03-29,2016-03-29,345.63,345.63,249.13,96.5,0.0,paid
309,25,2016-04-28,2016-04-28,345.63,345.63,196.46,149.17,0.0,paid
310,25,2016-05-28,2016-06-13,345.63,345.63,163.12,182.51,53.65,late
311,25,2016-06-27,2016-06-27,345.63,345.63,217.09,128.54,0.0,paid
312,25,2016-07-27,2016-07-29,345.63,345.63,209.67,135.96,18.69,late
313,25,2016-08-26,2016-08-26,345.63,345.63,187.55,158.08,0.0,paid
314,25,2016-09-25,2016-09-25,345.63,345.63,270.82,74.81,0.0,paid
315,25,2016-10-25,,345.63,,,,46.98,missed
316,25,2016-11-24,2016-12-03,345.63,345.63,143.9,201.73,73.54,late
317,25,2016-12-24,2016-12-24,345.63,345.63,192.4,153.23,0.0,on_time
318,25,2017-01-23,,345.63,,,,35.81,missed
319,25,2017-02-22,2017-02-22,345.63,345.63,199.6,146.03,0.0,on_time
320,25,2017-03-24,2017-04-12,345.63,345.63,173.05,172.58,68.6,late
321,25,2017-04-23,2017-04-23,345.63,345.63,273.31,72.32,0.0,paid
322,25,2017-05-23,2017-05-23,345.63,345.63,248.77,96.86,0.0,paid
323,25,2017-06-22,2017-07-11,345.63,345.63,270.82,74.81,55.64,late
324,25,2017-07-22,2017-07-22,345.63,345.63,155.81,189.82,0.0,paid
325,25,2017-08-21,2017-08-21,345.63,345.63,264.64,80.99,0.0,on_time
326,25,2017-09-20,2017-09-27,345.63,345.63,255.19,90.44,21.87,late
327,25,2017-10-20,2017-10-25,345.63,345.63,171.58,174.05,40.36,late
328,25,2017-11-19,2017-11-19,345.63,345.63,245.51,100.12,0.0,paid
329,25,2017-12-19,,345.63,,,,46.45,missed
330,26,2020-02-22,2020-02-22,2069.42,2069.42,1588.58,480.84,0.0,paid
331,26,2020-03-23,2020-03-23,2069.42,2069.42,937.74,1131.68,0.0,on_time
332,26,2020-04-22,2020-04-22,2069.42,2069.42,896.89,1172.53,0.0,on_time
333,26,2020-05-22,2020-05-22,2069.42,2069.42,844.82,1224.6,0.0,on_time
334,26,2020-06-21,2020-06-21,2069.42,2069.42,1655.29,414.13,0.0,paid
335,27,2019-05-05,2019-05-05,343.42,343.42,185.68,157.74,0.0,paid
336,27,2019-06-04,2019-06-04,343.42,343.42,179.82,163.6,0.0,on_time
337,27,2019-07-04,2019-07-04,343.42,343.42,203.81,139.61,0.0,on_time
338,27,2019-08-03,2019-08-20,343.42,343.42,139.58,203.84,48.04,late
339,27,2019-09-02,2019-09-02,343.42,343.42,214.8,128.62,0.0,paid
340,27,2019-10-02,2019-10-02,343.42,343.42,139.09,204.33,0.0,on_time
341,27,2019-11-01,2019-11-16,343.42,343.42,210.8,132.62,18.47,late
342,27,2019-12-01,2019-12-01,343.42,343.42,248.07,95.35,0.0,paid
343,27,2019-12-31,,343.42,,,,22.13,missed
344,27,2020-01-30,2020-02-04,343.42,343.42,203.49,139.93,15.52,late
345,27,2020-02-29,2020-03-10,343.42,343.42,213.43,129.99,68.46,late
346,27,2020-03-30,2020-03-30,343.42,343.42,257.0,86.42,0.0,paid
347,27,2020-04-29,,343.42,,,,36.05,missed
348,27,2020-05-29,2020-05-29,343.42,343.42,174.67,168.75,0.0,on_time
349,27,2020-06-28,2020-06-28,343.42,343.42,273.32,70.1,0.0,paid
350,27,2020-07-28,2020-07-28,343.42,343.42,189.51,153.91,0.0,paid
351,27,2020-08-27,2020-08-27,343.42,343.42,232.63,110.79,0.0,on_time
352,27,2020-09-26,2020-09-26,343.42,343.42,191.01,152.41,0.0,on_time
353,27,2020-10-26,2020-11-06,343.42,343.42,205.11,138.31,49.04,late
354,27,2020-11-25,2020-11-25,343.42,343.42,266.58,76.84,0.0,on_time
355,27,2020-12-25,2020-12-25,343.42,343.42,169.5,173.92,0.0,on_time
356,27,2021-01-24,2021-01-24,343.42,343.42,265.25,78.17,0.0,on_time
357,27,2021-02-23,,343.42,,,,60.84,missed
358,28,2018-02-18,2018-02-18,723.66,723.66,349.23,374.43,0.0,on_time
359,28,2018-03-20,2018-03-20,723.66,723.66,317.28,406.38,0.0,on_time
360,28,2018-04-19,2018-04-19,723.66,723.66,350.89,372.77,0.0,paid
361,28,2018-05-19,2018-05-19,723.66,723.66,573.28,150.38,0.0,on_time
362,28,2018-06-18,2018-06-18,723.66,723.66,425.03,298.63,0.0,paid
363,28,2018-07-18,2018-08-03,723.66,723.66,349.53,374.13,64.15,late
364,28,2018-08-17,2018-08-17,723.66,723.66,367.18,356.48,0.0,paid
365,29,2022-04-30,2022-04-30,898.13,898.13,520.93,377.2,0.0,paid
366,29,2022-05-30,2022-06-16,898.13,898.13,657.16,240.97,19.86,late
367,29,2022-06-29,2022-06-29,898.13,898.13,633.43,264.7,0.0,paid
368,29,2022-07-29,,898.13,,,,43.89,missed
369,29,2022-08-28,2022-09-09,898.13,898.13,390.81,507.32,50.46,late
370,29,2022-09-27,2022-09-27,898.13,898.13,674.4,223.73,0.0,on_time
371,29,2022-10-27,2022-10-27,898.13,898.13,516.01,382.12,0.0,on_time
372,29,2022-11-26,2022-11-26,898.13,898.13,612.5,285.63,0.0,on_time
373,30,2021-08-08,2021-08-08,1882.16,1882.16,1490.96,391.2,0.0,paid
374,30,2021-09-07,2021-09-07,1882.16,1882.16,975.5,906.66,0.0,paid
375,30,2021-10-07,2021-10-07,1882.16,1882.16,1420.3,461.86,0.0,paid
376,30,2021-11-06,2021-11-06,1882.16,1882.16,1255.34,626.82,0.0,on_time
377,30,2021-12-06,2021-12-06,1882.16,1882.16,1028.09,854.07,0.0,on_time
378,30,2022-01-05,2022-01-05,1882.16,1882.16,1317.37,564.79,0.0,on_time
379,30,2022-02-04,2022-02-04,1882.16,1882.16,945.52,936.64,0.0,paid
380,30,2022-03-06,2022-03-06,1882.16,1882.16,1181.93,700.23,0.0,on_time
381,30,2022-04-05,2022-04-05,1882.16,1882.16,1437.66,444.5,0.0,on_time
382,30,2022-05-05,2022-05-23,1882.16,1882.16,1169.85,712.31,63.08,late
383,30,2022-06-04,2022-06-04,1882.16,1882.16,776.5,1105.66,0.0,on_time
384,30,2022-07-04,2022-07-04,1882.16,1882.16,797.92,1084.24,0.0,on_time
385,30,2022-08-03,2022-08-20,1882.16,1882.16,1103.62,778.54,70.57,late
386,30,2022-09-02,2022-09-02,1882.16,1882.16,1283.13,599.03,0.0,on_time
387,30,2022-10-02,2022-10-02,1882.16,1882.16,801.55,1080.61,0.0,on_time
388,30,2022-11-01,2022-11-01,1882.16,1882.16,1363.23,518.93,0.0,paid
389,30,2022-12-01,2022-12-07,1882.16,1882.16,917.68,964.48,71.92,late
390,31,2021-12-13,2021-12-13,1056.71,1056.71,650.85,405.86,0.0,on_time
391,31,2022-01-12,2022-01-12,1056.71,1056.71,826.14,230.57,0.0,paid
392,31,2022-02-11,2022-02-11,1056.71,1056.71,719.18,337.53,0.0,on_time
393,31,2022-03-13,2022-03-13,1056.71,1056.71,502.13,554.58,0.0,paid
394,31,2022-04-12,2022-04-12,1056.71,1056.71,653.9,402.81,0.0,paid
395,32,2018-11-09,2018-11-09,2132.8,2132.8,897.63,1235.17,0.0,paid
396,32,2018-12-09,,2132.8,,,,20.34,missed
397,32,2019-01-08,2019-01-08,2132.8,2132.8,972.41,1160.39,0.0,paid
398,32,2019-02-07,2019-02-07,2132.8,2132.8,1578.83,553.97,0.0,on_time
399,32,2019-03-09,,2132.8,,,,39.61,missed
400,32,2019-04-08,2019-04-08,2132.8,2132.8,1603.11,529.69,0.0,on_time
401,32,2019-05-08,2019-05-08,2132.8,2132.8,1582.75,550.05,0.0,on_time
402,32,2019-06-07,2019-06-07,2132.8,2132.8,1483.17,649.63,0.0,paid
403,32,2019-07-07,2019-07-09,2132.8,2132.8,1464.32,668.48,48.21,late
404,32,2019-08-06,2019-08-06,2132.8,2132.8,910.51,1222.29,0.0,on_time
405,32,2019-09-05,2019-09-05,2132.8,2132.8,1337.4,795.4,0.0,paid
406,32,2019-10-05,2019-10-16,2132.8,2132.8,1203.03,929.77,18.98,late
407,32,2019-11-04,2019-11-04,2132.8,2132.8,1287.21,845.59,0.0,paid
408,32,2019-12-04,2019-12-04,2132.8,2132.8,1590.5,542.3,0.0,on_time
409,32,2020-01-03,2020-01-03,2132.8,2132.8,1428.46,704.34,0.0,on_time
410,32,2020-02-02,2020-02-16,2132.8,2132.8,1411.25,721.55,64.57,late
411,32,2020-03-03,2020-03-04,2132.8,2132.8,1427.79,705.01,69.53,late
412,32,2020-04-02,2020-04-02,2132.8,2132.8,1018.89,1113.91,0.0,paid
413,32,2020-05-02,2020-05-15,2132.8,2132.8,925.99,1206.81,58.01,late
414,32,2020-06-01,2020-06-01,2132.8,2132.8,1061.33,1071.47,0.0,paid
415,32,2020-07-01,2020-07-01,2132.8,2132.8,1353.33,779.47,0.0,on_time
416,33,2023-12-14,2023-12-14,1224.0,1224.0,660.75,563.25,0.0,paid
417,33,2024-01-13,2024-01-23,1224.0,1224.0,650.67,573.33,40.41,late
418,33,2024-02-12,2024-02-12,1224.0,1224.0,884.23,339.77,0.0,paid
419,33,2024-03-13,2024-03-13,1224.0,1224.0,665.78,558.22,0.0,paid
420,33,2024-04-12,2024-04-12,1224.0,1224.0,560.54,663.46,0.0,paid
421,33,2024-05-12,2024-05-31,1224.0,1224.0,813.76,410.24,44.85,late
422,33,2024-06-11,2024-06-11,1224.0,1224.0,663.63,560.37,0.0,on_time
423,33,2024-07-11,2024-07-11,1224.0,1224.0,501.9,722.1,0.0,paid
424,33,2024-08-10,2024-08-10,1224.0,1224.0,721.17,502.83,0.0,paid
425,33,2024-09-09,2024-09-09,1224.0,1224.0,565.04,658.96,0.0,paid
426,33,2024-10-09,2024-10-17,1224.0,1224.0,818.96,405.04,45.02,late
427,33,2024-11-08,2024-11-08,1224.0,1224.0,849.53,374.47,0.0,paid
428,33,2024-12-08,2024-12-08,1224.0,1224.0,826.67,397.33,0.0,paid
429,33,2025-01-07,2025-01-07,1224.0,1224.0,581.65,642.35,0.0,paid
430,33,2025-02-06,2025-02-06,1224.0,1224.0,957.09,266.91,0.0,paid
431,33,2025-03-08,2025-03-08,1224.0,1224.0,746.08,477.92,0.0,on_time
432,33,2025-04-07,2025-04-07,1224.0,1224.0,721.39,502.61,0.0,on_time
433,33,2025-05-07,2025-05-07,1224.0,1224.0,964.49,259.51,0.0,paid
434,33,2025-06-06,2025-06-06,1224.0,1224.0,710.34,513.66,0.0,paid
435,33,2025-07-06,2025-07-06,1224.0,1224.0,802.7,421.3,0.0,paid
436,33,2025-08-05,2025-08-23,1224.0,1224.0,659.83,564.17,20.69,late
437,33,2025-09-04,2025-09-04,1224.0,1224.0,583.61,640.39,0.0,on_time
438,33,2025-10-04,2025-10-06,1224.0,1224.0,556.74,667.26,68.79,late
439,33,2025-11-03,2025-11-03,1224.0,1224.0,977.34,246.66,0.0,on_time
440,34,2020-11-18,2020-12-04,440.1,440.1,215.07,225.03,54.65,late
441,34,2020-12-18,2020-12-18,440.1,440.1,276.36,163.74,0.0,on_time
442,34,2021-01-17,2021-01-17,440.1,440.1,195.76,244.34,0.0,paid
443,34,2021-02-16,2021-02-16,440.1,440.1,258.69,181.41,0.0,paid
444,34,2021-03-18,2021-03-18,440.1,440.1,195.69,244.41,0.0,on_time
445,34,2021-04-17,2021-04-17,440.1,440.1,271.15,168.95,0.0,paid
446,34,2021-05-17,2021-05-17,440.1,440.1,290.54,149.56,0.0,on_time
447,34,2021-06-16,,440.1,,,,30.33,missed
448,34,2021-07-16,2021-07-16,440.1,440.1,274.35,165.75,0.0,on_time
449,34,2021-08-15,2021-08-25,440.1,440.1,320.88,119.22,32.24,late
450,34,2021-09-14,2021-09-14,440.1,440.1,327.57,112.53,0.0,paid
451,34,2021-10-14,2021-10-14,440.1,440.1,184.9,255.2,0.0,paid
452,34,2021-11-13,2021-11-25,440.1,440.1,322.23,117.87,74.64,late
453,34,2021-12-13,2021-12-13,440.1,440.1,291.91,148.19,0.0,on_time
454,34,2022-01-12,2022-01-12,440.1,440.1,230.16,209.94,0.0,paid
455,34,2022-02-11,2022-02-26,440.1,440.1,334.33,105.77,25.04,late
456,34,2022-03-13,2022-03-26,440.1,440.1,309.05,131.05,38.16,late
457,34,2022-04-12,,440.1,,,,46.49,missed
458,34,2022-05-12,2022-05-12,440.1,440.1,248.94,191.16,0.0,on_time
459,34,2022-06-11,2022-06-11,440.1,440.1,301.86,138.24,0.0,on_time
460,34,2022-07-11,2022-07-11,440.1,440.1,317.57,122.53,0.0,paid
461,34,2022-08-10,,440.1,,,,72.06,missed
462,35,2018-04-28,2018-05-17,646.81,646.81,393.16,253.65,28.26,late
463,35,2018-05-28,2018-05-28,646.81,646.81,425.12,221.69,0.0,on_time
464,35,2018-06-27,2018-06-27,646.81,646.81,500.84,145.97,0.0,on_time
465,35,2018-07-27,,646.81,,,,25.35,missed
466,35,2018-08-26,2018-08-26,646.81,646.81,278.33,368.48,0.0,on_time
467,35,2018-09-25,2018-09-25,646.81,646.81,278.22,368.59,0.0,on_time
468,35,2018-10-25,2018-10-25,646.81,646.81,363.06,283.75,0.0,on_time
469,35,2018-11-24,,646.81,,,,36.38,missed
470,35,2018-12-24,,646.81,,,,18.43,missed
471,36,2021-06-20,2021-06-20,330.71,330.71,229.35,101.36,0.0,on_time
472,36,2021-07-20,2021-07-20,330.71,330.71,157.92,172.79,0.0,on_time
473,36,2021-08-19,,330.71,,,,70.85,missed
474,36,2021-09-18,,330.71,,,,63.38,missed
475,36,2021-10-18,2021-10-18,330.71,330.71,204.69,126.02,0.0,paid
476,36,2021-11-17,2021-11-17,330.71,330.71,152.72,177.99,0.0,on_time
477,36,2021-12-17,2021-12-17,330.71,330.71,142.02,188.69,0.0,paid
478,37,2024-09-27,2024-09-27,873.84,873.84,437.85,435.99,0.0,on_time
479,37,2024-10-27,2024-10-27,873.84,873.84,642.34,231.5,0.0,on_time
480,37,2024-11-26,2024-11-26,873.84,873.84,459.2,414.64,0.0,paid
481,37,2024-12-26,2025-01-07,873.84,873.84,565.69,308.15,47.06,late
482,37,2025-01-25,2025-01-25,873.84,873.84,466.46,407.38,0.0,paid
483,37,2025-02-24,2025-02-24,873.84,873.84,354.95,518.89,0.0,on_time
484,38,2020-02-17,2020-02-17,500.42,500.42,354.32,146.1,0.0,on_time
485,38,2020-03-18,2020-04-04,500.42,500.42,216.1,284.32,41.61,late
486,38,2020-04-17,2020-04-17,500.42,500.42,357.1,143.32,0.0,paid
487,38,2020-05-17,2020-05-17,500.42,500.42,319.22,181.2,0.0,paid
488,38,2020-06-16,2020-06-16,500.42,500.42,381.51,118.91,0.0,on_time
489,38,2020-07-16,2020-07-31,500.42,500.42,379.38,121.04,44.8,late
490,38,2020-08-15,2020-08-15,500.42,500.42,349.77,150.65,0.0,on_time
491,38,2020-09-14,2020-09-14,500.42,500.42,363.21,137.21,0.0,paid
492,38,2020-10-14,2020-10-14,500.42,500.42,216.34,284.08,0.0,paid
493,38,2020-11-13,,500.42,,,,23.26,missed
494,38,2020-12-13,2020-12-13,500.42,500.42,202.49,297.93,0.0,paid
495,38,2021-01-12,2021-01-12,500.42,500.42,307.86,192.56,0.0,paid
496,38,2021-02-11,2021-02-24,500.42,500.42,372.37,128.05,18.11,late
497,38,2021-03-13,2021-03-13,500.42,500.42,222.32,278.1,0.0,on_time
498,38,2021-04-12,2021-04-12,500.42,500.42,238.55,261.87,0.0,on_time
499,38,2021-05-12,2021-05-12,500.42,500.42,204.49,295.93,0.0,on_time
500,38,2021-06-11,2021-06-11,500.42,500.42,335.83,164.59,0.0,on_time
501,38,2021-07-11,2021-07-25,500.42,500.42,201.13,299.29,36.36,late
502,39,2020-09-29,2020-09-29,322.33,322.33,238.09,84.24,0.0,on_time
503,39,2020-10-29,2020-10-29,322.33,322.33,217.2,105.13,0.0,on_time
504,39,2020-11-28,2020-11-28,322.33,322.33,245.08,77.25,0.0,paid
505,39,2020-12-28,2020-12-28,322.33,322.33,209.8,112.53,0.0,paid
506,39,2021-01-27,2021-01-27,322.33,322.33,180.92,141.41,0.0,on_time
507,39,2021-02-26,2021-02-26,322.33,322.33,241.16,81.17,0.0,paid
508,39,2021-03-28,2021-03-28,322.33,322.33,185.09,137.24,0.0,on_time
509,39,2021-04-27,2021-05-16,322.33,322.33,184.47,137.86,19.11,late
510,39,2021-05-27,2021-05-27,322.33,322.33,157.14,165.19,0.0,on_time
511,39,2021-06-26,2021-06-26,322.33,322.33,224.03,98.3,0.0,on_time
512,39,2021-07-26,2021-08-15,322.33,322.33,220.29,102.04,44.06,late
513,39,2021-08-25,2021-08-25,322.33,322.33,235.02,87.31,0.0,paid
514,39,2021-09-24,2021-09-24,322.33,322.33,200.01,122.32,0.0,on_time
515,39,2021-10-24,2021-10-24,322.33,322.33,209.41,112.92,0.0,on_time
516,39,2021-11-23,2021-11-23,322.33,322.33,219.51,102.82,0.0,on_time
517,39,2021-12-23,2021-12-23,322.33,322.33,199.35,122.98,0.0,paid
518,39,2022-01-22,2022-01-22,322.33,322.33,229.32,93.01,0.0,paid
519,39,2022-02-21,2022-03-07,322.33,322.33,238.27,84.06,66.7,late
520,39,2022-03-23,2022-03-23,322.33,322.33,180.15,142.18,0.0,paid
521,39,2022-04-22,,322.33,,,,66.01,missed
522,40,2018-03-03,2018-03-03,92.02,92.02,45.14,46.88,0.0,on_time
523,40,2018-04-02,2018-04-02,92.02,92.02,49.73,42.29,0.0,paid
524,40,2018-05-02,2018-05-22,92.02,92.02,67.25,24.77,67.07,late
525,40,2018-06-01,2018-06-01,92.02,92.02,50.71,41.31,0.0,paid
526,40,2018-07-01,2018-07-09,92.02,92.02,41.92,50.1,37.06,late
527,40,2018-07-31,2018-07-31,92.02,92.02,45.98,46.04,0.0,paid
528,40,2018-08-30,2018-08-30,92.02,92.02,62.64,29.38,0.0,on_time
529,40,2018-09-29,2018-09-29,92.02,92.02,52.9,39.12,0.0,paid
530,40,2018-10-29,2018-10-29,92.02,92.02,40.22,51.8,0.0,on_time
531,40,2018-11-28,2018-11-28,92.02,92.02,61.44,30.58,0.0,on_time
532,40,2018-12-28,2018-12-28,92.02,92.02,41.75,50.27,0.0,paid
533,41,2023-09-27,2023-09-27,586.82,586.82,437.56,149.26,0.0,on_time
534,41,2023-10-27,,586.82,,,,61.26,missed
535,41,2023-11-26,2023-11-26,586.82,586.82,318.29,268.53,0.0,paid
536,41,2023-12-26,2023-12-26,586.82,586.82,345.75,241.07,0.0,on_time
537,41,2024-01-25,2024-01-25,586.82,586.82,285.75,301.07,0.0,paid
538,41,2024-02-24,2024-02-24,586.82,586.82,303.29,283.53,0.0,paid
539,41,2024-03-25,2024-03-31,586.82,586.82,377.07,209.75,18.82,late
540,41,2024-04-24,,586.82,,,,16.89,missed
541,41,2024-05-24,2024-05-24,586.82,586.82,333.41,253.41,0.0,paid
542,41,2024-06-23,2024-06-23,586.82,586.82,365.08,221.74,0.0,on_time
543,41,2024-07-23,2024-07-23,586.82,586.82,378.29,208.53,0.0,paid
544,41,2024-08-22,2024-09-06,586.82,586.82,438.25,148.57,52.94,late
545,41,2024-09-21,2024-09-21,586.82,586.82,388.29,198.53,0.0,paid
546,41,2024-10-21,2024-10-21,586.82,586.82,376.35,210.47,0.0,on_time
547,41,2024-11-20,2024-11-20,586.82,586.82,342.64,244.18,0.0,paid
548,41,2024-12-20,2024-12-20,586.82,586.82,460.29,126.53,0.0,on_time
549,41,2025-01-19,2025-01-19,586.82,586.82,423.37,163.45,0.0,on_time
550,41,2025-02-18,2025-02-18,586.82,586.82,435.17,151.65,0.0,paid
551,41,2025-03-20,2025-03-20,586.82,586.82,407.37,179.45,0.0,paid
552,41,2025-04-19,2025-04-19,586.82,586.82,285.43,301.39,0.0,paid
553,41,2025-05-19,2025-05-19,586.82,586.82,283.2,303.62,0.0,on_time
554,41,2025-06-18,2025-06-18,586.82,586.82,434.35,152.47,0.0,paid
555,42,2018-09-28,2018-10-17,1055.01,1055.01,739.56,315.45,15.22,late
556,42,2018-10-28,2018-10-28,1055.01,1055.01,627.85,427.16,0.0,paid
557,42,2018-11-27,2018-11-27,1055.01,1055.01,491.7,563.31,0.0,paid
558,42,2018-12-27,2018-12-27,1055.01,1055.01,696.26,358.75,0.0,on_time
559,42,2019-01-26,2019-01-26,1055.01,1055.01,458.58,596.43,0.0,paid
560,42,2019-02-25,2019-02-25,1055.01,1055.01,469.97,585.04,0.0,on_time
561,42,2019-03-27,2019-04-02,1055.01,1055.01,806.76,248.25,20.66,late
562,42,2019-04-26,,1055.01,,,,15.09,missed
563,42,2019-05-26,2019-05-26,1055.01,1055.01,707.34,347.67,0.0,paid
564,42,2019-06-25,2019-06-25,1055.01,1055.01,599.7,455.31,0.0,paid
565,42,2019-07-25,2019-07-25,1055.01,1055.01,837.55,217.46,0.0,paid
566,42,2019-08-24,2019-08-24,1055.01,1055.01,580.89,474.12,0.0,paid
567,42,2019-09-23,2019-09-23,1055.01,1055.01,715.89,339.12,0.0,on_time
568,42,2019-10-23,2019-10-23,1055.01,1055.01,442.77,612.24,0.0,on_time
569,42,2019-11-22,2019-11-22,1055.01,1055.01,527.04,527.97,0.0,paid
570,42,2019-12-22,2019-12-22,1055.01,1055.01,806.62,248.39,0.0,on_time
571,42,2020-01-21,,1055.01,,,,48.43,missed
572,42,2020-02-20,2020-02-20,1055.01,1055.01,450.62,604.39,0.0,paid
573,42,2020-03-21,2020-03-21,1055.01,1055.01,576.6,478.41,0.0,paid
574,42,2020-04-20,2020-04-20,1055.01,1055.01,737.3,317.71,0.0,on_time
575,43,2023-09-18,2023-09-18,357.97,357.97,224.64,133.33,0.0,on_time
576,43,2023-10-18,2023-10-18,357.97,357.97,277.87,80.1,0.0,on_time
577,43,2023-11-17,2023-11-17,357.97,357.97,231.97,126.0,0.0,paid
578,43,2023-12-17,2024-01-01,357.97,357.97,218.11,139.86,60.08,late
579,44,2023-12-27,2023-12-27,849.01,849.01,492.57,356.44,0.0,on_time
580,44,2024-01-26,2024-01-26,849.01,849.01,580.75,268.26,0.0,on_time
581,44,2024-02-25,,849.01,,,,52.35,missed
582,45,2024-12-04,2024-12-04,2773.41,2773.41,1272.83,1500.58,0.0,paid
583,45,2025-01-03,2025-01-03,2773.41,2773.41,1180.26,1593.15,0.0,on_time
584,45,2025-02-02,2025-02-02,2773.41,2773.41,2132.62,640.79,0.0,paid
585,45,2025-03-04,2025-03-04,2773.41,2773.41,2118.39,655.02,0.0,on_time
586,45,2025-04-03,2025-04-03,2773.41,2773.41,1684.14,1089.27,0.0,paid
587,45,2025-05-03,2025-05-03,2773.41,2773.41,1504.8,1268.61,0.0,on_time
588,45,2025-06-02,2025-06-17,2773.41,2773.41,2019.42,753.99,18.69,late
589,45,2025-07-02,2025-07-02,2773.41,2773.41,1223.74,1549.67,0.0,on_time
590,45,2025-08-01,2025-08-01,2773.41,2773.41,1906.74,866.67,0.0,paid
591,46,2020-04-17,2020-04-17,317.47,317.47,127.04,190.43,0.0,paid
592,46,2020-05-17,2020-05-17,317.47,317.47,209.55,107.92,0.0,on_time
593,46,2020-06-16,2020-06-16,317.47,317.47,187.94,129.53,0.0,paid
594,46,2020-07-16,,317.47,,,,58.05,missed
595,46,2020-08-15,2020-08-25,317.47,317.47,217.59,99.88,72.44,late
596,46,2020-09-14,2020-09-14,317.47,317.47,224.29,93.18,0.0,on_time
597,46,2020-10-14,2020-10-25,317.47,317.47,220.73,96.74,39.46,late
598,46,2020-11-13,,317.47,,,,39.93,missed
599,46,2020-12-13,2020-12-27,317.47,317.47,131.5,185.97,71.6,late
600,46,2021-01-12,2021-01-23,317.47,317.47,217.83,99.64,20.47,late
601,46,2021-02-11,2021-02-13,317.47,317.47,176.85,140.62,32.1,late
602,46,2021-03-13,2021-03-13,317.47,317.47,235.0,82.47,0.0,paid
603,46,2021-04-12,2021-04-12,317.47,317.47,128.6,188.87,0.0,paid
604,46,2021-05-12,2021-05-12,317.47,317.47,217.88,99.59,0.0,paid
605,46,2021-06-11,2021-06-11,317.47,317.47,240.02,77.45,0.0,paid
606,46,2021-07-11,2021-07-11,317.47,317.47,201.29,116.18,0.0,paid
607,46,2021-08-10,2021-08-10,317.47,317.47,180.29,137.18,0.0,on_time
608,46,2021-09-09,,317.47,,,,26.49,missed
609,46,2021-10-09,2021-10-09,317.47,317.47,225.74,91.73,0.0,paid
610,46,2021-11-08,2021-11-08,317.47,317.47,154.81,162.66,0.0,on_time
611,46,2021-12-08,2021-12-08,317.47,317.47,204.12,113.35,0.0,on_time
612,47,2016-03-28,2016-03-28,293.66,293.66,160.75,132.91,0.0,on_time
613,47,2016-04-27,2016-04-27,293.66,293.66,164.96,128.7,0.0,paid
614,47,2016-05-27,2016-05-27,293.66,293.66,166.08,127.58,0.0,paid
615,47,2016-06-26,2016-06-26,293.66,293.66,191.39,102.27,0.0,on_time
616,47,2016-07-26,2016-07-26,293.66,293.66,146.05,147.61,0.0,paid
617,47,2016-08-25,2016-08-25,293.66,293.66,123.89,169.77,0.0,paid
618,47,2016-09-24,2016-09-30,293.66,293.66,136.03,157.63,62.54,late
619,47,2016-10-24,2016-10-24,293.66,293.66,169.42,124.24,0.0,on_time
620,47,2016-11-23,2016-11-23,293.66,293.66,147.95,145.71,0.0,paid
621,47,2016-12-23,2016-12-23,293.66,293.66,181.02,112.64,0.0,paid
622,47,2017-01-22,2017-01-22,293.66,293.66,161.62,132.04,0.0,paid
623,47,2017-02-21,2017-02-21,293.66,293.66,137.5,156.16,0.0,on_time
624,47,2017-03-23,2017-03-23,293.66,293.66,143.55,150.11,0.0,on_time
625,47,2017-04-22,2017-05-05,293.66,293.66,221.6,72.06,21.65,late
626,47,2017-05-22,2017-05-22,293.66,293.66,209.06,84.6,0.0,paid
627,47,2017-06-21,2017-06-28,293.66,293.66,211.23,82.43,19.79,late
628,47,2017-07-21,2017-07-21,293.66,293.66,173.62,120.04,0.0,on_time
629,48,2023-01-17,2023-01-17,1528.88,1528.88,761.84,767.04,0.0,paid
630,48,2023-02-16,2023-03-01,1528.88,1528.88,869.99,658.89,33.34,late
631,48,2023-03-18,2023-03-18,1528.88,1528.88,996.26,532.62,0.0,on_time
632,48,2023-04-17,2023-04-17,1528.88,1528.88,1141.33,387.55,0.0,paid
633,48,2023-05-17,2023-05-17,1528.88,1528.88,907.52,621.36,0.0,paid
634,48,2023-06-16,,1528.88,,,,27.93,missed
635,48,2023-07-16,,1528.88,,,,31.06,missed
636,48,2023-08-15,2023-08-15,1528.88,1528.88,1056.45,472.43,0.0,on_time
637,48,2023-09-14,2023-09-14,1528.88,1528.88,1037.43,491.45,0.0,paid
638,49,2022-11-30,2022-11-30,683.52,683.52,398.35,285.17,0.0,on_time
639,49,2022-12-30,2022-12-30,683.52,683.52,295.75,387.77,0.0,on_time
640,49,2023-01-29,2023-01-29,683.52,683.52,536.0,147.52,0.0,on_time
641,49,2023-02-28,2023-02-28,683.52,683.52,474.93,208.59,0.0,on_time
642,49,2023-03-30,2023-03-30,683.52,683.52,302.38,381.14,0.0,on_time
643,50,2024-06-18,,2095.12,,,,65.59,missed
644,50,2024-07-18,2024-07-18,2095.12,2095.12,1255.85,839.27,0.0,on_time
645,50,2024-08-17,2024-08-17,2095.12,2095.12,1487.38,607.74,0.0,on_time
646,50,2024-09-16,2024-09-16,2095.12,2095.12,1295.16,799.96,0.0,paid
647,50,2024-10-16,2024-10-16,2095.12,2095.12,1506.01,589.11,0.0,on_time
648,50,2024-11-15,2024-11-15,2095.12,2095.12,1558.87,536.25,0.0,paid
649,50,2024-12-15,2024-12-15,2095.12,2095.12,1528.61,566.51,0.0,paid
650,50,2025-01-14,2025-01-14,2095.12,2095.12,956.95,1138.17,0.0,paid
651,50,2025-02-13,2025-03-05,2095.12,2095.12,1178.15,916.97,72.85,late
652,50,2025-03-15,2025-03-15,2095.12,2095.12,1471.4,623.72,0.0,paid
653,50,2025-04-14,2025-04-29,2095.12,2095.12,1281.44,813.68,43.27,late
654,50,2025-05-14,2025-05-14,2095.12,2095.12,1627.75,467.37,0.0,on_time
655,50,2025-06-13,2025-06-13,2095.12,2095.12,1030.14,1064.98,0.0,on_time
656,50,2025-07-13,2025-07-14,2095.12,2095.12,939.62,1155.5,43.94,late
657,50,2025-08-12,2025-08-12,2095.12,2095.12,1316.66,778.46,0.0,on_time
658,50,2025-09-11,2025-09-11,2095.12,2095.12,966.0,1129.12,0.0,on_time
659,51,2019-06-13,2019-06-13,922.45,922.45,690.71,231.74,0.0,paid
660,51,2019-07-13,2019-07-13,922.45,922.45,701.48,220.97,0.0,on_time
661,51,2019-08-12,,922.45,,,,36.02,missed
662,51,2019-09-11,2019-09-14,922.45,922.45,603.93,318.52,63.54,late
663,51,2019-10-11,2019-10-11,922.45,922.45,377.32,545.13,0.0,paid
664,51,2019-11-10,2019-11-10,922.45,922.45,395.44,527.01,0.0,paid
665,51,2019-12-10,2019-12-10,922.45,922.45,409.23,513.22,0.0,paid
666,51,2020-01-09,2020-01-09,922.45,922.45,626.09,296.36,0.0,on_time
667,51,2020-02-08,2020-02-08,922.45,922.45,417.76,504.69,0.0,paid
668,51,2020-03-09,,922.45,,,,44.52,missed
669,51,2020-04-08,2020-04-08,922.45,922.45,509.98,412.47,0.0,paid
670,51,2020-05-08,2020-05-08,922.45,922.45,429.24,493.21,0.0,on_time
671,51,2020-06-07,2020-06-07,922.45,922.45,692.66,229.79,0.0,paid
672,51,2020-07-07,2020-07-07,922.45,922.45,515.74,406.71,0.0,paid
673,51,2020-08-06,2020-08-06,922.45,922.45,541.01,381.44,0.0,paid
674,52,2020-12-14,2020-12-14,681.34,681.34,366.13,315.21,0.0,paid
675,52,2021-01-13,,681.34,,,,62.07,missed
676,52,2021-02-12,2021-02-12,681.34,681.34,503.92,177.42,0.0,paid
677,52,2021-03-14,2021-03-14,681.34,681.34,416.21,265.13,0.0,paid
678,52,2021-04-13,2021-04-13,681.34,681.34,381.74,299.6,0.0,paid
679,52,2021-05-13,2021-05-13,681.34,681.34,378.03,303.31,0.0,paid
680,52,2021-06-12,2021-06-12,681.34,681.34,420.1,261.24,0.0,paid
681,52,2021-07-12,2021-07-12,681.34,681.34,385.53,295.81,0.0,on_time
682,52,2021-08-11,2021-08-11,681.34,681.34,435.33,246.01,0.0,paid
683,52,2021-09-10,2021-09-13,681.34,681.34,498.79,182.55,67.9,late
684,52,2021-10-10,2021-10-10,681.34,681.34,363.46,317.88,0.0,on_time
685,52,2021-11-09,2021-11-13,681.34,681.34,533.2,148.14,48.45,late
686,52,2021-12-09,2021-12-09,681.34,681.34,522.36,158.98,0.0,paid
687,52,2022-01-08,2022-01-22,681.34,681.34,368.07,313.27,69.8,late
688,52,2022-02-07,,681.34,,,,71.33,missed
689,52,2022-03-09,2022-03-09,681.34,681.34,512.49,168.85,0.0,on_time
690,52,2022-04-08,2022-04-27,681.34,681.34,431.33,250.01,32.68,late
691,53,2021-01-13,2021-01-13,704.85,704.85,443.8,261.05,0.0,on_time
692,53,2021-02-12,2021-02-12,704.85,704.85,442.17,262.68,0.0,on_time
693,53,2021-03-14,2021-03-14,704.85,704.85,512.34,192.51,0.0,on_time
694,53,2021-04-13,2021-04-23,704.85,704.85,562.75,142.1,50.7,late
695,53,2021-05-13,2021-05-13,704.85,704.85,303.44,401.41,0.0,paid
696,53,2021-06-12,2021-06-12,704.85,704.85,450.26,254.59,0.0,paid
697,53,2021-07-12,2021-07-12,704.85,704.85,363.37,341.48,0.0,paid
698,53,2021-08-11,2021-08-11,704.85,704.85,563.05,141.8,0.0,paid
699,53,2021-09-10,2021-09-10,704.85,704.85,544.66,160.19,0.0,on_time
700,53,2021-10-10,2021-10-10,704.85,704.85,380.14,324.71,0.0,paid
701,53,2021-11-09,2021-11-09,704.85,704.85,314.41,390.44,0.0,paid
702,53,2021-12-09,2021-12-09,704.85,704.85,454.36,250.49,0.0,paid
703,53,2022-01-08,2022-01-08,704.85,704.85,390.7,314.15,0.0,on_time
704,53,2022-02-07,2022-02-07,704.85,704.85,423.7,281.15,0.0,paid
705,53,2022-03-09,2022-03-09,704.85,704.85,352.76,352.09,0.0,paid
706,53,2022-04-08,2022-04-08,704.85,704.85,510.48,194.37,0.0,on_time
707,53,2022-05-08,2022-05-08,704.85,704.85,419.32,285.53,0.0,on_time
708,53,2022-06-07,2022-06-07,704.85,704.85,427.31,277.54,0.0,paid
709,53,2022-07-07,2022-07-16,704.85,704.85,286.28,418.57,22.95,late
710,54,2021-08-12,2021-08-12,1005.11,1005.11,472.93,532.18,0.0,on_time
711,54,2021-09-11,2021-09-11,1005.11,1005.11,729.26,275.85,0.0,paid
712,54,2021-10-11,2021-10-23,1005.11,1005.11,444.81,560.3,20.58,late
713,54,2021-11-10,2021-11-10,1005.11,1005.11,461.04,544.07,0.0,paid
714,54,2021-12-10,2021-12-10,1005.11,1005.11,674.0,331.11,0.0,on_time
715,54,2022-01-09,2022-01-09,1005.11,1005.11,531.28,473.83,0.0,paid
716,54,2022-02-08,2022-02-08,1005.11,1005.11,438.72,566.39,0.0,on_time
717,54,2022-03-10,2022-03-10,1005.11,1005.11,531.29,473.82,0.0,paid
718,54,2022-04-09,,1005.11,,,,63.5,missed
719,55,2021-03-06,2021-03-06,1407.56,1407.56,1113.39,294.17,0.0,on_time
720,55,2021-04-05,2021-04-19,1407.56,1407.56,663.5,744.06,62.54,late
721,55,2021-05-05,2021-05-05,1407.56,1407.56,974.31,433.25,0.0,paid
722,55,2021-06-04,2021-06-04,1407.56,1407.56,1082.86,324.7,0.0,on_time
723,55,2021-07-04,2021-07-20,1407.56,1407.56,655.68,751.88,50.36,late
724,55,2021-08-03,2021-08-03,1407.56,1407.56,651.41,756.15,0.0,on_time
725,55,2021-09-02,2021-09-09,1407.56,1407.56,1104.05,303.51,44.07,late
726,55,2021-10-02,2021-10-02,1407.56,1407.56,600.81,806.75,0.0,paid
727,55,2021-11-01,2021-11-01,1407.56,1407.56,762.65,644.91,0.0,on_time
728,55,2021-12-01,2021-12-01,1407.56,1407.56,717.88,689.68,0.0,paid
729,55,2021-12-31,2021-12-31,1407.56,1407.56,662.75,744.81,0.0,paid
730,55,2022-01-30,2022-01-30,1407.56,1407.56,723.31,684.25,0.0,paid
731,55,2022-03-01,2022-03-07,1407.56,1407.56,1106.23,301.33,61.44,late
732,55,2022-03-31,2022-03-31,1407.56,1407.56,930.24,477.32,0.0,paid
733,55,2022-04-30,2022-04-30,1407.56,1407.56,1002.63,404.93,0.0,paid
734,55,2022-05-30,2022-05-30,1407.56,1407.56,910.09,497.47,0.0,paid
735,56,2019-12-07,2019-12-07,366.4,366.4,230.87,135.53,0.0,paid
736,56,2020-01-06,2020-01-06,366.4,366.4,161.13,205.27,0.0,on_time
737,56,2020-02-05,2020-02-05,366.4,366.4,165.13,201.27,0.0,paid
738,56,2020-03-06,2020-03-06,366.4,366.4,245.41,120.99,0.0,paid
739,56,2020-04-05,2020-04-16,366.4,366.4,235.02,131.38,52.68,late
740,56,2020-05-05,2020-05-05,366.4,366.4,180.57,185.83,0.0,paid
741,56,2020-06-04,2020-06-04,366.4,366.4,240.19,126.21,0.0,paid
742,57,2018-03-20,2018-03-20,1958.69,1958.69,1329.37,629.32,0.0,paid
743,57,2018-04-19,2018-04-19,1958.69,1958.69,1186.17,772.52,0.0,paid
744,57,2018-05-19,2018-05-19,1958.69,1958.69,1556.92,401.77,0.0,paid
745,57,2018-06-18,2018-06-18,1958.69,1958.69,1023.63,935.06,0.0,paid
746,57,2018-07-18,2018-07-18,1958.69,1958.69,1130.89,827.8,0.0,paid
747,57,2018-08-17,2018-08-17,1958.69,1958.69,1160.97,797.72,0.0,on_time
748,57,2018-09-16,2018-09-21,1958.69,1958.69,1072.56,886.13,35.65,late
749,57,2018-10-16,2018-10-16,1958.69,1958.69,863.09,1095.6,0.0,on_time
750,57,2018-11-15,2018-11-15,1958.69,1958.69,986.07,972.62,0.0,paid
751,57,2018-12-15,2018-12-26,1958.69,1958.69,1462.28,496.41,16.97,late
752,57,2019-01-14,2019-01-14,1958.69,1958.69,1231.36,727.33,0.0,paid
753,57,2019-02-13,2019-02-13,1958.69,1958.69,1034.55,924.14,0.0,on_time
754,57,2019-03-15,2019-03-15,1958.69,1958.69,1171.74,786.95,0.0,paid
755,57,2019-04-14,2019-04-14,1958.69,1958.69,858.59,1100.1,0.0,on_time
756,57,2019-05-14,2019-05-14,1958.69,1958.69,1152.19,806.5,0.0,on_time
757,57,2019-06-13,2019-06-13,1958.69,1958.69,1235.71,722.98,0.0,paid
758,57,2019-07-13,2019-07-13,1958.69,1958.69,836.5,1122.19,0.0,paid
759,57,2019-08-12,2019-08-12,1958.69,1958.69,1066.48,892.21,0.0,on_time
760,57,2019-09-11,2019-09-27,1958.69,1958.69,840.03,1118.66,20.61,late
761,57,2019-10-11,2019-10-14,1958.69,1958.69,1431.56,527.13,29.39,late
762,57,2019-11-10,2019-11-10,1958.69,1958.69,1202.78,755.91,0.0,paid
763,57,2019-12-10,2019-12-10,1958.69,1958.69,1384.26,574.43,0.0,paid
764,57,2020-01-09,2020-01-09,1958.69,1958.69,1391.53,567.16,0.0,paid
765,58,2017-07-13,2017-07-18,753.7,753.7,342.79,410.91,52.38,late
766,58,2017-08-12,2017-08-12,753.7,753.7,525.81,227.89,0.0,paid
767,58,2017-09-11,2017-09-11,753.7,753.7,558.57,195.13,0.0,on_time
768,58,2017-10-11,2017-10-11,753.7,753.7,519.02,234.68,0.0,on_time
769,58,2017-11-10,2017-11-10,753.7,753.7,399.0,354.7,0.0,paid
770,58,2017-12-10,,753.7,,,,52.21,missed
771,58,2018-01-09,2018-01-09,753.7,753.7,451.76,301.94,0.0,paid
772,58,2018-02-08,2018-02-08,753.7,753.7,429.98,323.72,0.0,paid
773,58,2018-03-10,2018-03-10,753.7,753.7,507.38,246.32,0.0,on_time
774,58,2018-04-09,2018-04-09,753.7,753.7,317.33,436.37,0.0,paid
775,58,2018-05-09,2018-05-09,753.7,753.7,558.25,195.45,0.0,paid
776,58,2018-06-08,2018-06-16,753.7,753.7,534.2,219.5,56.58,late
777,58,2018-07-08,2018-07-24,753.7,753.7,580.47,173.23,56.96,late
778,58,2018-08-07,2018-08-07,753.7,753.7,410.64,343.06,0.0,paid
779,58,2018-09-06,2018-09-06,753.7,753.7,533.96,219.74,0.0,paid
780,59,2024-06-23,2024-06-23,190.89,190.89,91.45,99.44,0.0,on_time
781,59,2024-07-23,2024-07-23,190.89,190.89,133.77,57.12,0.0,paid
782,59,2024-08-22,2024-08-22,190.89,190.89,84.29,106.6,0.0,paid
783,59,2024-09-21,2024-10-11,190.89,190.89,106.86,84.03,34.8,late
784,59,2024-10-21,2024-10-21,190.89,190.89,118.12,72.77,0.0,on_time
785,59,2024-11-20,2024-12-10,190.89,190.89,143.24,47.65,38.0,late
786,59,2024-12-20,,190.89,,,,63.18,missed
787,59,2025-01-19,2025-01-19,190.89,190.89,121.05,69.84,0.0,paid
788,59,2025-02-18,2025-02-18,190.89,190.89,79.6,111.29,0.0,paid
789,59,2025-03-20,2025-03-20,190.89,190.89,84.02,106.87,0.0,paid
790,59,2025-04-19,2025-05-08,190.89,190.89,97.98,92.91,42.78,late
791,59,2025-05-19,2025-05-19,190.89,190.89,134.56,56.33,0.0,on_time
792,59,2025-06-18,,190.89,,,,39.38,missed
793,59,2025-07-18,2025-07-18,190.89,190.89,133.01,57.88,0.0,paid
794,59,2025-08-17,2025-08-17,190.89,190.89,110.36,80.53,0.0,paid
795,59,2025-09-16,2025-09-16,190.89,190.89,111.13,79.76,0.0,on_time
796,59,2025-10-16,2025-10-16,190.89,190.89,124.44,66.45,0.0,on_time
797,59,2025-11-15,2025-11-15,190.89,190.89,120.89,70.0,0.0,on_time
798,59,2025-12-15,2025-12-15,190.89,190.89,99.0,91.89,0.0,paid
799,59,2026-01-14,2026-01-14,190.89,190.89,77.94,112.95,0.0,on_time
800,59,2026-02-13,2026-02-13,190.89,190.89,98.03,92.86,0.0,paid
801,60,2025-01-10,2025-01-10,467.75,467.75,296.7,171.05,0.0,paid
802,60,2025-02-09,2025-02-11,467.75,467.75,240.14,227.61,18.5,late
803,60,2025-03-11,2025-03-11,467.75,467.75,243.28,224.47,0.0,on_time
804,60,2025-04-10,2025-04-10,467.75,467.75,280.74,187.01,0.0,on_time
805,60,2025-05-10,2025-05-10,467.75,467.75,337.75,130.0,0.0,on_time
806,60,2025-06-09,2025-06-09,467.75,467.75,274.44,193.31,0.0,on_time
807,60,2025-07-09,2025-07-09,467.75,467.75,246.58,221.17,0.0,paid
808,60,2025-08-08,2025-08-08,467.75,467.75,244.53,223.22,0.0,paid
809,60,2025-09-07,2025-09-07,467.75,467.75,288.78,178.97,0.0,paid
810,60,2025-10-07,2025-10-07,467.75,467.75,324.95,142.8,0.0,paid
811,60,2025-11-06,2025-11-06,467.75,467.75,284.11,183.64,0.0,paid
812,60,2025-12-06,2025-12-24,467.75,467.75,297.76,169.99,28.95,late
813,60,2026-01-05,2026-01-05,467.75,467.75,209.81,257.94,0.0,on_time
814,61,2022-03-13,2022-03-13,564.0,564.0,355.47,208.53,0.0,on_time
815,61,2022-04-12,2022-04-12,564.0,564.0,292.07,271.93,0.0,on_time
816,61,2022-05-12,2022-05-12,564.0,564.0,228.07,335.93,0.0,paid
817,61,2022-06-11,2022-06-11,564.0,564.0,257.34,306.66,0.0,on_time
818,61,2022-07-11,2022-07-11,564.0,564.0,312.4,251.6,0.0,paid
819,61,2022-08-10,2022-08-10,564.0,564.0,268.5,295.5,0.0,on_time
820,61,2022-09-09,2022-09-09,564.0,564.0,343.77,220.23,0.0,paid
821,61,2022-10-09,2022-10-09,564.0,564.0,432.92,131.08,0.0,paid
822,61,2022-11-08,2022-11-08,564.0,564.0,264.37,299.63,0.0,on_time
823,61,2022-12-08,2022-12-08,564.0,564.0,447.09,116.91,0.0,paid
824,62,2020-03-09,2020-03-09,1725.91,1725.91,1349.06,376.85,0.0,on_time
825,62,2020-04-08,2020-04-21,1725.91,1725.91,973.01,752.9,31.12,late
826,62,2020-05-08,2020-05-08,1725.91,1725.91,791.63,934.28,0.0,on_time
827,62,2020-06-07,2020-06-07,1725.91,1725.91,754.94,970.97,0.0,paid
828,62,2020-07-07,2020-07-07,1725.91,1725.91,922.58,803.33,0.0,on_time
829,62,2020-08-06,2020-08-06,1725.91,1725.91,1120.56,605.35,0.0,on_time
830,63,2018-05-13,2018-05-13,2436.97,2436.97,1653.87,783.1,0.0,paid
831,63,2018-06-12,2018-06-12,2436.97,2436.97,1376.95,1060.02,0.0,paid
832,63,2018-07-12,2018-07-12,2436.97,2436.97,990.36,1446.61,0.0,paid
833,63,2018-08-11,2018-08-11,2436.97,2436.97,1572.34,864.63,0.0,on_time
834,64,2023-11-21,2023-11-21,688.05,688.05,539.9,148.15,0.0,on_time
835,64,2023-12-21,2023-12-21,688.05,688.05,449.54,238.51,0.0,on_time
836,64,2024-01-20,2024-01-20,688.05,688.05,324.08,363.97,0.0,paid
837,64,2024-02-19,2024-02-19,688.05,688.05,454.88,233.17,0.0,paid
838,64,2024-03-20,2024-03-20,688.05,688.05,337.3,350.75,0.0,paid
839,64,2024-04-19,2024-04-19,688.05,688.05,355.17,332.88,0.0,on_time
840,64,2024-05-19,2024-05-19,688.05,688.05,442.9,245.15,0.0,paid
841,64,2024-06-18,2024-06-18,688.05,688.05,498.15,189.9,0.0,paid
842,64,2024-07-18,2024-07-18,688.05,688.05,404.7,283.35,0.0,paid
843,64,2024-08-17,2024-08-29,688.05,688.05,351.04,337.01,20.76,late
844,64,2024-09-16,2024-09-16,688.05,688.05,450.29,237.76,0.0,paid
845,64,2024-10-16,2024-10-16,688.05,688.05,539.14,148.91,0.0,paid
846,64,2024-11-15,2024-11-15,688.05,688.05,435.95,252.1,0.0,on_time
847,64,2024-12-15,2024-12-27,688.05,688.05,370.87,317.18,41.99,late
848,64,2025-01-14,2025-01-18,688.05,688.05,391.22,296.83,25.55,late
849,64,2025-02-13,2025-02-13,688.05,688.05,453.05,235.0,0.0,paid
850,64,2025-03-15,2025-03-15,688.05,688.05,460.81,227.24,0.0,paid
851,65,2022-06-29,2022-06-29,3146.87,3146.87,1540.36,1606.51,0.0,paid
852,65,2022-07-29,2022-08-12,3146.87,3146.87,1706.87,1440.0,15.78,late
853,65,2022-08-28,2022-08-28,3146.87,3146.87,1947.31,1199.56,0.0,paid
854,65,2022-09-27,2022-09-27,3146.87,3146.87,2298.63,848.24,0.0,paid
855,65,2022-10-27,2022-10-27,3146.87,3146.87,1963.99,1182.88,0.0,on_time
856,65,2022-11-26,2022-11-26,3146.87,3146.87,2044.62,1102.25,0.0,on_time
857,65,2022-12-26,2023-01-10,3146.87,3146.87,1569.27,1577.6,70.0,late
858,65,2023-01-25,2023-01-25,3146.87,3146.87,2492.23,654.64,0.0,on_time
859,65,2023-02-24,2023-03-07,3146.87,3146.87,2185.13,961.74,24.25,late
860,65,2023-03-26,2023-03-26,3146.87,3146.87,1585.0,1561.87,0.0,paid
861,65,2023-04-25,2023-04-25,3146.87,3146.87,1759.65,1387.22,0.0,paid
862,65,2023-05-25,2023-05-25,3146.87,3146.87,1923.26,1223.61,0.0,paid
863,65,2023-06-24,2023-07-03,3146.87,3146.87,1787.9,1358.97,28.73,late
864,65,2023-07-24,,3146.87,,,,70.52,missed
865,65,2023-08-23,2023-09-05,3146.87,3146.87,1514.71,1632.16,19.3,late
866,65,2023-09-22,2023-10-04,3146.87,3146.87,1333.17,1813.7,58.14,late
867,65,2023-10-22,2023-11-06,3146.87,3146.87,2188.9,957.97,70.73,late
868,66,2020-01-14,2020-01-14,1029.94,1029.94,715.32,314.62,0.0,on_time
869,66,2020-02-13,2020-02-13,1029.94,1029.94,452.66,577.28,0.0,paid
870,66,2020-03-14,2020-03-14,1029.94,1029.94,512.98,516.96,0.0,paid
871,66,2020-04-13,2020-04-21,1029.94,1029.94,643.83,386.11,37.6,late
872,66,2020-05-13,2020-05-13,1029.94,1029.94,540.23,489.71,0.0,paid
873,66,2020-06-12,2020-06-12,1029.94,1029.94,518.55,511.39,0.0,paid
874,66,2020-07-12,2020-07-12,1029.94,1029.94,795.07,234.87,0.0,paid
875,66,2020-08-11,2020-08-11,1029.94,1029.94,682.05,347.89,0.0,paid
876,66,2020-09-10,2020-09-10,1029.94,1029.94,490.7,539.24,0.0,on_time
877,66,2020-10-10,2020-10-28,1029.94,1029.94,612.52,417.42,43.02,late
878,66,2020-11-09,2020-11-09,1029.94,1029.94,781.95,247.99,0.0,on_time
879,66,2020-12-09,2020-12-13,1029.94,1029.94,427.8,602.14,16.87,late
880,66,2021-01-08,2021-01-08,1029.94,1029.94,514.22,515.72,0.0,on_time
881,66,2021-02-07,2021-02-07,1029.94,1029.94,645.45,384.49,0.0,paid
882,66,2021-03-09,2021-03-09,1029.94,1029.94,491.35,538.59,0.0,on_time
883,66,2021-04-08,2021-04-08,1029.94,1029.94,792.89,237.05,0.0,on_time
884,66,2021-05-08,2021-05-08,1029.94,1029.94,748.05,281.89,0.0,paid
885,66,2021-06-07,2021-06-07,1029.94,1029.94,781.11,248.83,0.0,on_time
886,66,2021-07-07,2021-07-07,1029.94,1029.94,798.47,231.47,0.0,on_time
887,66,2021-08-06,,1029.94,,,,70.27,missed
888,66,2021-09-05,2021-09-05,1029.94,1029.94,703.91,326.03,0.0,paid
889,66,2021-10-05,2021-10-05,1029.94,1029.94,612.17,417.77,0.0,paid
890,66,2021-11-04,2021-11-04,1029.94,1029.94,760.69,269.25,0.0,paid
891,66,2021-12-04,2021-12-04,1029.94,1029.94,673.18,356.76,0.0,on_time
892,67,2021-12-15,2021-12-15,2218.17,2218.17,1273.17,945.0,0.0,paid
893,67,2022-01-14,,2218.17,,,,50.8,missed
894,67,2022-02-13,2022-02-13,2218.17,2218.17,1140.57,1077.6,0.0,paid
895,67,2022-03-15,2022-03-15,2218.17,2218.17,1175.45,1042.72,0.0,paid
896,67,2022-04-14,2022-04-14,2218.17,2218.17,933.57,1284.6,0.0,on_time
897,67,2022-05-14,2022-05-14,2218.17,2218.17,1051.28,1166.89,0.0,on_time
898,67,2022-06-13,2022-06-13,2218.17,2218.17,1572.77,645.4,0.0,paid
899,67,2022-07-13,2022-07-13,2218.17,2218.17,1577.07,641.1,0.0,paid
900,67,2022-08-12,2022-08-12,2218.17,2218.17,1052.58,1165.59,0.0,paid
901,67,2022-09-11,2022-09-11,2218.17,2218.17,1196.21,1021.96,0.0,paid
902,67,2022-10-11,,2218.17,,,,54.36,missed
903,68,2020-04-07,2020-04-07,618.05,618.05,326.62,291.43,0.0,on_time
904,68,2020-05-07,2020-05-07,618.05,618.05,467.26,150.79,0.0,on_time
905,68,2020-06-06,2020-06-17,618.05,618.05,398.25,219.8,72.38,late
906,68,2020-07-06,2020-07-06,618.05,618.05,278.81,339.24,0.0,on_time
907,68,2020-08-05,2020-08-17,618.05,618.05,263.36,354.69,17.07,late
908,68,2020-09-04,2020-09-04,618.05,618.05,302.69,315.36,0.0,on_time
909,68,2020-10-04,2020-10-04,618.05,618.05,393.91,224.14,0.0,paid
910,69,2021-06-11,2021-06-12,591.0,591.0,421.71,169.29,40.14,late
911,69,2021-07-11,2021-07-11,591.0,591.0,320.62,270.38,0.0,on_time
912,69,2021-08-10,2021-08-10,591.0,591.0,463.38,127.62,0.0,paid
913,69,2021-09-09,2021-09-09,591.0,591.0,447.2,143.8,0.0,on_time
914,69,2021-10-09,2021-10-22,591.0,591.0,255.47,335.53,63.13,late
915,69,2021-11-08,2021-11-08,591.0,591.0,471.37,119.63,0.0,on_time
916,69,2021-12-08,2021-12-08,591.0,591.0,246.48,344.52,0.0,paid
917,69,2022-01-07,,591.0,,,,62.05,missed
918,69,2022-02-06,2022-02-06,591.0,591.0,277.6,313.4,0.0,on_time
919,69,2022-03-08,2022-03-08,591.0,591.0,468.9,122.1,0.0,paid
920,69,2022-04-07,2022-04-07,591.0,591.0,362.06,228.94,0.0,on_time
921,69,2022-05-07,2022-05-24,591.0,591.0,290.07,300.93,62.26,late
922,69,2022-06-06,2022-06-06,591.0,591.0,268.44,322.56,0.0,paid
923,69,2022-07-06,2022-07-06,591.0,591.0,243.0,348.0,0.0,on_time
924,69,2022-08-05,2022-08-05,591.0,591.0,292.42,298.58,0.0,on_time
925,69,2022-09-04,2022-09-04,591.0,591.0,347.16,243.84,0.0,on_time
926,69,2022-10-04,2022-10-04,591.0,591.0,267.15,323.85,0.0,on_time
927,69,2022-11-03,2022-11-03,591.0,591.0,388.43,202.57,0.0,on_time
928,69,2022-12-03,2022-12-03,591.0,591.0,364.4,226.6,0.0,on_time
929,70,2024-11-28,2024-12-05,786.58,786.58,459.47,327.11,63.33,late
930,70,2024-12-28,2024-12-28,786.58,786.58,556.91,229.67,0.0,paid
931,70,2025-01-27,2025-01-27,786.58,786.58,335.26,451.32,0.0,paid
932,70,2025-02-26,,786.58,,,,21.8,missed
933,70,2025-03-28,2025-03-28,786.58,786.58,316.75,469.83,0.0,paid
934,70,2025-04-27,2025-04-27,786.58,786.58,493.49,293.09,0.0,paid
935,70,2025-05-27,2025-05-27,786.58,786.58,402.92,383.66,0.0,paid
936,70,2025-06-26,2025-06-26,786.58,786.58,428.38,358.2,0.0,paid
937,70,2025-07-26,2025-07-26,786.58,786.58,390.09,396.49,0.0,paid
938,70,2025-08-25,2025-08-25,786.58,786.58,416.31,370.27,0.0,on_time
939,70,2025-09-24,2025-09-25,786.58,786.58,325.24,461.34,27.66,late
940,70,2025-10-24,2025-10-24,786.58,786.58,470.59,315.99,0.0,on_time
941,70,2025-11-23,2025-12-09,786.58,786.58,586.81,199.77,39.8,late
942,70,2025-12-23,2025-12-23,786.58,786.58,456.65,329.93,0.0,paid
943,70,2026-01-22,2026-01-22,786.58,786.58,365.73,420.85,0.0,paid
944,70,2026-02-21,2026-02-21,786.58,786.58,475.86,310.72,0.0,on_time
945,70,2026-03-23,2026-03-27,786.58,786.58,579.72,206.86,54.83,late
946,70,2026-04-22,,786.58,,,,44.02,missed
947,70,2026-05-22,2026-05-22,786.58,786.58,435.49,351.09,0.0,on_time
948,70,2026-06-21,2026-06-30,786.58,786.58,560.73,225.85,27.99,late
949,70,2026-07-21,2026-08-08,786.58,786.58,573.18,213.4,53.89,late
950,71,2017-12-30,2017-12-30,1065.28,1065.28,799.96,265.32,0.0,on_time
951,71,2018-01-29,2018-01-29,1065.28,1065.28,444.25,621.03,0.0,on_time
952,71,2018-02-28,2018-02-28,1065.28,1065.28,809.6,255.68,0.0,paid
953,71,2018-03-30,2018-03-30,1065.28,1065.28,644.43,420.85,0.0,paid
954,71,2018-04-29,,1065.28,,,,55.48,missed
955,71,2018-05-29,2018-05-29,1065.28,1065.28,485.04,580.24,0.0,on_time
956,71,2018-06-28,2018-06-28,1065.28,1065.28,527.71,537.57,0.0,paid
957,71,2018-07-28,2018-07-28,1065.28,1065.28,588.21,477.07,0.0,on_time
958,72,2017-10-31,2017-10-31,520.71,520.71,365.56,155.15,0.0,on_time
959,72,2017-11-30,2017-11-30,520.71,520.71,366.0,154.71,0.0,paid
960,72,2017-12-30,2017-12-30,520.71,520.71,299.43,221.28,0.0,paid
961,72,2018-01-29,2018-01-29,520.71,520.71,218.43,302.28,0.0,paid
962,72,2018-02-28,2018-02-28,520.71,520.71,215.51,305.2,0.0,on_time
963,72,2018-03-30,2018-03-30,520.71,520.71,395.22,125.49,0.0,paid
964,72,2018-04-29,2018-04-29,520.71,520.71,277.44,243.27,0.0,on_time
965,72,2018-05-29,2018-05-29,520.71,520.71,367.76,152.95,0.0,paid
966,72,2018-06-28,2018-06-28,520.71,520.71,364.89,155.82,0.0,paid
967,72,2018-07-28,2018-07-28,520.71,520.71,390.07,130.64,0.0,paid
968,72,2018-08-27,2018-08-27,520.71,520.71,243.8,276.91,0.0,paid
969,72,2018-09-26,,520.71,,,,64.62,missed
970,72,2018-10-26,2018-10-26,520.71,520.71,328.22,192.49,0.0,on_time
971,72,2018-11-25,2018-11-25,520.71,520.71,319.07,201.64,0.0,on_time
972,72,2018-12-25,2018-12-25,520.71,520.71,313.27,207.44,0.0,paid
973,72,2019-01-24,2019-01-24,520.71,520.71,271.03,249.68,0.0,paid
974,72,2019-02-23,2019-02-23,520.71,520.71,277.61,243.1,0.0,on_time
975,72,2019-03-25,2019-03-25,520.71,520.71,399.62,121.09,0.0,on_time
976,72,2019-04-24,,520.71,,,,62.04,missed
977,72,2019-05-24,,520.71,,,,46.13,missed
978,73,2016-06-06,2016-06-06,1441.37,1441.37,654.92,786.45,0.0,paid
979,73,2016-07-06,2016-07-06,1441.37,1441.37,678.2,763.17,0.0,paid
980,73,2016-08-05,2016-08-05,1441.37,1441.37,981.88,459.49,0.0,paid
981,73,2016-09-04,2016-09-04,1441.37,1441.37,587.63,853.74,0.0,paid
982,73,2016-10-04,2016-10-04,1441.37,1441.37,989.76,451.61,0.0,paid
983,73,2016-11-03,2016-11-12,1441.37,1441.37,859.32,582.05,45.29,late
984,73,2016-12-03,2016-12-03,1441.37,1441.37,845.38,595.99,0.0,paid
985,73,2017-01-02,2017-01-02,1441.37,1441.37,1002.11,439.26,0.0,on_time
986,73,2017-02-01,2017-02-01,1441.37,1441.37,1106.71,334.66,0.0,on_time
987,73,2017-03-03,2017-03-03,1441.37,1441.37,859.28,582.09,0.0,on_time
988,73,2017-04-02,2017-04-02,1441.37,1441.37,681.05,760.32,0.0,on_time
989,73,2017-05-02,2017-05-02,1441.37,1441.37,827.82,613.55,0.0,paid
990,73,2017-06-01,2017-06-01,1441.37,1441.37,851.77,589.6,0.0,on_time
991,73,2017-07-01,2017-07-01,1441.37,1441.37,1109.82,331.55,0.0,paid
992,73,2017-07-31,2017-07-31,1441.37,1441.37,744.68,696.69,0.0,on_time
993,74,2024-04-21,2024-04-21,289.39,289.39,182.36,107.03,0.0,paid
994,74,2024-05-21,2024-05-21,289.39,289.39,161.49,127.9,0.0,paid
995,74,2024-06-20,2024-06-20,289.39,289.39,193.72,95.67,0.0,on_time
996,74,2024-07-20,2024-07-20,289.39,289.39,183.05,106.34,0.0,on_time
997,74,2024-08-19,2024-08-19,289.39,289.39,188.42,100.97,0.0,on_time
998,74,2024-09-18,2024-09-18,289.39,289.39,199.11,90.28,0.0,paid
999,74,2024-10-18,2024-10-18,289.39,289.39,181.45,107.94,0.0,on_time
1000,75,2016-03-13,2016-03-13,1983.99,1983.99,1257.61,726.38,0.0,paid
1001,75,2016-04-12,2016-04-12,1983.99,1983.99,1065.72,918.27,0.0,paid
1002,75,2016-05-12,2016-05-12,1983.99,1983.99,1090.45,893.54,0.0,paid
1003,75,2016-06-11,2016-07-01,1983.99,1983.99,863.34,1120.65,45.72,late
1004,75,2016-07-11,2016-07-11,1983.99,1983.99,1190.92,793.07,0.0,paid
1005,75,2016-08-10,2016-08-10,1983.99,1983.99,796.95,1187.04,0.0,paid
1006,75,2016-09-09,2016-09-09,1983.99,1983.99,1584.06,399.93,0.0,paid
1007,75,2016-10-09,2016-10-09,1983.99,1983.99,1080.03,903.96,0.0,paid
1008,75,2016-11-08,2016-11-08,1983.99,1983.99,1143.57,840.42,0.0,paid
1009,75,2016-12-08,2016-12-19,1983.99,1983.99,1534.74,449.25,46.22,late
1010,75,2017-01-07,2017-01-07,1983.99,1983.99,962.67,1021.32,0.0,on_time
1011,75,2017-02-06,2017-02-06,1983.99,1983.99,862.99,1121.0,0.0,paid
1012,75,2017-03-08,2017-03-08,1983.99,1983.99,1052.58,931.41,0.0,on_time
1013,76,2022-06-06,2022-06-06,1668.38,1668.38,1152.95,515.43,0.0,paid
1014,76,2022-07-06,2022-07-06,1668.38,1668.38,1212.79,455.59,0.0,paid
1015,76,2022-08-05,2022-08-05,1668.38,1668.38,793.71,874.67,0.0,on_time
1016,77,2022-10-10,2022-10-10,572.98,572.98,388.26,184.72,0.0,paid
1017,77,2022-11-09,2022-11-09,572.98,572.98,332.27,240.71,0.0,paid
1018,77,2022-12-09,2022-12-09,572.98,572.98,423.68,149.3,0.0,paid
1019,77,2023-01-08,2023-01-08,572.98,572.98,449.32,123.66,0.0,paid
1020,77,2023-02-07,2023-02-07,572.98,572.98,454.8,118.18,0.0,on_time
1021,77,2023-03-09,2023-03-14,572.98,572.98,264.12,308.86,41.46,late
1022,77,2023-04-08,2023-04-08,572.98,572.98,356.19,216.79,0.0,paid
1023,78,2022-05-14,2022-05-15,2392.19,2392.19,1391.29,1000.9,31.24,late
1024,78,2022-06-13,2022-06-13,2392.19,2392.19,1282.08,1110.11,0.0,paid
1025,78,2022-07-13,,2392.19,,,,20.11,missed
1026,78,2022-08-12,2022-08-20,2392.19,2392.19,1176.98,1215.21,49.19,late
1027,78,2022-09-11,2022-09-11,2392.19,2392.19,1312.77,1079.42,0.0,on_time
1028,78,2022-10-11,2022-10-11,2392.19,2392.19,1835.22,556.97,0.0,on_time
1029,78,2022-11-10,2022-11-28,2392.19,2392.19,1767.03,625.16,43.27,late
1030,79,2022-01-05,2022-01-05,751.43,751.43,586.36,165.07,0.0,paid
1031,79,2022-02-04,2022-02-04,751.43,751.43,487.09,264.34,0.0,paid
1032,79,2022-03-06,,751.43,,,,49.05,missed
1033,79,2022-04-05,2022-04-05,751.43,751.43,500.68,250.75,0.0,on_time
1034,79,2022-05-05,2022-05-05,751.43,751.43,532.05,219.38,0.0,paid
1035,79,2022-06-04,2022-06-04,751.43,751.43,392.49,358.94,0.0,on_time
1036,79,2022-07-04,2022-07-04,751.43,751.43,519.73,231.7,0.0,paid
1037,79,2022-08-03,2022-08-03,751.43,751.43,378.81,372.62,0.0,paid
1038,79,2022-09-02,2022-09-02,751.43,751.43,509.2,242.23,0.0,on_time
1039,79,2022-10-02,2022-10-02,751.43,751.43,409.81,341.62,0.0,on_time
1040,79,2022-11-01,2022-11-01,751.43,751.43,345.43,406.0,0.0,paid
1041,79,2022-12-01,2022-12-01,751.43,751.43,405.13,346.3,0.0,on_time
1042,79,2022-12-31,,751.43,,,,42.96,missed
1043,79,2023-01-30,2023-02-01,751.43,751.43,351.81,399.62,74.3,late
1044,79,2023-03-01,2023-03-01,751.43,751.43,571.15,180.28,0.0,paid
1045,79,2023-03-31,2023-03-31,751.43,751.43,571.1,180.33,0.0,paid
1046,79,2023-04-30,2023-04-30,751.43,751.43,437.21,314.22,0.0,on_time
1047,80,2024-12-15,2024-12-15,397.02,397.02,196.76,200.26,0.0,paid
1048,80,2025-01-14,2025-01-24,397.02,397.02,246.74,150.28,45.21,late
1049,80,2025-02-13,2025-02-13,397.02,397.02,297.68,99.34,0.0,on_time
1050,80,2025-03-15,2025-04-02,397.02,397.02,274.53,122.49,36.51,late
1051,80,2025-04-14,2025-04-14,397.02,397.02,238.74,158.28,0.0,on_time
1052,80,2025-05-14,,397.02,,,,61.87,missed
1053,80,2025-06-13,,397.02,,,,19.69,missed
1054,80,2025-07-13,2025-07-13,397.02,397.02,315.81,81.21,0.0,on_time
1055,80,2025-08-12,,397.02,,,,62.98,missed
1056,80,2025-09-11,2025-09-11,397.02,397.02,210.91,186.11,0.0,paid
1057,80,2025-10-11,2025-10-11,397.02,397.02,235.41,161.61,0.0,on_time
1058,80,2025-11-10,2025-11-10,397.02,397.02,241.0,156.02,0.0,on_time
1059,80,2025-12-10,2025-12-18,397.02,397.02,209.67,187.35,70.39,late
1060,80,2026-01-09,2026-01-09,397.02,397.02,294.2,102.82,0.0,paid
1061,80,2026-02-08,2026-02-08,397.02,397.02,307.18,89.84,0.0,paid
1062,80,2026-03-10,2026-03-10,397.02,397.02,233.39,163.63,0.0,on_time
1063,80,2026-04-09,2026-04-09,397.02,397.02,289.37,107.65,0.0,paid
1064,80,2026-05-09,2026-05-09,397.02,397.02,279.39,117.63,0.0,paid
1065,81,2018-04-05,2018-04-05,875.34,875.34,439.39,435.95,0.0,on_time
1066,81,2018-05-05,2018-05-05,875.34,875.34,658.41,216.93,0.0,on_time
1067,81,2018-06-04,2018-06-04,875.34,875.34,529.07,346.27,0.0,paid
1068,81,2018-07-04,2018-07-04,875.34,875.34,650.04,225.3,0.0,on_time
1069,81,2018-08-03,2018-08-03,875.34,875.34,693.43,181.91,0.0,paid
1070,81,2018-09-02,2018-09-02,875.34,875.34,692.7,182.64,0.0,paid
1071,81,2018-10-02,2018-10-04,875.34,875.34,609.02,266.32,35.99,late
1072,81,2018-11-01,2018-11-01,875.34,875.34,544.13,331.21,0.0,on_time
1073,81,2018-12-01,2018-12-01,875.34,875.34,393.38,481.96,0.0,on_time
1074,81,2018-12-31,2018-12-31,875.34,875.34,456.29,419.05,0.0,paid
1075,81,2019-01-30,2019-01-30,875.34,875.34,377.28,498.06,0.0,paid
1076,81,2019-03-01,2019-03-01,875.34,875.34,440.46,434.88,0.0,paid
1077,81,2019-03-31,2019-03-31,875.34,875.34,545.17,330.17,0.0,on_time
1078,82,2016-10-07,2016-10-07,3256.47,3256.47,1470.28,1786.19,0.0,paid
1079,82,2016-11-06,2016-11-06,3256.47,3256.47,2028.26,1228.21,0.0,on_time
1080,82,2016-12-06,2016-12-08,3256.47,3256.47,2304.93,951.54,22.22,late
1081,82,2017-01-05,2017-01-05,3256.47,3256.47,1327.7,1928.77,0.0,on_time
1082,82,2017-02-04,2017-02-04,3256.47,3256.47,1743.16,1513.31,0.0,on_time
1083,82,2017-03-06,2017-03-06,3256.47,3256.47,1843.18,1413.29,0.0,paid
1084,82,2017-04-05,2017-04-05,3256.47,3256.47,2409.37,847.1,0.0,on_time
1085,82,2017-05-05,2017-05-05,3256.47,3256.47,1780.66,1475.81,0.0,paid
1086,82,2017-06-04,2017-06-04,3256.47,3256.47,2156.97,1099.5,0.0,paid
1087,82,2017-07-04,2017-07-04,3256.47,3256.47,1813.68,1442.79,0.0,on_time
1088,82,2017-08-03,2017-08-14,3256.47,3256.47,2235.34,1021.13,68.8,late
1089,82,2017-09-02,2017-09-02,3256.47,3256.47,2079.85,1176.62,0.0,paid
1090,82,2017-10-02,2017-10-02,3256.47,3256.47,1907.34,1349.13,0.0,paid
1091,82,2017-11-01,2017-11-01,3256.47,3256.47,1684.15,1572.32,0.0,on_time
1092,82,2017-12-01,2017-12-01,3256.47,3256.47,2575.04,681.43,0.0,paid
1093,82,2017-12-31,2018-01-03,3256.47,3256.47,1303.59,1952.88,57.27,late
1094,83,2020-01-11,,595.73,,,,46.85,missed
1095,83,2020-02-10,2020-02-10,595.73,595.73,457.64,138.09,0.0,paid
1096,83,2020-03-11,2020-03-11,595.73,595.73,266.02,329.71,0.0,on_time
1097,83,2020-04-10,,595.73,,,,47.49,missed
1098,83,2020-05-10,,595.73,,,,74.16,missed
1099,83,2020-06-09,2020-06-09,595.73,595.73,304.63,291.1,0.0,paid
1100,83,2020-07-09,,595.73,,,,51.07,missed
1101,83,2020-08-08,2020-08-08,595.73,595.73,295.13,300.6,0.0,on_time
1102,83,2020-09-07,2020-09-07,595.73,595.73,327.54,268.19,0.0,on_time
1103,83,2020-10-07,2020-10-07,595.73,595.73,408.35,187.38,0.0,paid
1104,83,2020-11-06,2020-11-06,595.73,595.73,444.79,150.94,0.0,paid
1105,83,2020-12-06,,595.73,,,,31.92,missed
1106,83,2021-01-05,2021-01-05,595.73,595.73,319.59,276.14,0.0,on_time
1107,83,2021-02-04,2021-02-04,595.73,595.73,458.83,136.9,0.0,paid
1108,83,2021-03-06,2021-03-06,595.73,595.73,439.71,156.02,0.0,on_time
1109,83,2021-04-05,2021-04-05,595.73,595.73,313.22,282.51,0.0,on_time
1110,83,2021-05-05,2021-05-05,595.73,595.73,282.15,313.58,0.0,paid
1111,83,2021-06-04,2021-06-04,595.73,595.73,470.85,124.88,0.0,on_time
1112,83,2021-07-04,2021-07-04,595.73,595.73,271.3,324.43,0.0,paid
1113,84,2022-05-30,2022-05-30,1240.17,1240.17,823.92,416.25,0.0,paid
1114,84,2022-06-29,2022-06-29,1240.17,1240.17,967.45,272.72,0.0,paid
1115,84,2022-07-29,2022-07-29,1240.17,1240.17,548.92,691.25,0.0,paid
1116,84,2022-08-28,2022-09-07,1240.17,1240.17,991.7,248.47,18.9,late
1117,84,2022-09-27,2022-09-27,1240.17,1240.17,548.26,691.91,0.0,paid
1118,84,2022-10-27,2022-10-27,1240.17,1240.17,750.3,489.87,0.0,on_time
1119,84,2022-11-26,2022-11-26,1240.17,1240.17,923.67,316.5,0.0,paid
1120,84,2022-12-26,2022-12-26,1240.17,1240.17,637.82,602.35,0.0,paid
1121,84,2023-01-25,2023-01-25,1240.17,1240.17,748.79,491.38,0.0,on_time
1122,84,2023-02-24,2023-02-24,1240.17,1240.17,501.37,738.8,0.0,on_time
1123,84,2023-03-26,2023-03-27,1240.17,1240.17,833.92,406.25,72.8,late
1124,84,2023-04-25,,1240.17,,,,31.88,missed
1125,84,2023-05-25,2023-05-25,1240.17,1240.17,839.75,400.42,0.0,on_time
1126,84,2023-06-24,2023-06-24,1240.17,1240.17,903.02,337.15,0.0,paid
1127,84,2023-07-24,2023-07-24,1240.17,1240.17,563.16,677.01,0.0,paid
1128,84,2023-08-23,2023-08-23,1240.17,1240.17,828.94,411.23,0.0,paid
1129,84,2023-09-22,2023-09-30,1240.17,1240.17,731.56,508.61,67.67,late
1130,84,2023-10-22,2023-10-23,1240.17,1240.17,884.17,356.0,33.9,late
1131,84,2023-11-21,2023-12-06,1240.17,1240.17,753.45,486.72,24.86,late
1132,84,2023-12-21,2024-01-09,1240.17,1240.17,986.02,254.15,48.67,late
1133,85,2017-07-10,2017-07-10,239.36,239.36,190.08,49.28,0.0,paid
1134,85,2017-08-09,2017-08-09,239.36,239.36,100.46,138.9,0.0,on_time
1135,85,2017-09-08,2017-09-08,239.36,239.36,135.9,103.46,0.0,paid
1136,85,2017-10-08,2017-10-08,239.36,239.36,107.39,131.97,0.0,paid
1137,85,2017-11-07,2017-11-07,239.36,239.36,117.33,122.03,0.0,on_time
1138,85,2017-12-07,2017-12-07,239.36,239.36,180.96,58.4,0.0,on_time
1139,85,2018-01-06,2018-01-06,239.36,239.36,140.18,99.18,0.0,paid
1140,85,2018-02-05,2018-02-05,239.36,239.36,165.4,73.96,0.0,on_time
1141,85,2018-03-07,2018-03-07,239.36,239.36,136.66,102.7,0.0,paid
1142,85,2018-04-06,2018-04-06,239.36,239.36,96.56,142.8,0.0,paid
1143,85,2018-05-06,2018-05-15,239.36,239.36,125.85,113.51,58.64,late
1144,85,2018-06-05,2018-06-05,239.36,239.36,164.41,74.95,0.0,on_time
1145,85,2018-07-05,2018-07-05,239.36,239.36,122.78,116.58,0.0,on_time
1146,85,2018-08-04,2018-08-20,239.36,239.36,104.14,135.22,17.03,late
1147,85,2018-09-03,2018-09-03,239.36,239.36,106.78,132.58,0.0,paid
1148,85,2018-10-03,2018-10-23,239.36,239.36,105.3,134.06,70.5,late
1149,85,2018-11-02,2018-11-14,239.36,239.36,162.99,76.37,28.92,late
1150,85,2018-12-02,2018-12-02,239.36,239.36,108.37,130.99,0.0,paid
1151,85,2019-01-01,2019-01-01,239.36,239.36,152.4,86.96,0.0,on_time
1152,85,2019-01-31,2019-01-31,239.36,239.36,163.11,76.25,0.0,on_time
1153,85,2019-03-02,2019-03-02,239.36,239.36,129.96,109.4,0.0,paid
1154,85,2019-04-01,2019-04-01,239.36,239.36,151.36,88.0,0.0,on_time
1155,85,2019-05-01,2019-05-01,239.36,239.36,116.76,122.6,0.0,on_time
1156,86,2016-12-20,2016-12-20,1389.19,1389.19,1011.6,377.59,0.0,on_time
1157,86,2017-01-19,2017-01-19,1389.19,1389.19,847.62,541.57,0.0,on_time
1158,86,2017-02-18,2017-02-18,1389.19,1389.19,858.82,530.37,0.0,paid
1159,86,2017-03-20,2017-03-20,1389.19,1389.19,672.37,716.82,0.0,on_time
1160,86,2017-04-19,2017-04-19,1389.19,1389.19,849.16,540.03,0.0,on_time
1161,86,2017-05-19,2017-05-19,1389.19,1389.19,955.29,433.9,0.0,on_time
1162,86,2017-06-18,2017-06-18,1389.19,1389.19,1026.26,362.93,0.0,paid
1163,86,2017-07-18,2017-07-18,1389.19,1389.19,576.09,813.1,0.0,paid
1164,86,2017-08-17,2017-08-17,1389.19,1389.19,1052.55,336.64,0.0,paid
1165,86,2017-09-16,2017-09-16,1389.19,1389.19,578.11,811.08,0.0,on_time
1166,86,2017-10-16,2017-10-16,1389.19,1389.19,955.9,433.29,0.0,paid
1167,86,2017-11-15,2017-11-15,1389.19,1389.19,889.68,499.51,0.0,on_time
1168,86,2017-12-15,2017-12-17,1389.19,1389.19,599.39,789.8,17.45,late
1169,86,2018-01-14,2018-01-14,1389.19,1389.19,720.41,668.78,0.0,on_time
1170,86,2018-02-13,2018-02-13,1389.19,1389.19,665.59,723.6,0.0,paid
1171,87,2016-03-31,2016-03-31,1197.66,1197.66,909.47,288.19,0.0,on_time
1172,87,2016-04-30,2016-04-30,1197.66,1197.66,662.52,535.14,0.0,paid
1173,87,2016-05-30,,1197.66,,,,51.58,missed
1174,87,2016-06-29,2016-06-29,1197.66,1197.66,723.96,473.7,0.0,paid
1175,87,2016-07-29,2016-07-29,1197.66,1197.66,777.55,420.11,0.0,on_time
1176,87,2016-08-28,2016-08-28,1197.66,1197.66,534.81,662.85,0.0,on_time
1177,87,2016-09-27,2016-09-27,1197.66,1197.66,667.43,530.23,0.0,paid
1178,87,2016-10-27,2016-10-27,1197.66,1197.66,522.28,675.38,0.0,on_time
1179,88,2016-07-18,2016-07-18,404.33,404.33,278.39,125.94,0.0,paid
1180,88,2016-08-17,2016-08-28,404.33,404.33,276.81,127.52,45.88,late
1181,88,2016-09-16,2016-10-06,404.33,404.33,194.34,209.99,74.15,late
1182,88,2016-10-16,2016-11-05,404.33,404.33,256.94,147.39,62.96,late
1183,88,2016-11-15,2016-11-15,404.33,404.33,240.62,163.71,0.0,paid
1184,88,2016-12-15,2016-12-15,404.33,404.33,262.29,142.04,0.0,on_time
1185,88,2017-01-14,2017-01-14,404.33,404.33,282.73,121.6,0.0,on_time
1186,88,2017-02-13,2017-02-13,404.33,404.33,195.44,208.89,0.0,on_time
1187,88,2017-03-15,,404.33,,,,58.35,missed
1188,88,2017-04-14,2017-04-14,404.33,404.33,175.49,228.84,0.0,on_time
1189,88,2017-05-14,2017-05-22,404.33,404.33,194.26,210.07,70.46,late
1190,88,2017-06-13,2017-06-20,404.33,404.33,205.94,198.39,38.02,late
1191,89,2017-02-07,2017-02-07,1549.66,1549.66,908.65,641.01,0.0,on_time
1192,89,2017-03-09,2017-03-24,1549.66,1549.66,979.1,570.56,65.55,late
1193,89,2017-04-08,2017-04-08,1549.66,1549.66,1096.88,452.78,0.0,paid
1194,89,2017-05-08,,1549.66,,,,46.01,missed
1195,89,2017-06-07,2017-06-07,1549.66,1549.66,1104.02,445.64,0.0,paid
1196,89,2017-07-07,,1549.66,,,,67.97,missed
1197,89,2017-08-06,2017-08-06,1549.66,1549.66,776.33,773.33,0.0,on_time
1198,89,2017-09-05,2017-09-05,1549.66,1549.66,694.1,855.56,0.0,paid
1199,89,2017-10-05,,1549.66,,,,52.62,missed
1200,89,2017-11-04,2017-11-04,1549.66,1549.66,1190.89,358.77,0.0,paid
1201,89,2017-12-04,2017-12-19,1549.66,1549.66,801.36,748.3,64.59,late
1202,90,2018-05-04,2018-05-16,809.23,809.23,389.91,419.32,27.07,late
1203,90,2018-06-03,2018-06-07,809.23,809.23,351.94,457.29,44.47,late
1204,90,2018-07-03,2018-07-03,809.23,809.23,347.21,462.02,0.0,paid
1205,91,2020-06-17,2020-06-17,443.06,443.06,340.11,102.95,0.0,on_time
1206,91,2020-07-17,2020-07-17,443.06,443.06,270.37,172.69,0.0,on_time
1207,91,2020-08-16,2020-08-16,443.06,443.06,319.48,123.58,0.0,on_time
1208,91,2020-09-15,2020-09-15,443.06,443.06,236.81,206.25,0.0,paid
1209,91,2020-10-15,2020-10-28,443.06,443.06,350.91,92.15,44.95,late
1210,91,2020-11-14,2020-11-24,443.06,443.06,325.59,117.47,17.42,late
1211,91,2020-12-14,2020-12-14,443.06,443.06,285.65,157.41,0.0,on_time
1212,91,2021-01-13,2021-01-13,443.06,443.06,338.03,105.03,0.0,on_time
1213,91,2021-02-12,,443.06,,,,20.57,missed
1214,91,2021-03-14,2021-03-14,443.06,443.06,287.38,155.68,0.0,paid
1215,91,2021-04-13,2021-04-13,443.06,443.06,307.24,135.82,0.0,paid
1216,91,2021-05-13,2021-05-13,443.06,443.06,251.89,191.17,0.0,paid
1217,91,2021-06-12,2021-06-12,443.06,443.06,268.91,174.15,0.0,on_time
1218,91,2021-07-12,2021-07-12,443.06,443.06,298.24,144.82,0.0,paid
1219,91,2021-08-11,2021-08-11,443.06,443.06,178.65,264.41,0.0,on_time
1220,91,2021-09-10,2021-09-10,443.06,443.06,335.86,107.2,0.0,paid
1221,91,2021-10-10,2021-10-10,443.06,443.06,350.01,93.05,0.0,paid
1222,92,2019-06-01,2019-06-01,629.96,629.96,417.57,212.39,0.0,on_time
1223,92,2019-07-01,2019-07-01,629.96,629.96,348.41,281.55,0.0,paid
1224,92,2019-07-31,2019-07-31,629.96,629.96,439.68,190.28,0.0,on_time
1225,92,2019-08-30,2019-09-18,629.96,629.96,295.63,334.33,32.4,late
1226,92,2019-09-29,2019-09-29,629.96,629.96,434.0,195.96,0.0,on_time
1227,92,2019-10-29,2019-10-29,629.96,629.96,379.29,250.67,0.0,on_time
1228,93,2023-05-23,2023-05-23,330.97,330.97,249.65,81.32,0.0,paid
1229,93,2023-06-22,2023-06-22,330.97,330.97,246.92,84.05,0.0,paid
1230,93,2023-07-22,2023-07-22,330.97,330.97,233.74,97.23,0.0,paid
1231,93,2023-08-21,2023-08-21,330.97,330.97,236.48,94.49,0.0,on_time
1232,93,2023-09-20,2023-09-20,330.97,330.97,212.08,118.89,0.0,on_time
1233,94,2019-09-08,2019-09-26,855.86,855.86,681.59,174.27,71.94,late
1234,94,2019-10-08,2019-10-08,855.86,855.86,615.76,240.1,0.0,paid
1235,94,2019-11-07,2019-11-07,855.86,855.86,501.42,354.44,0.0,on_time
1236,94,2019-12-07,2019-12-15,855.86,855.86,512.05,343.81,69.46,late
1237,94,2020-01-06,2020-01-06,855.86,855.86,675.31,180.55,0.0,paid
1238,94,2020-02-05,2020-02-05,855.86,855.86,612.0,243.86,0.0,paid
1239,94,2020-03-06,2020-03-16,855.86,855.86,629.57,226.29,54.57,late
1240,94,2020-04-05,2020-04-05,855.86,855.86,469.95,385.91,0.0,paid
1241,94,2020-05-05,,855.86,,,,15.69,missed
1242,94,2020-06-04,2020-06-21,855.86,855.86,408.26,447.6,62.85,late
1243,94,2020-07-04,,855.86,,,,71.85,missed
1244,94,2020-08-03,2020-08-18,855.86,855.86,403.63,452.23,66.96,late
1245,94,2020-09-02,2020-09-02,855.86,855.86,582.24,273.62,0.0,on_time
1246,94,2020-10-02,2020-10-02,855.86,855.86,462.33,393.53,0.0,paid
1247,94,2020-11-01,2020-11-01,855.86,855.86,463.27,392.59,0.0,paid
1248,94,2020-12-01,2020-12-01,855.86,855.86,657.17,198.69,0.0,paid
1249,94,2020-12-31,2021-01-20,855.86,855.86,482.56,373.3,36.26,late
1250,94,2021-01-30,2021-01-31,855.86,855.86,488.1,367.76,57.44,late
1251,95,2016-07-21,2016-07-30,223.39,223.39,137.62,85.77,55.24,late
1252,95,2016-08-20,2016-08-20,223.39,223.39,101.23,122.16,0.0,paid
1253,95,2016-09-19,2016-09-19,223.39,223.39,163.06,60.33,0.0,on_time
1254,95,2016-10-19,2016-10-19,223.39,223.39,136.97,86.42,0.0,paid
1255,95,2016-11-18,2016-11-18,223.39,223.39,138.93,84.46,0.0,on_time
1256,95,2016-12-18,2016-12-24,223.39,223.39,174.06,49.33,64.55,late
1257,95,2017-01-17,2017-01-17,223.39,223.39,147.67,75.72,0.0,paid
1258,95,2017-02-16,2017-02-16,223.39,223.39,144.92,78.47,0.0,paid
1259,95,2017-03-18,,223.39,,,,17.19,missed
1260,95,2017-04-17,2017-05-02,223.39,223.39,100.4,122.99,30.72,late
1261,95,2017-05-17,2017-05-17,223.39,223.39,150.51,72.88,0.0,on_time
1262,95,2017-06-16,2017-06-29,223.39,223.39,170.86,52.53,39.17,late
1263,95,2017-07-16,2017-07-16,223.39,223.39,89.65,133.74,0.0,on_time
1264,95,2017-08-15,2017-08-15,223.39,223.39,104.29,119.1,0.0,paid
1265,95,2017-09-14,2017-10-01,223.39,223.39,174.88,48.51,15.43,late
1266,95,2017-10-14,2017-10-14,223.39,223.39,100.01,123.38,0.0,on_time
1267,95,2017-11-13,2017-11-24,223.39,223.39,131.96,91.43,44.96,late
1268,95,2017-12-13,2017-12-13,223.39,223.39,99.22,124.17,0.0,on_time
1269,95,2018-01-12,2018-01-12,223.39,223.39,122.49,100.9,0.0,on_time
1270,96,2017-08-12,2017-08-12,435.91,435.91,230.36,205.55,0.0,paid
1271,96,2017-09-11,2017-09-11,435.91,435.91,333.33,102.58,0.0,on_time
1272,96,2017-10-11,2017-10-11,435.91,435.91,187.77,248.14,0.0,on_time
1273,96,2017-11-10,2017-11-10,435.91,435.91,327.2,108.71,0.0,on_time
1274,96,2017-12-10,2017-12-10,435.91,435.91,223.72,212.19,0.0,paid
1275,96,2018-01-09,2018-01-09,435.91,435.91,321.81,114.1,0.0,on_time
1276,96,2018-02-08,2018-02-08,435.91,435.91,188.29,247.62,0.0,on_time
1277,96,2018-03-10,2018-03-10,435.91,435.91,191.22,244.69,0.0,on_time
1278,96,2018-04-09,2018-04-09,435.91,435.91,208.98,226.93,0.0,on_time
1279,96,2018-05-09,2018-05-09,435.91,435.91,298.16,137.75,0.0,on_time
1280,97,2023-06-29,2023-07-16,466.34,466.34,257.78,208.56,37.63,late
1281,97,2023-07-29,2023-08-01,466.34,466.34,326.26,140.08,50.58,late
1282,97,2023-08-28,2023-08-28,466.34,466.34,292.14,174.2,0.0,paid
1283,97,2023-09-27,2023-10-07,466.34,466.34,315.75,150.59,74.05,late
1284,97,2023-10-27,,466.34,,,,42.41,missed
1285,97,2023-11-26,2023-11-26,466.34,466.34,304.24,162.1,0.0,on_time
1286,97,2023-12-26,2023-12-26,466.34,466.34,273.27,193.07,0.0,paid
1287,97,2024-01-25,2024-01-25,466.34,466.34,331.64,134.7,0.0,paid
1288,97,2024-02-24,2024-02-24,466.34,466.34,225.4,240.94,0.0,paid
1289,97,2024-03-25,2024-03-25,466.34,466.34,288.06,178.28,0.0,paid
1290,97,2024-04-24,2024-04-24,466.34,466.34,280.36,185.98,0.0,on_time
1291,97,2024-05-24,2024-06-09,466.34,466.34,221.52,244.82,66.88,late
1292,97,2024-06-23,2024-06-23,466.34,466.34,259.43,206.91,0.0,paid
1293,97,2024-07-23,2024-07-23,466.34,466.34,356.04,110.3,0.0,on_time
1294,97,2024-08-22,2024-08-22,466.34,466.34,282.99,183.35,0.0,on_time
1295,97,2024-09-21,,466.34,,,,50.4,missed
1296,97,2024-10-21,2024-10-21,466.34,466.34,364.74,101.6,0.0,on_time
1297,97,2024-11-20,2024-11-20,466.34,466.34,277.74,188.6,0.0,on_time
1298,97,2024-12-20,2024-12-20,466.34,466.34,259.23,207.11,0.0,on_time
1299,97,2025-01-19,,466.34,,,,56.31,missed
1300,97,2025-02-18,2025-02-18,466.34,466.34,254.65,211.69,0.0,on_time
1301,97,2025-03-20,2025-03-26,466.34,466.34,280.78,185.56,70.13,late
1302,97,2025-04-19,,466.34,,,,69.49,missed
1303,98,2017-07-05,2017-07-05,58.41,58.41,32.58,25.83,0.0,paid
1304,98,2017-08-04,,58.41,,,,22.78,missed
1305,98,2017-09-03,2017-09-03,58.41,58.41,23.87,34.54,0.0,on_time
1306,98,2017-10-03,2017-10-03,58.41,58.41,40.42,17.99,0.0,paid
1307,98,2017-11-02,2017-11-02,58.41,58.41,34.87,23.54,0.0,paid
1308,99,2021-07-03,,2869.19,,,,19.53,missed
1309,99,2021-08-02,2021-08-02,2869.19,2869.19,2268.48,600.71,0.0,paid
1310,99,2021-09-01,2021-09-13,2869.19,2869.19,1304.72,1564.47,31.41,late
1311,99,2021-10-01,2021-10-01,2869.19,2869.19,1944.81,924.38,0.0,paid
1312,99,2021-10-31,2021-10-31,2869.19,2869.19,2283.45,585.74,0.0,paid
1313,99,2021-11-30,2021-11-30,2869.19,2869.19,1379.24,1489.95,0.0,paid
1314,99,2021-12-30,2021-12-30,2869.19,2869.19,1637.89,1231.3,0.0,paid
1315,99,2022-01-29,2022-01-29,2869.19,2869.19,1378.54,1490.65,0.0,on_time
1316,99,2022-02-28,2022-02-28,2869.19,2869.19,1414.17,1455.02,0.0,on_time
1317,99,2022-03-30,2022-03-30,2869.19,2869.19,2098.4,770.79,0.0,paid
1318,99,2022-04-29,2022-04-29,2869.19,2869.19,1770.47,1098.72,0.0,paid
1319,99,2022-05-29,2022-05-29,2869.19,2869.19,1217.02,1652.17,0.0,paid
1320,99,2022-06-28,2022-06-28,2869.19,2869.19,1205.52,1663.67,0.0,paid
1321,99,2022-07-28,2022-08-13,2869.19,2869.19,1244.99,1624.2,16.72,late
1322,100,2018-08-21,2018-08-21,316.8,316.8,164.4,152.4,0.0,paid
1323,100,2018-09-20,2018-09-20,316.8,316.8,159.72,157.08,0.0,paid
1324,100,2018-10-20,,316.8,,,,38.1,missed
1325,101,2018-05-19,2018-05-19,413.82,413.82,191.92,221.9,0.0,paid
1326,101,2018-06-18,2018-06-18,413.82,413.82,292.98,120.84,0.0,on_time
1327,101,2018-07-18,2018-07-18,413.82,413.82,301.04,112.78,0.0,paid
1328,101,2018-08-17,2018-08-17,413.82,413.82,190.63,223.19,0.0,on_time
1329,101,2018-09-16,2018-09-16,413.82,413.82,264.16,149.66,0.0,paid
1330,101,2018-10-16,2018-10-16,413.82,413.82,243.56,170.26,0.0,paid
1331,101,2018-11-15,2018-11-15,413.82,413.82,321.35,92.47,0.0,paid
1332,101,2018-12-15,2019-01-04,413.82,413.82,294.5,119.32,43.37,late
1333,101,2019-01-14,2019-01-14,413.82,413.82,296.08,117.74,0.0,on_time
1334,101,2019-02-13,2019-02-13,413.82,413.82,230.47,183.35,0.0,on_time
1335,101,2019-03-15,2019-03-15,413.82,413.82,193.36,220.46,0.0,paid
1336,102,2022-04-28,2022-04-28,195.69,195.69,100.79,94.9,0.0,on_time
1337,102,2022-05-28,2022-05-28,195.69,195.69,102.56,93.13,0.0,paid
1338,102,2022-06-27,2022-06-27,195.69,195.69,115.03,80.66,0.0,on_time
1339,102,2022-07-27,,195.69,,,,67.02,missed
1340,102,2022-08-26,2022-08-26,195.69,195.69,115.78,79.91,0.0,paid
1341,103,2023-12-13,2023-12-22,195.44,195.44,80.22,115.22,52.47,late
1342,103,2024-01-12,,195.44,,,,16.42,missed
1343,103,2024-02-11,,195.44,,,,66.27,missed
1344,104,2022-10-06,2022-10-06,570.04,570.04,245.47,324.57,0.0,on_time
1345,104,2022-11-05,2022-11-05,570.04,570.04,232.75,337.29,0.0,on_time
1346,104,2022-12-05,2022-12-05,570.04,570.04,259.33,310.71,0.0,on_time
1347,104,2023-01-04,2023-01-07,570.04,570.04,295.24,274.8,58.6,late
1348,104,2023-02-03,,570.04,,,,61.4,missed
1349,104,2023-03-05,2023-03-05,570.04,570.04,301.46,268.58,0.0,paid
1350,104,2023-04-04,2023-04-04,570.04,570.04,368.05,201.99,0.0,on_time
1351,104,2023-05-04,2023-05-04,570.04,570.04,379.51,190.53,0.0,paid
1352,105,2023-01-04,2023-01-21,657.85,657.85,308.14,349.71,36.89,late
1353,105,2023-02-03,2023-02-03,657.85,657.85,294.03,363.82,0.0,on_time
1354,105,2023-03-05,2023-03-05,657.85,657.85,416.51,241.34,0.0,paid
1355,105,2023-04-04,2023-04-04,657.85,657.85,453.55,204.3,0.0,on_time
1356,105,2023-05-04,2023-05-08,657.85,657.85,443.89,213.96,57.39,late
1357,105,2023-06-03,2023-06-03,657.85,657.85,389.65,268.2,0.0,paid
1358,105,2023-07-03,2023-07-03,657.85,657.85,479.72,178.13,0.0,paid
1359,105,2023-08-02,2023-08-05,657.85,657.85,398.8,259.05,60.29,late
1360,105,2023-09-01,2023-09-01,657.85,657.85,453.77,204.08,0.0,on_time
1361,105,2023-10-01,2023-10-01,657.85,657.85,438.37,219.48,0.0,paid
1362,105,2023-10-31,2023-11-11,657.85,657.85,293.0,364.85,44.82,late
1363,105,2023-11-30,2023-12-09,657.85,657.85,270.92,386.93,34.7,late
1364,105,2023-12-30,2023-12-30,657.85,657.85,363.08,294.77,0.0,on_time
1365,105,2024-01-29,2024-01-29,657.85,657.85,318.49,339.36,0.0,paid
1366,105,2024-02-28,2024-02-28,657.85,657.85,509.32,148.53,0.0,on_time
1367,105,2024-03-29,2024-03-29,657.85,657.85,516.16,141.69,0.0,on_time
1368,105,2024-04-28,2024-04-28,657.85,657.85,489.93,167.92,0.0,on_time
1369,106,2021-07-03,2021-07-03,443.44,443.44,264.45,178.99,0.0,on_time
1370,106,2021-08-02,2021-08-02,443.44,443.44,326.91,116.53,0.0,on_time
1371,106,2021-09-01,2021-09-03,443.44,443.44,291.69,151.75,72.6,late
1372,106,2021-10-01,2021-10-01,443.44,443.44,200.2,243.24,0.0,on_time
1373,106,2021-10-31,2021-10-31,443.44,443.44,311.64,131.8,0.0,paid
1374,106,2021-11-30,2021-12-12,443.44,443.44,232.75,210.69,34.08,late
1375,107,2020-03-15,2020-03-25,654.97,654.97,464.13,190.84,62.48,late
1376,107,2020-04-14,2020-04-14,654.97,654.97,361.52,293.45,0.0,paid
1377,107,2020-05-14,2020-05-14,654.97,654.97,354.03,300.94,0.0,paid
1378,108,2018-01-20,2018-01-20,1877.17,1877.17,1308.63,568.54,0.0,on_time
1379,108,2018-02-19,2018-02-19,1877.17,1877.17,886.35,990.82,0.0,on_time
1380,108,2018-03-21,2018-03-21,1877.17,1877.17,1235.34,641.83,0.0,on_time
1381,108,2018-04-20,2018-04-20,1877.17,1877.17,846.47,1030.7,0.0,on_time
1382,108,2018-05-20,2018-05-28,1877.17,1877.17,1033.23,843.94,73.09,late
1383,108,2018-06-19,2018-06-19,1877.17,1877.17,1120.95,756.22,0.0,paid
1384,108,2018-07-19,2018-07-25,1877.17,1877.17,1018.77,858.4,69.07,late
1385,109,2019-04-16,2019-04-16,2759.84,2759.84,1886.78,873.06,0.0,paid
1386,109,2019-05-16,2019-05-16,2759.84,2759.84,2189.77,570.07,0.0,paid
1387,109,2019-06-15,2019-06-15,2759.84,2759.84,1607.95,1151.89,0.0,paid
1388,109,2019-07-15,2019-07-15,2759.84,2759.84,1673.87,1085.97,0.0,paid
1389,109,2019-08-14,2019-08-14,2759.84,2759.84,1190.43,1569.41,0.0,paid
1390,109,2019-09-13,2019-09-13,2759.84,2759.84,2194.12,565.72,0.0,paid
1391,109,2019-10-13,2019-10-13,2759.84,2759.84,1298.48,1461.36,0.0,on_time
1392,109,2019-11-12,2019-11-12,2759.84,2759.84,1382.2,1377.64,0.0,on_time
1393,109,2019-12-12,2019-12-12,2759.84,2759.84,1223.05,1536.79,0.0,on_time
1394,109,2020-01-11,2020-01-11,2759.84,2759.84,1458.13,1301.71,0.0,on_time
1395,109,2020-02-10,2020-02-10,2759.84,2759.84,1854.28,905.56,0.0,paid
1396,109,2020-03-11,,2759.84,,,,44.59,missed
1397,109,2020-04-10,2020-04-24,2759.84,2759.84,1567.62,1192.22,19.87,late
1398,109,2020-05-10,2020-05-28,2759.84,2759.84,1752.8,1007.04,42.78,late
1399,109,2020-06-09,2020-06-09,2759.84,2759.84,1816.72,943.12,0.0,on_time
1400,109,2020-07-09,2020-07-09,2759.84,2759.84,2115.79,644.05,0.0,paid
1401,109,2020-08-08,2020-08-08,2759.84,2759.84,2088.46,671.38,0.0,on_time
1402,110,2022-11-01,2022-11-01,767.11,767.11,570.56,196.55,0.0,paid
1403,110,2022-12-01,2022-12-01,767.11,767.11,395.55,371.56,0.0,paid
1404,110,2022-12-31,2023-01-01,767.11,767.11,398.78,368.33,52.67,late
1405,110,2023-01-30,2023-01-30,767.11,767.11,464.34,302.77,0.0,on_time
1406,110,2023-03-01,2023-03-01,767.11,767.11,524.24,242.87,0.0,on_time
1407,110,2023-03-31,2023-03-31,767.11,767.11,575.13,191.98,0.0,on_time
1408,110,2023-04-30,2023-04-30,767.11,767.11,366.85,400.26,0.0,paid
1409,111,2019-02-09,2019-02-09,64.91,64.91,46.53,18.38,0.0,on_time
1410,111,2019-03-11,2019-03-11,64.91,64.91,50.97,13.94,0.0,paid
1411,111,2019-04-10,2019-04-10,64.91,64.91,28.49,36.42,0.0,paid
1412,111,2019-05-10,2019-05-10,64.91,64.91,34.8,30.11,0.0,paid
1413,112,2022-09-13,2022-09-13,1046.72,1046.72,830.1,216.62,0.0,paid
1414,112,2022-10-13,2022-10-13,1046.72,1046.72,557.92,488.8,0.0,paid
1415,112,2022-11-12,2022-11-12,1046.72,1046.72,643.76,402.96,0.0,paid
1416,112,2022-12-12,2022-12-12,1046.72,1046.72,446.49,600.23,0.0,on_time
1417,113,2020-05-31,,325.15,,,,65.35,missed
1418,113,2020-06-30,2020-07-03,325.15,325.15,252.65,72.5,23.25,late
1419,113,2020-07-30,2020-07-30,325.15,325.15,233.57,91.58,0.0,on_time
1420,113,2020-08-29,2020-08-29,325.15,325.15,164.1,161.05,0.0,paid
1421,113,2020-09-28,2020-10-13,325.15,325.15,145.81,179.34,59.55,late
1422,113,2020-10-28,2020-11-02,325.15,325.15,253.4,71.75,28.77,late
1423,113,2020-11-27,2020-11-27,325.15,325.15,164.23,160.92,0.0,paid
1424,113,2020-12-27,2020-12-27,325.15,325.15,180.25,144.9,0.0,on_time
1425,113,2021-01-26,2021-01-26,325.15,325.15,170.28,154.87,0.0,paid
1426,113,2021-02-25,2021-02-25,325.15,325.15,154.8,170.35,0.0,on_time
1427,113,2021-03-27,2021-03-27,325.15,325.15,178.97,146.18,0.0,on_time
1428,113,2021-04-26,2021-04-26,325.15,325.15,136.1,189.05,0.0,on_time
1429,113,2021-05-26,2021-05-26,325.15,325.15,223.56,101.59,0.0,paid
1430,113,2021-06-25,2021-06-25,325.15,325.15,257.14,68.01,0.0,on_time
1431,114,2023-12-14,2023-12-14,596.14,596.14,307.45,288.69,0.0,on_time
1432,114,2024-01-13,2024-01-13,596.14,596.14,280.02,316.12,0.0,on_time
1433,114,2024-02-12,2024-02-12,596.14,596.14,349.42,246.72,0.0,paid
1434,114,2024-03-13,2024-03-13,596.14,596.14,345.26,250.88,0.0,on_time
1435,114,2024-04-12,2024-04-12,596.14,596.14,293.38,302.76,0.0,paid
1436,114,2024-05-12,,596.14,,,,32.73,missed
1437,114,2024-06-11,2024-06-11,596.14,596.14,366.34,229.8,0.0,paid
1438,114,2024-07-11,2024-07-11,596.14,596.14,404.31,191.83,0.0,paid
1439,114,2024-08-10,2024-08-10,596.14,596.14,258.43,337.71,0.0,paid
1440,114,2024-09-09,2024-09-09,596.14,596.14,312.42,283.72,0.0,paid
1441,114,2024-10-09,2024-10-09,596.14,596.14,343.19,252.95,0.0,paid
1442,114,2024-11-08,2024-11-16,596.14,596.14,440.71,155.43,18.88,late
1443,114,2024-12-08,2024-12-19,596.14,596.14,460.18,135.96,64.1,late
1444,114,2025-01-07,2025-01-07,596.14,596.14,420.53,175.61,0.0,paid
1445,114,2025-02-06,2025-02-06,596.14,596.14,248.12,348.02,0.0,on_time
1446,114,2025-03-08,2025-03-08,596.14,596.14,346.33,249.81,0.0,paid
1447,115,2019-08-23,2019-09-12,399.38,399.38,225.77,173.61,39.67,late
1448,115,2019-09-22,2019-09-22,399.38,399.38,203.94,195.44,0.0,on_time
1449,115,2019-10-22,2019-10-22,399.38,399.38,236.94,162.44,0.0,paid
1450,115,2019-11-21,2019-11-21,399.38,399.38,281.78,117.6,0.0,on_time
1451,115,2019-12-21,2019-12-26,399.38,399.38,303.04,96.34,24.71,late
1452,115,2020-01-20,2020-01-20,399.38,399.38,195.13,204.25,0.0,on_time
1453,115,2020-02-19,2020-02-19,399.38,399.38,191.83,207.55,0.0,on_time
1454,115,2020-03-20,2020-03-20,399.38,399.38,258.63,140.75,0.0,paid
1455,115,2020-04-19,2020-04-19,399.38,399.38,186.47,212.91,0.0,paid
1456,115,2020-05-19,2020-05-20,399.38,399.38,266.78,132.6,42.27,late
1457,115,2020-06-18,2020-06-18,399.38,399.38,267.18,132.2,0.0,on_time
1458,115,2020-07-18,2020-07-28,399.38,399.38,287.01,112.37,32.91,late
1459,115,2020-08-17,2020-08-17,399.38,399.38,231.44,167.94,0.0,on_time
1460,115,2020-09-16,2020-09-16,399.38,399.38,294.57,104.81,0.0,on_time
1461,115,2020-10-16,2020-10-16,399.38,399.38,264.37,135.01,0.0,paid
1462,115,2020-11-15,2020-11-15,399.38,399.38,259.51,139.87,0.0,on_time
1463,115,2020-12-15,2020-12-15,399.38,399.38,165.75,233.63,0.0,paid
1464,115,2021-01-14,2021-01-14,399.38,399.38,244.23,155.15,0.0,paid
1465,115,2021-02-13,2021-03-02,399.38,399.38,257.5,141.88,54.75,late
1466,116,2022-08-14,2022-08-14,1026.83,1026.83,619.3,407.53,0.0,paid
1467,116,2022-09-13,,1026.83,,,,21.84,missed
1468,116,2022-10-13,2022-10-13,1026.83,1026.83,699.82,327.01,0.0,paid
1469,116,2022-11-12,2022-11-21,1026.83,1026.83,544.73,482.1,30.11,late
1470,116,2022-12-12,2022-12-12,1026.83,1026.83,805.98,220.85,0.0,on_time
1471,116,2023-01-11,2023-01-11,1026.83,1026.83,814.81,212.02,0.0,on_time
1472,116,2023-02-10,2023-02-10,1026.83,1026.83,654.83,372.0,0.0,on_time
1473,116,2023-03-12,2023-03-12,1026.83,1026.83,666.08,360.75,0.0,on_time
1474,116,2023-04-11,2023-04-26,1026.83,1026.83,817.16,209.67,55.3,late
1475,116,2023-05-11,2023-05-11,1026.83,1026.83,631.68,395.15,0.0,on_time
1476,116,2023-06-10,2023-06-10,1026.83,1026.83,653.93,372.9,0.0,on_time
1477,116,2023-07-10,2023-07-10,1026.83,1026.83,667.98,358.85,0.0,paid
1478,117,2018-07-24,2018-07-24,1091.98,1091.98,647.96,444.02,0.0,on_time
1479,117,2018-08-23,2018-08-23,1091.98,1091.98,706.1,385.88,0.0,on_time
1480,117,2018-09-22,2018-10-12,1091.98,1091.98,745.95,346.03,18.96,late
1481,117,2018-10-22,2018-10-22,1091.98,1091.98,556.82,535.16,0.0,paid
1482,117,2018-11-21,,1091.98,,,,16.92,missed
1483,117,2018-12-21,2018-12-21,1091.98,1091.98,627.03,464.95,0.0,on_time
1484,117,2019-01-20,,1091.98,,,,44.04,missed
1485,117,2019-02-19,2019-02-19,1091.98,1091.98,739.06,352.92,0.0,paid
1486,118,2016-02-19,2016-02-19,292.62,292.62,186.2,106.42,0.0,on_time
1487,118,2016-03-20,2016-03-20,292.62,292.62,210.72,81.9,0.0,paid
1488,118,2016-04-19,2016-04-19,292.62,292.62,221.59,71.03,0.0,paid
1489,118,2016-05-19,2016-05-19,292.62,292.62,219.8,72.82,0.0,paid
1490,118,2016-06-18,2016-06-25,292.62,292.62,177.28,115.34,45.48,late
1491,118,2016-07-18,2016-07-18,292.62,292.62,184.99,107.63,0.0,paid
1492,118,2016-08-17,2016-08-17,292.62,292.62,140.74,151.88,0.0,paid
1493,118,2016-09-16,,292.62,,,,44.74,missed
1494,118,2016-10-16,2016-10-22,292.62,292.62,159.4,133.22,74.57,late
1495,118,2016-11-15,2016-11-15,292.62,292.62,165.71,126.91,0.0,on_time
1496,118,2016-12-15,,292.62,,,,68.44,missed
1497,118,2017-01-14,2017-01-14,292.62,292.62,159.79,132.83,0.0,paid
1498,118,2017-02-13,2017-03-02,292.62,292.62,149.69,142.93,27.12,late
1499,118,2017-03-15,,292.62,,,,35.35,missed
1500,118,2017-04-14,2017-04-14,292.62,292.62,158.31,134.31,0.0,on_time
1501,119,2020-02-05,2020-02-05,165.17,165.17,74.03,91.14,0.0,paid
1502,119,2020-03-06,2020-03-06,165.17,165.17,94.56,70.61,0.0,paid
1503,119,2020-04-05,2020-04-05,165.17,165.17,118.06,47.11,0.0,paid
1504,119,2020-05-05,2020-05-05,165.17,165.17,122.46,42.71,0.0,paid
1505,119,2020-06-04,2020-06-04,165.17,165.17,85.32,79.85,0.0,paid
1506,119,2020-07-04,2020-07-04,165.17,165.17,72.04,93.13,0.0,on_time
1507,119,2020-08-03,2020-08-03,165.17,165.17,74.9,90.27,0.0,paid
1508,119,2020-09-02,2020-09-02,165.17,165.17,102.44,62.73,0.0,paid
1509,119,2020-10-02,2020-10-02,165.17,165.17,127.72,37.45,0.0,paid
1510,119,2020-11-01,2020-11-01,165.17,165.17,101.32,63.85,0.0,paid
1511,119,2020-12-01,2020-12-01,165.17,165.17,109.63,55.54,0.0,paid
1512,119,2020-12-31,2020-12-31,165.17,165.17,109.36,55.81,0.0,paid
1513,120,2023-01-05,2023-01-05,411.65,411.65,183.35,228.3,0.0,paid
1514,120,2023-02-04,2023-02-04,411.65,411.65,287.79,123.86,0.0,paid
1515,120,2023-03-06,2023-03-18,411.65,411.65,281.23,130.42,53.72,late
1516,120,2023-04-05,2023-04-05,411.65,411.65,251.32,160.33,0.0,paid
1517,120,2023-05-05,2023-05-05,411.65,411.65,254.87,156.78,0.0,paid
1518,120,2023-06-04,2023-06-04,411.65,411.65,192.24,219.41,0.0,on_time
1519,120,2023-07-04,2023-07-04,411.65,411.65,173.86,237.79,0.0,on_time
1520,120,2023-08-03,2023-08-06,411.65,411.65,188.78,222.87,69.04,late
1521,120,2023-09-02,2023-09-02,411.65,411.65,256.93,154.72,0.0,paid
1522,120,2023-10-02,2023-10-02,411.65,411.65,227.12,184.53,0.0,on_time
1523,120,2023-11-01,2023-11-01,411.65,411.65,303.62,108.03,0.0,paid
1524,120,2023-12-01,2023-12-01,411.65,411.65,306.06,105.59,0.0,paid
1525,120,2023-12-31,2023-12-31,411.65,411.65,174.14,237.51,0.0,on_time
1526,120,2024-01-30,2024-01-30,411.65,411.65,226.85,184.8,0.0,paid
1527,120,2024-02-29,2024-02-29,411.65,411.65,263.96,147.69,0.0,paid
1528,120,2024-03-30,2024-04-14,411.65,411.65,208.55,203.1,40.6,late
1529,120,2024-04-29,2024-04-29,411.65,411.65,196.27,215.38,0.0,on_time
1530,120,2024-05-29,2024-06-01,411.65,411.65,171.15,240.5,18.2,late
1531,120,2024-06-28,2024-07-02,411.65,411.65,220.77,190.88,37.44,late
1532,120,2024-07-28,2024-07-28,411.65,411.65,312.42,99.23,0.0,paid
1533,120,2024-08-27,2024-08-27,411.65,411.65,305.88,105.77,0.0,on_time
1534,120,2024-09-26,,411.65,,,,37.43,missed
1535,120,2024-10-26,2024-10-26,411.65,411.65,223.95,187.7,0.0,paid
1536,120,2024-11-25,2024-12-08,411.65,411.65,216.63,195.02,21.04,late
1537,121,2021-11-08,2021-11-08,1357.99,1357.99,545.06,812.93,0.0,paid
1538,121,2021-12-08,2021-12-08,1357.99,1357.99,857.55,500.44,0.0,on_time
1539,121,2022-01-07,2022-01-08,1357.99,1357.99,786.49,571.5,46.86,late
1540,121,2022-02-06,2022-02-06,1357.99,1357.99,574.29,783.7,0.0,on_time
1541,121,2022-03-08,2022-03-08,1357.99,1357.99,720.7,637.29,0.0,paid
1542,121,2022-04-07,2022-04-07,1357.99,1357.99,1011.26,346.73,0.0,paid
1543,121,2022-05-07,2022-05-07,1357.99,1357.99,728.96,629.03,0.0,on_time
1544,121,2022-06-06,2022-06-06,1357.99,1357.99,752.91,605.08,0.0,on_time
1545,121,2022-07-06,2022-07-06,1357.99,1357.99,899.07,458.92,0.0,paid
1546,121,2022-08-05,2022-08-05,1357.99,1357.99,955.34,402.65,0.0,on_time
1547,121,2022-09-04,2022-09-04,1357.99,1357.99,669.78,688.21,0.0,on_time
1548,122,2018-10-05,2018-10-05,472.61,472.61,334.66,137.95,0.0,paid
1549,122,2018-11-04,2018-11-04,472.61,472.61,301.2,171.41,0.0,paid
1550,122,2018-12-04,2018-12-04,472.61,472.61,230.02,242.59,0.0,on_time
1551,122,2019-01-03,2019-01-03,472.61,472.61,292.71,179.9,0.0,on_time
1552,122,2019-02-02,,472.61,,,,38.97,missed
1553,122,2019-03-04,2019-03-09,472.61,472.61,256.55,216.06,38.09,late
1554,122,2019-04-03,2019-04-03,472.61,472.61,373.76,98.85,0.0,paid
1555,122,2019-05-03,2019-05-06,472.61,472.61,291.44,181.17,72.1,late
1556,123,2019-11-16,2019-12-04,720.6,720.6,539.84,180.76,54.5,late
1557,123,2019-12-16,2019-12-16,720.6,720.6,402.12,318.48,0.0,paid
1558,123,2020-01-15,2020-01-15,720.6,720.6,416.04,304.56,0.0,paid
1559,123,2020-02-14,,720.6,,,,43.09,missed
1560,123,2020-03-15,2020-03-15,720.6,720.6,452.23,268.37,0.0,on_time
1561,123,2020-04-14,2020-04-14,720.6,720.6,543.64,176.96,0.0,paid
1562,123,2020-05-14,2020-05-14,720.6,720.6,531.72,188.88,0.0,paid
1563,123,2020-06-13,2020-06-30,720.6,720.6,345.19,375.41,24.62,late
1564,123,2020-07-13,2020-07-13,720.6,720.6,389.99,330.61,0.0,paid
1565,123,2020-08-12,2020-08-12,720.6,720.6,462.69,257.91,0.0,on_time
1566,123,2020-09-11,2020-09-11,720.6,720.6,541.09,179.51,0.0,on_time
1567,123,2020-10-11,2020-10-11,720.6,720.6,335.95,384.65,0.0,on_time
1568,123,2020-11-10,2020-11-10,720.6,720.6,355.59,365.01,0.0,paid
1569,123,2020-12-10,2020-12-10,720.6,720.6,384.53,336.07,0.0,paid
1570,123,2021-01-09,2021-01-09,720.6,720.6,362.03,358.57,0.0,on_time
1571,123,2021-02-08,2021-02-08,720.6,720.6,559.34,161.26,0.0,paid
1572,123,2021-03-10,2021-03-10,720.6,720.6,297.79,422.81,0.0,on_time
1573,124,2022-05-27,2022-05-27,1049.87,1049.87,673.38,376.49,0.0,on_time
1574,124,2022-06-26,2022-06-26,1049.87,1049.87,533.84,516.03,0.0,on_time
1575,124,2022-07-26,2022-07-26,1049.87,1049.87,684.63,365.24,0.0,on_time
1576,124,2022-08-25,2022-08-25,1049.87,1049.87,591.78,458.09,0.0,paid
1577,124,2022-09-24,2022-10-09,1049.87,1049.87,624.81,425.06,39.99,late
1578,124,2022-10-24,2022-10-24,1049.87,1049.87,615.92,433.95,0.0,paid
1579,124,2022-11-23,2022-11-23,1049.87,1049.87,602.23,447.64,0.0,on_time
1580,124,2022-12-23,2022-12-23,1049.87,1049.87,511.61,538.26,0.0,on_time
1581,124,2023-01-22,2023-01-26,1049.87,1049.87,732.39,317.48,21.41,late
1582,124,2023-02-21,2023-02-21,1049.87,1049.87,587.1,462.77,0.0,on_time
1583,125,2019-11-02,,498.55,,,,70.81,missed
1584,125,2019-12-02,2019-12-22,498.55,498.55,336.53,162.02,20.13,late
1585,125,2020-01-01,2020-01-21,498.55,498.55,302.81,195.74,15.83,late
1586,125,2020-01-31,2020-01-31,498.55,498.55,303.19,195.36,0.0,paid
1587,125,2020-03-01,2020-03-01,498.55,498.55,388.68,109.87,0.0,on_time
1588,125,2020-03-31,2020-03-31,498.55,498.55,301.89,196.66,0.0,on_time
1589,125,2020-04-30,2020-05-04,498.55,498.55,247.48,251.07,48.17,late
1590,125,2020-05-30,2020-05-30,498.55,498.55,236.41,262.14,0.0,paid
1591,125,2020-06-29,2020-07-16,498.55,498.55,217.26,281.29,20.33,late
1592,125,2020-07-29,2020-07-29,498.55,498.55,285.13,213.42,0.0,paid
1593,125,2020-08-28,2020-09-09,498.55,498.55,321.6,176.95,41.62,late
1594,125,2020-09-27,2020-09-27,498.55,498.55,344.04,154.51,0.0,paid
1595,125,2020-10-27,2020-11-04,498.55,498.55,288.13,210.42,21.25,late
1596,125,2020-11-26,2020-11-26,498.55,498.55,262.61,235.94,0.0,on_time
1597,125,2020-12-26,2021-01-10,498.55,498.55,367.65,130.9,17.71,late
1598,125,2021-01-25,2021-01-25,498.55,498.55,313.42,185.13,0.0,paid
1599,126,2024-12-28,2024-12-28,294.51,294.51,221.04,73.47,0.0,paid
1600,126,2025-01-27,2025-02-09,294.51,294.51,174.98,119.53,32.67,late
1601,126,2025-02-26,2025-02-26,294.51,294.51,152.21,142.3,0.0,on_time
1602,126,2025-03-28,2025-03-28,294.51,294.51,178.48,116.03,0.0,on_time
1603,126,2025-04-27,2025-04-27,294.51,294.51,156.81,137.7,0.0,paid
1604,126,2025-05-27,2025-05-27,294.51,294.51,230.16,64.35,0.0,on_time
1605,126,2025-06-26,2025-06-26,294.51,294.51,126.22,168.29,0.0,on_time
1606,126,2025-07-26,2025-07-26,294.51,294.51,155.64,138.87,0.0,on_time
1607,126,2025-08-25,2025-08-25,294.51,294.51,138.02,156.49,0.0,paid
1608,126,2025-09-24,2025-09-24,294.51,294.51,218.66,75.85,0.0,paid
1609,126,2025-10-24,2025-10-24,294.51,294.51,153.55,140.96,0.0,paid
1610,127,2016-11-13,2016-11-13,300.69,300.69,158.66,142.03,0.0,paid
1611,127,2016-12-13,,300.69,,,,23.08,missed
1612,127,2017-01-12,2017-01-12,300.69,300.69,198.07,102.62,0.0,on_time
1613,127,2017-02-11,2017-02-11,300.69,300.69,223.96,76.73,0.0,paid
1614,127,2017-03-13,2017-03-13,300.69,300.69,224.43,76.26,0.0,on_time
1615,127,2017-04-12,,300.69,,,,30.41,missed
1616,127,2017-05-12,2017-05-12,300.69,300.69,239.42,61.27,0.0,on_time
1617,127,2017-06-11,2017-06-11,300.69,300.69,204.02,96.67,0.0,paid
1618,127,2017-07-11,2017-07-20,300.69,300.69,142.46,158.23,62.51,late
1619,127,2017-08-10,,300.69,,,,16.46,missed
1620,127,2017-09-09,2017-09-09,300.69,300.69,169.04,131.65,0.0,paid
1621,128,2018-07-11,2018-07-11,446.38,446.38,310.92,135.46,0.0,on_time
1622,128,2018-08-10,2018-08-30,446.38,446.38,194.04,252.34,18.72,late
1623,128,2018-09-09,,446.38,,,,52.78,missed
1624,128,2018-10-09,2018-10-09,446.38,446.38,280.4,165.98,0.0,on_time
1625,129,2020-04-14,2020-04-14,689.5,689.5,335.6,353.9,0.0,on_time
1626,129,2020-05-14,,689.5,,,,56.11,missed
1627,129,2020-06-13,2020-07-01,689.5,689.5,441.45,248.05,31.9,late
1628,129,2020-07-13,2020-07-13,689.5,689.5,473.51,215.99,0.0,paid
1629,129,2020-08-12,2020-08-12,689.5,689.5,444.73,244.77,0.0,paid
1630,129,2020-09-11,2020-09-20,689.5,689.5,513.95,175.55,38.7,late
1631,129,2020-10-11,,689.5,,,,58.29,missed
1632,129,2020-11-10,2020-11-24,689.5,689.5,490.2,199.3,33.17,late
1633,129,2020-12-10,2020-12-10,689.5,689.5,440.33,249.17,0.0,paid
1634,129,2021-01-09,2021-01-15,689.5,689.5,408.56,280.94,49.93,late
1635,129,2021-02-08,2021-02-08,689.5,689.5,491.78,197.72,0.0,paid
1636,129,2021-03-10,2021-03-10,689.5,689.5,514.06,175.44,0.0,paid
1637,129,2021-04-09,2021-04-09,689.5,689.5,373.9,315.6,0.0,paid
1638,129,2021-05-09,2021-05-09,689.5,689.5,542.63,146.87,0.0,on_time
1639,129,2021-06-08,,689.5,,,,37.6,missed
1640,129,2021-07-08,2021-07-08,689.5,689.5,356.51,332.99,0.0,paid
1641,129,2021-08-07,2021-08-12,689.5,689.5,410.34,279.16,47.91,late
1642,129,2021-09-06,2021-09-06,689.5,689.5,428.92,260.58,0.0,on_time
1643,129,2021-10-06,2021-10-06,689.5,689.5,405.78,283.72,0.0,paid
1644,129,2021-11-05,2021-11-17,689.5,689.5,364.64,324.86,17.4,late
1645,129,2021-12-05,2021-12-05,689.5,689.5,389.19,300.31,0.0,paid
1646,129,2022-01-04,2022-01-04,689.5,689.5,324.89,364.61,0.0,paid
1647,129,2022-02-03,2022-02-03,689.5,689.5,378.03,311.47,0.0,paid
1648,130,2023-02-11,2023-02-11,80.91,80.91,37.24,43.67,0.0,on_time
1649,130,2023-03-13,2023-03-13,80.91,80.91,53.65,27.26,0.0,paid
1650,130,2023-04-12,2023-04-12,80.91,80.91,47.07,33.84,0.0,on_time
1651,130,2023-05-12,2023-05-12,80.91,80.91,54.69,26.22,0.0,paid
1652,130,2023-06-11,2023-06-16,80.91,80.91,62.37,18.54,20.15,late
1653,130,2023-07-11,2023-07-11,80.91,80.91,61.85,19.06,0.0,paid
1654,130,2023-08-10,2023-08-10,80.91,80.91,35.21,45.7,0.0,paid
1655,130,2023-09-09,2023-09-09,80.91,80.91,54.82,26.09,0.0,paid
1656,130,2023-10-09,2023-10-14,80.91,80.91,38.52,42.39,46.08,late
1657,130,2023-11-08,,80.91,,,,17.37,missed
1658,130,2023-12-08,2023-12-08,80.91,80.91,36.12,44.79,0.0,on_time
1659,130,2024-01-07,2024-01-07,80.91,80.91,45.99,34.92,0.0,on_time
1660,131,2020-09-19,2020-09-28,338.79,338.79,224.04,114.75,19.07,late
1661,131,2020-10-19,,338.79,,,,31.33,missed
1662,131,2020-11-18,2020-11-18,338.79,338.79,152.56,186.23,0.0,paid
1663,131,2020-12-18,2020-12-18,338.79,338.79,173.46,165.33,0.0,on_time
1664,131,2021-01-17,2021-01-17,338.79,338.79,207.22,131.57,0.0,paid
1665,131,2021-02-16,2021-02-16,338.79,338.79,243.04,95.75,0.0,on_time
1666,131,2021-03-18,2021-03-18,338.79,338.79,236.87,101.92,0.0,paid
1667,131,2021-04-17,2021-04-17,338.79,338.79,212.33,126.46,0.0,paid
1668,131,2021-05-17,2021-05-22,338.79,338.79,225.99,112.8,40.84,late
1669,131,2021-06-16,2021-06-16,338.79,338.79,240.88,97.91,0.0,paid
1670,131,2021-07-16,2021-07-16,338.79,338.79,251.94,86.85,0.0,on_time
1671,131,2021-08-15,2021-08-15,338.79,338.79,226.23,112.56,0.0,on_time
1672,131,2021-09-14,2021-09-20,338.79,338.79,159.96,178.83,38.74,late
1673,131,2021-10-14,2021-10-14,338.79,338.79,150.6,188.19,0.0,on_time
1674,132,2024-06-12,2024-06-12,2118.78,2118.78,1494.28,624.5,0.0,on_time
1675,132,2024-07-12,2024-07-12,2118.78,2118.78,1111.88,1006.9,0.0,paid
1676,132,2024-08-11,2024-08-11,2118.78,2118.78,1520.44,598.34,0.0,paid
1677,132,2024-09-10,,2118.78,,,,35.31,missed
1678,132,2024-10-10,2024-10-10,2118.78,2118.78,1456.25,662.53,0.0,paid
1679,132,2024-11-09,2024-11-12,2118.78,2118.78,1132.91,985.87,44.01,late
1680,132,2024-12-09,2024-12-09,2118.78,2118.78,1495.93,622.85,0.0,on_time
1681,132,2025-01-08,2025-01-08,2118.78,2118.78,1461.3,657.48,0.0,paid
1682,132,2025-02-07,2025-02-20,2118.78,2118.78,1195.34,923.44,64.42,late
1683,132,2025-03-09,2025-03-09,2118.78,2118.78,1482.69,636.09,0.0,on_time
1684,132,2025-04-08,2025-04-08,2118.78,2118.78,1219.17,899.61,0.0,paid
1685,132,2025-05-08,2025-05-23,2118.78,2118.78,1484.38,634.4,53.14,late
1686,132,2025-06-07,2025-06-07,2118.78,2118.78,1169.58,949.2,0.0,on_time
1687,132,2025-07-07,2025-07-07,2118.78,2118.78,1017.24,1101.54,0.0,on_time
1688,132,2025-08-06,,2118.78,,,,40.62,missed
1689,132,2025-09-05,2025-09-05,2118.78,2118.78,1541.98,576.8,0.0,on_time
1690,132,2025-10-05,2025-10-05,2118.78,2118.78,962.68,1156.1,0.0,on_time
1691,133,2021-11-03,2021-11-03,558.77,558.77,252.48,306.29,0.0,on_time
1692,133,2021-12-03,2021-12-15,558.77,558.77,394.41,164.36,41.3,late
1693,133,2022-01-02,2022-01-02,558.77,558.77,380.89,177.88,0.0,on_time
1694,133,2022-02-01,2022-02-01,558.77,558.77,397.45,161.32,0.0,paid
1695,133,2022-03-03,2022-03-03,558.77,558.77,296.84,261.93,0.0,paid
1696,133,2022-04-02,2022-04-02,558.77,558.77,276.78,281.99,0.0,on_time
1697,133,2022-05-02,2022-05-02,558.77,558.77,420.73,138.04,0.0,on_time
1698,133,2022-06-01,2022-06-04,558.77,558.77,423.58,135.19,59.77,late
1699,133,2022-07-01,2022-07-01,558.77,558.77,401.44,157.33,0.0,paid
1700,133,2022-07-31,2022-07-31,558.77,558.77,300.87,257.9,0.0,on_time
1701,133,2022-08-30,2022-09-06,558.77,558.77,383.35,175.42,27.83,late
1702,133,2022-09-29,2022-10-16,558.77,558.77,398.88,159.89,45.68,late
1703,133,2022-10-29,2022-10-29,558.77,558.77,277.48,281.29,0.0,paid
1704,134,2019-02-13,2019-02-13,210.81,210.81,163.03,47.78,0.0,on_time
1705,134,2019-03-15,2019-03-15,210.81,210.81,101.92,108.89,0.0,on_time
1706,134,2019-04-14,2019-04-14,210.81,210.81,136.88,73.93,0.0,on_time
1707,134,2019-05-14,2019-05-14,210.81,210.81,142.85,67.96,0.0,paid
1708,134,2019-06-13,2019-06-13,210.81,210.81,152.18,58.63,0.0,paid
1709,134,2019-07-13,2019-07-13,210.81,210.81,161.95,48.86,0.0,paid
1710,134,2019-08-12,2019-08-26,210.81,210.81,116.95,93.86,43.8,late
1711,134,2019-09-11,2019-09-11,210.81,210.81,90.54,120.27,0.0,paid
1712,134,2019-10-11,2019-10-11,210.81,210.81,135.49,75.32,0.0,paid
1713,134,2019-11-10,2019-11-10,210.81,210.81,117.25,93.56,0.0,paid
1714,135,2019-07-03,2019-07-10,1174.6,1174.6,907.43,267.17,42.38,late
1715,135,2019-08-02,2019-08-02,1174.6,1174.6,620.54,554.06,0.0,paid
1716,135,2019-09-01,2019-09-01,1174.6,1174.6,835.96,338.64,0.0,on_time
1717,135,2019-10-01,2019-10-01,1174.6,1174.6,797.75,376.85,0.0,on_time
1718,135,2019-10-31,,1174.6,,,,44.23,missed
1719,135,2019-11-30,2019-11-30,1174.6,1174.6,866.69,307.91,0.0,paid
1720,135,2019-12-30,2020-01-11,1174.6,1174.6,527.92,646.68,26.28,late
1721,135,2020-01-29,2020-01-29,1174.6,1174.6,473.7,700.9,0.0,paid
1722,135,2020-02-28,2020-02-28,1174.6,1174.6,588.33,586.27,0.0,paid
1723,135,2020-03-29,2020-03-29,1174.6,1174.6,598.6,576.0,0.0,paid
1724,135,2020-04-28,2020-05-09,1174.6,1174.6,843.03,331.57,36.33,late
1725,136,2021-05-07,2021-05-07,649.44,649.44,468.63,180.81,0.0,paid
1726,136,2021-06-06,2021-06-06,649.44,649.44,377.4,272.04,0.0,on_time
1727,136,2021-07-06,2021-07-06,649.44,649.44,484.66,164.78,0.0,on_time
1728,136,2021-08-05,2021-08-05,649.44,649.44,445.37,204.07,0.0,paid
1729,136,2021-09-04,2021-09-22,649.44,649.44,463.51,185.93,38.08,late
1730,136,2021-10-04,2021-10-04,649.44,649.44,284.86,364.58,0.0,on_time
1731,137,2016-07-04,2016-07-04,517.98,517.98,249.34,268.64,0.0,paid
1732,137,2016-08-03,2016-08-03,517.98,517.98,368.75,149.23,0.0,on_time
1733,137,2016-09-02,2016-09-12,517.98,517.98,302.48,215.5,53.26,late
1734,137,2016-10-02,2016-10-18,517.98,517.98,360.91,157.07,62.14,late
1735,137,2016-11-01,2016-11-04,517.98,517.98,359.48,158.5,74.5,late
1736,137,2016-12-01,2016-12-01,517.98,517.98,347.6,170.38,0.0,paid
1737,138,2023-09-09,2023-09-11,1792.81,1792.81,902.81,890.0,22.03,late
1738,138,2023-10-09,2023-10-09,1792.81,1792.81,1077.18,715.63,0.0,paid
1739,138,2023-11-08,2023-11-08,1792.81,1792.81,865.18,927.63,0.0,paid
1740,138,2023-12-08,2023-12-08,1792.81,1792.81,871.21,921.6,0.0,on_time
1741,138,2024-01-07,2024-01-07,1792.81,1792.81,788.87,1003.94,0.0,on_time
1742,138,2024-02-06,2024-02-06,1792.81,1792.81,1191.48,601.33,0.0,paid
1743,138,2024-03-07,2024-03-07,1792.81,1792.81,861.78,931.03,0.0,on_time
1744,138,2024-04-06,2024-04-16,1792.81,1792.81,906.42,886.39,67.67,late
1745,138,2024-05-06,2024-05-23,1792.81,1792.81,971.57,821.24,71.28,late
1746,138,2024-06-05,2024-06-05,1792.81,1792.81,1209.72,583.09,0.0,paid
1747,138,2024-07-05,,1792.81,,,,24.63,missed
1748,138,2024-08-04,2024-08-04,1792.81,1792.81,1302.49,490.32,0.0,on_time
1749,138,2024-09-03,2024-09-03,1792.81,1792.81,1341.17,451.64,0.0,on_time
1750,138,2024-10-03,2024-10-03,1792.81,1792.81,1313.79,479.02,0.0,paid
1751,138,2024-11-02,2024-11-02,1792.81,1792.81,1308.61,484.2,0.0,paid
1752,138,2024-12-02,2024-12-02,1792.81,1792.81,863.71,929.1,0.0,paid
1753,138,2025-01-01,2025-01-01,1792.81,1792.81,1011.74,781.07,0.0,paid
1754,138,2025-01-31,2025-01-31,1792.81,1792.81,1128.11,664.7,0.0,on_time
1755,138,2025-03-02,2025-03-02,1792.81,1792.81,1393.85,398.96,0.0,paid
1756,139,2017-04-07,2017-04-16,463.92,463.92,347.23,116.69,45.98,late
1757,139,2017-05-07,2017-05-07,463.92,463.92,272.22,191.7,0.0,paid
1758,139,2017-06-06,2017-06-06,463.92,463.92,256.38,207.54,0.0,paid
1759,139,2017-07-06,2017-07-06,463.92,463.92,283.23,180.69,0.0,on_time
1760,139,2017-08-05,2017-08-05,463.92,463.92,286.97,176.95,0.0,on_time
1761,139,2017-09-04,2017-09-04,463.92,463.92,265.41,198.51,0.0,paid
1762,139,2017-10-04,2017-10-04,463.92,463.92,207.88,256.04,0.0,paid
1763,139,2017-11-03,2017-11-20,463.92,463.92,236.02,227.9,26.32,late
1764,139,2017-12-03,2017-12-03,463.92,463.92,299.75,164.17,0.0,on_time
1765,139,2018-01-02,2018-01-02,463.92,463.92,251.95,211.97,0.0,paid
1766,139,2018-02-01,2018-02-11,463.92,463.92,350.83,113.09,56.31,late
1767,139,2018-03-03,2018-03-03,463.92,463.92,190.42,273.5,0.0,on_time
1768,140,2018-01-22,2018-01-22,168.28,168.28,86.59,81.69,0.0,paid
1769,140,2018-02-21,2018-02-21,168.28,168.28,76.38,91.9,0.0,paid
1770,140,2018-03-23,2018-03-23,168.28,168.28,74.42,93.86,0.0,paid
1771,140,2018-04-22,2018-05-05,168.28,168.28,83.79,84.49,40.7,late
1772,140,2018-05-22,2018-05-22,168.28,168.28,131.59,36.69,0.0,paid
1773,140,2018-06-21,2018-07-09,168.28,168.28,106.19,62.09,17.88,late
1774,140,2018-07-21,2018-07-21,168.28,168.28,104.92,63.36,0.0,on_time
1775,140,2018-08-20,2018-08-20,168.28,168.28,116.44,51.84,0.0,on_time
1776,140,2018-09-19,2018-09-19,168.28,168.28,85.17,83.11,0.0,paid
1777,140,2018-10-19,2018-10-25,168.28,168.28,126.02,42.26,54.84,late
1778,140,2018-11-18,2018-11-18,168.28,168.28,74.12,94.16,0.0,paid
1779,140,2018-12-18,2018-12-18,168.28,168.28,92.99,75.29,0.0,paid
1780,140,2019-01-17,2019-01-17,168.28,168.28,123.35,44.93,0.0,paid
1781,140,2019-02-16,2019-02-16,168.28,168.28,133.41,34.87,0.0,paid
1782,140,2019-03-18,2019-03-18,168.28,168.28,81.68,86.6,0.0,paid
1783,140,2019-04-17,2019-04-17,168.28,168.28,110.58,57.7,0.0,paid
1784,140,2019-05-17,2019-05-17,168.28,168.28,106.55,61.73,0.0,on_time
1785,140,2019-06-16,2019-06-16,168.28,168.28,88.07,80.21,0.0,on_time
1786,140,2019-07-16,2019-07-16,168.28,168.28,120.53,47.75,0.0,paid
1787,140,2019-08-15,,168.28,,,,36.66,missed
1788,140,2019-09-14,2019-09-16,168.28,168.28,79.02,89.26,53.7,late
1789,140,2019-10-14,,168.28,,,,44.45,missed
1790,141,2016-12-10,2016-12-10,1403.06,1403.06,1110.36,292.7,0.0,paid
1791,141,2017-01-09,2017-01-09,1403.06,1403.06,1028.46,374.6,0.0,paid
1792,141,2017-02-08,2017-02-08,1403.06,1403.06,785.79,617.27,0.0,paid
1793,141,2017-03-10,,1403.06,,,,49.97,missed
1794,142,2022-04-08,,169.07,,,,71.32,missed
1795,142,2022-05-08,,169.07,,,,38.99,missed
1796,142,2022-06-07,,169.07,,,,57.65,missed
1797,142,2022-07-07,2022-07-07,169.07,169.07,86.44,82.63,0.0,on_time
1798,142,2022-08-06,2022-08-06,169.07,169.07,97.15,71.92,0.0,on_time
1799,142,2022-09-05,2022-09-05,169.07,169.07,70.19,98.88,0.0,paid
1800,142,2022-10-05,2022-10-05,169.07,169.07,109.0,60.07,0.0,paid
1801,142,2022-11-04,2022-11-14,169.07,169.07,123.91,45.16,69.54,late
1802,142,2022-12-04,2022-12-04,169.07,169.07,132.87,36.2,0.0,paid
1803,143,2024-10-19,2024-10-19,891.39,891.39,490.37,401.02,0.0,paid
1804,143,2024-11-18,2024-11-18,891.39,891.39,541.08,350.31,0.0,on_time
1805,143,2024-12-18,2024-12-18,891.39,891.39,673.66,217.73,0.0,on_time
1806,143,2025-01-17,,891.39,,,,72.39,missed
1807,143,2025-02-16,,891.39,,,,52.95,missed
1808,143,2025-03-18,2025-03-18,891.39,891.39,621.01,270.38,0.0,on_time
1809,143,2025-04-17,2025-05-04,891.39,891.39,455.35,436.04,70.13,late
1810,143,2025-05-17,2025-05-17,891.39,891.39,616.9,274.49,0.0,on_time
1811,143,2025-06-16,2025-06-16,891.39,891.39,449.42,441.97,0.0,on_time
1812,143,2025-07-16,2025-07-16,891.39,891.39,431.13,460.26,0.0,on_time
1813,143,2025-08-15,2025-09-02,891.39,891.39,534.41,356.98,28.9,late
1814,143,2025-09-14,2025-09-14,891.39,891.39,404.98,486.41,0.0,paid
1815,143,2025-10-14,2025-11-03,891.39,891.39,487.28,404.11,70.83,late
1816,143,2025-11-13,2025-11-24,891.39,891.39,499.42,391.97,45.97,late
1817,143,2025-12-13,2025-12-26,891.39,891.39,439.29,452.1,58.95,late
1818,143,2026-01-12,2026-01-17,891.39,891.39,417.27,474.12,57.0,late
1819,143,2026-02-11,2026-02-11,891.39,891.39,706.9,184.49,0.0,on_time
1820,143,2026-03-13,2026-03-31,891.39,891.39,360.34,531.05,66.96,late
1821,143,2026-04-12,2026-04-12,891.39,891.39,695.05,196.34,0.0,paid
1822,143,2026-05-12,2026-05-12,891.39,891.39,383.85,507.54,0.0,on_time
1823,143,2026-06-11,2026-06-23,891.39,891.39,437.66,453.73,40.57,late
1824,143,2026-07-11,2026-07-11,891.39,891.39,380.58,510.81,0.0,paid
1825,143,2026-08-10,2026-08-10,891.39,891.39,679.34,212.05,0.0,on_time
1826,144,2017-09-20,2017-09-20,304.14,304.14,144.92,159.22,0.0,on_time
1827,144,2017-10-20,2017-10-20,304.14,304.14,121.82,182.32,0.0,on_time
1828,144,2017-11-19,2017-12-03,304.14,304.14,127.9,176.24,19.45,late
1829,144,2017-12-19,2017-12-19,304.14,304.14,149.39,154.75,0.0,paid
1830,144,2018-01-18,2018-01-18,304.14,304.14,178.15,125.99,0.0,paid
1831,144,2018-02-17,,304.14,,,,53.91,missed
1832,144,2018-03-19,,304.14,,,,35.19,missed
1833,144,2018-04-18,2018-04-28,304.14,304.14,205.25,98.89,25.32,late
1834,144,2018-05-18,2018-05-18,304.14,304.14,126.79,177.35,0.0,paid
1835,144,2018-06-17,2018-06-17,304.14,304.14,123.73,180.41,0.0,paid
1836,144,2018-07-17,,304.14,,,,42.89,missed
1837,144,2018-08-16,2018-08-16,304.14,304.14,161.56,142.58,0.0,on_time
1838,144,2018-09-15,2018-10-04,304.14,304.14,235.23,68.91,29.35,late
1839,144,2018-10-15,2018-10-15,304.14,304.14,228.42,75.72,0.0,on_time
1840,144,2018-11-14,2018-11-14,304.14,304.14,196.73,107.41,0.0,on_time
1841,144,2018-12-14,,304.14,,,,63.98,missed
1842,144,2019-01-13,2019-01-13,304.14,304.14,193.04,111.1,0.0,paid
1843,144,2019-02-12,,304.14,,,,32.82,missed
1844,145,2023-11-17,2023-11-17,2303.18,2303.18,1646.02,657.16,0.0,paid
1845,145,2023-12-17,2023-12-17,2303.18,2303.18,1701.45,601.73,0.0,paid
1846,145,2024-01-16,2024-01-16,2303.18,2303.18,1350.69,952.49,0.0,paid
1847,145,2024-02-15,2024-02-15,2303.18,2303.18,1141.3,1161.88,0.0,on_time
1848,146,2021-12-05,2021-12-05,321.02,321.02,133.11,187.91,0.0,paid
1849,146,2022-01-04,2022-01-04,321.02,321.02,136.7,184.32,0.0,paid
1850,146,2022-02-03,2022-02-03,321.02,321.02,185.58,135.44,0.0,paid
1851,146,2022-03-05,2022-03-05,321.02,321.02,182.28,138.74,0.0,paid
1852,146,2022-04-04,2022-04-18,321.02,321.02,157.13,163.89,47.22,late
1853,146,2022-05-04,2022-05-21,321.02,321.02,134.52,186.5,68.58,late
1854,146,2022-06-03,2022-06-03,321.02,321.02,131.8,189.22,0.0,paid
1855,146,2022-07-03,2022-07-15,321.02,321.02,203.01,118.01,61.55,late
1856,146,2022-08-02,2022-08-02,321.02,321.02,229.25,91.77,0.0,paid
1857,146,2022-09-01,2022-09-01,321.02,321.02,202.22,118.8,0.0,paid
1858,146,2022-10-01,2022-10-01,321.02,321.02,145.46,175.56,0.0,on_time
1859,147,2020-05-11,2020-05-18,2590.48,2590.48,1101.34,1489.14,49.37,late
1860,147,2020-06-10,2020-06-10,2590.48,2590.48,1789.25,801.23,0.0,paid
1861,147,2020-07-10,2020-07-10,2590.48,2590.48,1263.14,1327.34,0.0,on_time
1862,147,2020-08-09,2020-08-09,2590.48,2590.48,1056.35,1534.13,0.0,on_time
1863,147,2020-09-08,2020-09-08,2590.48,2590.48,1461.66,1128.82,0.0,on_time
1864,147,2020-10-08,2020-10-08,2590.48,2590.48,1719.82,870.66,0.0,paid
1865,147,2020-11-07,,2590.48,,,,29.8,missed
1866,148,2024-12-06,2024-12-06,1071.58,1071.58,451.21,620.37,0.0,paid
1867,148,2025-01-05,2025-01-25,1071.58,1071.58,753.29,318.29,17.66,late
1868,148,2025-02-04,2025-02-04,1071.58,1071.58,594.68,476.9,0.0,paid
1869,148,2025-03-06,2025-03-06,1071.58,1071.58,527.78,543.8,0.0,on_time
1870,148,2025-04-05,2025-04-18,1071.58,1071.58,846.64,224.94,35.52,late
1871,148,2025-05-05,2025-05-05,1071.58,1071.58,805.13,266.45,0.0,on_time
1872,148,2025-06-04,2025-06-04,1071.58,1071.58,761.93,309.65,0.0,paid
1873,148,2025-07-04,2025-07-04,1071.58,1071.58,542.01,529.57,0.0,paid
1874,148,2025-08-03,2025-08-03,1071.58,1071.58,740.08,331.5,0.0,paid
1875,148,2025-09-02,2025-09-02,1071.58,1071.58,802.8,268.78,0.0,on_time
1876,148,2025-10-02,,1071.58,,,,71.13,missed
1877,148,2025-11-01,2025-11-01,1071.58,1071.58,780.28,291.3,0.0,on_time
1878,148,2025-12-01,2025-12-01,1071.58,1071.58,819.87,251.71,0.0,on_time
1879,148,2025-12-31,2025-12-31,1071.58,1071.58,463.5,608.08,0.0,on_time
1880,148,2026-01-30,2026-02-13,1071.58,1071.58,468.23,603.35,43.57,late
1881,148,2026-03-01,2026-03-01,1071.58,1071.58,787.55,284.03,0.0,paid
1882,149,2017-09-30,2017-09-30,460.87,460.87,232.34,228.53,0.0,paid
1883,149,2017-10-30,2017-10-30,460.87,460.87,266.51,194.36,0.0,paid
1884,149,2017-11-29,2017-11-29,460.87,460.87,243.88,216.99,0.0,on_time
1885,149,2017-12-29,,460.87,,,,68.61,missed
1886,149,2018-01-28,2018-02-02,460.87,460.87,185.12,275.75,23.46,late
1887,149,2018-02-27,2018-02-27,460.87,460.87,210.21,250.66,0.0,on_time
1888,149,2018-03-29,2018-03-29,460.87,460.87,193.69,267.18,0.0,paid
1889,149,2018-04-28,2018-05-17,460.87,460.87,343.98,116.89,63.09,late
1890,149,2018-05-28,2018-05-28,460.87,460.87,197.98,262.89,0.0,on_time
1891,149,2018-06-27,2018-06-27,460.87,460.87,328.49,132.38,0.0,on_time
1892,149,2018-07-27,2018-07-27,460.87,460.87,268.13,192.74,0.0,on_time
1893,149,2018-08-26,2018-08-26,460.87,460.87,195.47,265.4,0.0,paid
1894,149,2018-09-25,2018-09-25,460.87,460.87,212.2,248.67,0.0,paid
1895,149,2018-10-25,2018-10-25,460.87,460.87,326.38,134.49,0.0,paid
1896,149,2018-11-24,2018-11-24,460.87,460.87,295.64,165.23,0.0,paid
1897,149,2018-12-24,2018-12-24,460.87,460.87,314.11,146.76,0.0,paid
1898,149,2019-01-23,,460.87,,,,61.16,missed
1899,149,2019-02-22,2019-02-22,460.87,460.87,234.1,226.77,0.0,on_time
1900,149,2019-03-24,2019-03-24,460.87,460.87,322.63,138.24,0.0,paid
1901,149,2019-04-23,2019-04-23,460.87,460.87,322.86,138.01,0.0,paid
1902,149,2019-05-23,2019-05-24,460.87,460.87,187.49,273.38,72.93,late
1903,149,2019-06-22,2019-06-22,460.87,460.87,350.58,110.29,0.0,paid
1904,149,2019-07-22,2019-07-22,460.87,460.87,245.53,215.34,0.0,paid
1905,150,2021-02-27,2021-02-27,743.11,743.11,403.69,339.42,0.0,paid
1906,150,2021-03-29,2021-03-29,743.11,743.11,451.36,291.75,0.0,paid
1907,150,2021-04-28,2021-04-28,743.11,743.11,524.84,218.27,0.0,paid
1908,150,2021-05-28,2021-05-28,743.11,743.11,376.45,366.66,0.0,paid
1909,150,2021-06-27,2021-06-27,743.11,743.11,340.75,402.36,0.0,paid
1910,150,2021-07-27,2021-07-27,743.11,743.11,397.0,346.11,0.0,on_time
1911,150,2021-08-26,,743.11,,,,19.77,missed
1912,150,2021-09-25,,743.11,,,,25.38,missed
1913,150,2021-10-25,2021-10-25,743.11,743.11,418.9,324.21,0.0,on_time
1914,150,2021-11-24,2021-11-24,743.11,743.11,442.27,300.84,0.0,paid
1915,150,2021-12-24,2021-12-24,743.11,743.11,389.66,353.45,0.0,on_time
1916,150,2022-01-23,2022-01-23,743.11,743.11,369.04,374.07,0.0,paid
1917,150,2022-02-22,2022-02-22,743.11,743.11,439.37,303.74,0.0,on_time
1918,150,2022-03-24,,743.11,,,,44.96,missed
1919,150,2022-04-23,2022-05-09,743.11,743.11,578.47,164.64,41.45,late
1920,151,2021-02-09,2021-02-12,483.99,483.99,340.45,143.54,74.51,late
1921,151,2021-03-11,2021-03-11,483.99,483.99,261.86,222.13,0.0,on_time
1922,151,2021-04-10,2021-04-10,483.99,483.99,214.66,269.33,0.0,on_time
1923,151,2021-05-10,2021-05-10,483.99,483.99,232.0,251.99,0.0,on_time
1924,151,2021-06-09,2021-06-09,483.99,483.99,219.63,264.36,0.0,paid
1925,151,2021-07-09,2021-07-09,483.99,483.99,269.04,214.95,0.0,paid
1926,151,2021-08-08,2021-08-08,483.99,483.99,313.53,170.46,0.0,paid
1927,151,2021-09-07,2021-09-07,483.99,483.99,334.53,149.46,0.0,on_time
1928,151,2021-10-07,2021-10-19,483.99,483.99,272.82,211.17,69.42,late
1929,151,2021-11-06,2021-11-06,483.99,483.99,244.43,239.56,0.0,on_time
1930,151,2021-12-06,2021-12-06,483.99,483.99,262.84,221.15,0.0,paid
1931,151,2022-01-05,2022-01-05,483.99,483.99,223.3,260.69,0.0,paid
1932,151,2022-02-04,,483.99,,,,21.2,missed
1933,151,2022-03-06,2022-03-06,483.99,483.99,373.39,110.6,0.0,paid
1934,151,2022-04-05,2022-04-12,483.99,483.99,382.76,101.23,54.56,late
1935,151,2022-05-05,2022-05-05,483.99,483.99,303.78,180.21,0.0,paid
1936,151,2022-06-04,2022-06-17,483.99,483.99,250.29,233.7,20.64,late
1937,151,2022-07-04,2022-07-04,483.99,483.99,232.73,251.26,0.0,on_time
1938,151,2022-08-03,2022-08-03,483.99,483.99,279.59,204.4,0.0,paid
1939,151,2022-09-02,,483.99,,,,17.75,missed
1940,151,2022-10-02,2022-10-04,483.99,483.99,349.86,134.13,69.22,late
1941,152,2021-09-16,2021-10-02,594.13,594.13,346.51,247.62,17.61,late
1942,152,2021-10-16,2021-10-16,594.13,594.13,390.76,203.37,0.0,on_time
1943,152,2021-11-15,2021-11-22,594.13,594.13,423.06,171.07,38.33,late
1944,152,2021-12-15,2021-12-15,594.13,594.13,437.78,156.35,0.0,on_time
1945,152,2022-01-14,2022-01-14,594.13,594.13,348.53,245.6,0.0,paid
1946,152,2022-02-13,2022-02-13,594.13,594.13,354.17,239.96,0.0,paid
1947,152,2022-03-15,2022-03-15,594.13,594.13,435.75,158.38,0.0,on_time
1948,152,2022-04-14,2022-04-14,594.13,594.13,257.42,336.71,0.0,paid
1949,152,2022-05-14,2022-05-14,594.13,594.13,451.85,142.28,0.0,paid
1950,152,2022-06-13,,594.13,,,,15.93,missed
1951,152,2022-07-13,2022-07-13,594.13,594.13,405.36,188.77,0.0,paid
1952,152,2022-08-12,2022-08-19,594.13,594.13,472.38,121.75,52.18,late
1953,152,2022-09-11,2022-09-11,594.13,594.13,412.66,181.47,0.0,on_time
1954,152,2022-10-11,2022-10-11,594.13,594.13,367.7,226.43,0.0,paid
1955,152,2022-11-10,2022-11-10,594.13,594.13,247.62,346.51,0.0,paid
1956,152,2022-12-10,2022-12-10,594.13,594.13,357.6,236.53,0.0,paid
1957,152,2023-01-09,2023-01-09,594.13,594.13,344.38,249.75,0.0,paid
1958,152,2023-02-08,,594.13,,,,16.99,missed
1959,153,2024-10-28,2024-11-07,1155.81,1155.81,531.26,624.55,71.11,late
1960,153,2024-11-27,2024-11-27,1155.81,1155.81,767.21,388.6,0.0,paid
1961,153,2024-12-27,2025-01-13,1155.81,1155.81,844.9,310.91,72.65,late
1962,153,2025-01-26,2025-01-26,1155.81,1155.81,812.37,343.44,0.0,on_time
1963,153,2025-02-25,2025-02-25,1155.81,1155.81,478.07,677.74,0.0,on_time
1964,153,2025-03-27,2025-03-27,1155.81,1155.81,717.57,438.24,0.0,paid
1965,153,2025-04-26,2025-04-26,1155.81,1155.81,803.3,352.51,0.0,on_time
1966,153,2025-05-26,2025-05-26,1155.81,1155.81,658.62,497.19,0.0,paid
1967,153,2025-06-25,2025-06-25,1155.81,1155.81,787.33,368.48,0.0,on_time
1968,153,2025-07-25,2025-08-01,1155.81,1155.81,728.42,427.39,62.29,late
1969,154,2023-05-04,2023-05-04,175.13,175.13,126.83,48.3,0.0,paid
1970,154,2023-06-03,2023-06-13,175.13,175.13,93.69,81.44,53.93,late
1971,154,2023-07-03,2023-07-03,175.13,175.13,107.22,67.91,0.0,paid
1972,154,2023-08-02,2023-08-02,175.13,175.13,107.09,68.04,0.0,paid
1973,155,2020-03-12,2020-03-12,137.71,137.71,93.06,44.65,0.0,paid
1974,155,2020-04-11,2020-04-11,137.71,137.71,70.92,66.79,0.0,paid
1975,155,2020-05-11,2020-05-11,137.71,137.71,66.91,70.8,0.0,paid
1976,155,2020-06-10,,137.71,,,,54.43,missed
1977,155,2020-07-10,2020-07-10,137.71,137.71,98.05,39.66,0.0,paid
1978,155,2020-08-09,2020-08-09,137.71,137.71,63.98,73.73,0.0,on_time
1979,155,2020-09-08,2020-09-08,137.71,137.71,63.68,74.03,0.0,on_time
1980,155,2020-10-08,2020-10-08,137.71,137.71,68.29,69.42,0.0,on_time
1981,155,2020-11-07,2020-11-07,137.71,137.71,109.43,28.28,0.0,on_time
1982,155,2020-12-07,,137.71,,,,67.94,missed
1983,155,2021-01-06,2021-01-06,137.71,137.71,70.2,67.51,0.0,on_time
1984,155,2021-02-05,2021-02-05,137.71,137.71,101.71,36.0,0.0,on_time
1985,155,2021-03-07,2021-03-07,137.71,137.71,98.97,38.74,0.0,on_time
1986,155,2021-04-06,2021-04-06,137.71,137.71,66.6,71.11,0.0,on_time
1987,155,2021-05-06,2021-05-09,137.71,137.71,56.8,80.91,35.44,late
1988,155,2021-06-05,2021-06-05,137.71,137.71,63.0,74.71,0.0,on_time
1989,155,2021-07-05,2021-07-05,137.71,137.71,81.74,55.97,0.0,on_time
1990,155,2021-08-04,,137.71,,,,68.43,missed
1991,156,2024-06-28,2024-06-28,1256.0,1256.0,755.44,500.56,0.0,on_time
1992,156,2024-07-28,2024-07-28,1256.0,1256.0,846.12,409.88,0.0,on_time
1993,156,2024-08-27,2024-09-04,1256.0,1256.0,589.61,666.39,58.67,late
1994,157,2024-10-05,2024-10-05,1518.81,1518.81,1010.27,508.54,0.0,paid
1995,157,2024-11-04,2024-11-14,1518.81,1518.81,998.7,520.11,49.82,late
1996,157,2024-12-04,2024-12-04,1518.81,1518.81,1041.81,477.0,0.0,on_time
1997,157,2025-01-03,2025-01-03,1518.81,1518.81,1163.58,355.23,0.0,on_time
1998,157,2025-02-02,2025-02-02,1518.81,1518.81,1069.91,448.9,0.0,paid
1999,157,2025-03-04,2025-03-04,1518.81,1518.81,1123.17,395.64,0.0,paid
2000,157,2025-04-03,2025-04-03,1518.81,1518.81,704.71,814.1,0.0,on_time
2001,157,2025-05-03,2025-05-03,1518.81,1518.81,708.68,810.13,0.0,paid
2002,157,2025-06-02,2025-06-14,1518.81,1518.81,660.8,858.01,68.7,late
2003,157,2025-07-02,2025-07-02,1518.81,1518.81,1088.61,430.2,0.0,paid
2004,157,2025-08-01,2025-08-11,1518.81,1518.81,1040.71,478.1,63.06,late
2005,158,2019-04-28,2019-04-28,121.61,121.61,89.69,31.92,0.0,on_time
2006,158,2019-05-28,2019-05-28,121.61,121.61,50.74,70.87,0.0,on_time
2007,158,2019-06-27,,121.61,,,,40.99,missed
2008,158,2019-07-27,2019-07-27,121.61,121.61,89.85,31.76,0.0,on_time
2009,158,2019-08-26,2019-08-26,121.61,121.61,69.36,52.25,0.0,paid
2010,158,2019-09-25,2019-09-25,121.61,121.61,55.04,66.57,0.0,on_time
2011,158,2019-10-25,2019-10-25,121.61,121.61,82.98,38.63,0.0,paid
2012,158,2019-11-24,2019-12-02,121.61,121.61,53.16,68.45,63.33,late
2013,158,2019-12-24,2019-12-24,121.61,121.61,67.52,54.09,0.0,paid
2014,158,2020-01-23,2020-01-23,121.61,121.61,70.72,50.89,0.0,on_time
2015,158,2020-02-22,2020-02-22,121.61,121.61,51.32,70.29,0.0,on_time
2016,158,2020-03-23,2020-04-01,121.61,121.61,88.47,33.14,36.98,late
2017,158,2020-04-22,2020-04-22,121.61,121.61,72.25,49.36,0.0,on_time
2018,158,2020-05-22,2020-06-04,121.61,121.61,54.37,67.24,17.25,late
2019,158,2020-06-21,2020-06-21,121.61,121.61,67.81,53.8,0.0,paid
2020,158,2020-07-21,2020-07-21,121.61,121.61,69.9,51.71,0.0,paid
2021,158,2020-08-20,2020-08-20,121.61,121.61,76.37,45.24,0.0,paid
2022,158,2020-09-19,2020-10-02,121.61,121.61,83.01,38.6,62.61,late
2023,158,2020-10-19,2020-10-31,121.61,121.61,93.03,28.58,74.46,late
2024,158,2020-11-18,2020-11-18,121.61,121.61,95.05,26.56,0.0,on_time
2025,159,2021-08-19,2021-09-02,465.42,465.42,355.44,109.98,55.64,late
2026,159,2021-09-18,2021-09-30,465.42,465.42,274.3,191.12,22.48,late
2027,159,2021-10-18,,465.42,,,,44.14,missed
2028,159,2021-11-17,2021-11-17,465.42,465.42,187.64,277.78,0.0,on_time
2029,159,2021-12-17,2021-12-17,465.42,465.42,368.13,97.29,0.0,paid
2030,159,2022-01-16,,465.42,,,,30.01,missed
2031,159,2022-02-15,2022-02-15,465.42,465.42,242.94,222.48,0.0,paid
2032,159,2022-03-17,2022-04-06,465.42,465.42,233.55,231.87,23.63,late
2033,159,2022-04-16,2022-04-16,465.42,465.42,370.84,94.58,0.0,paid
2034,159,2022-05-16,2022-05-16,465.42,465.42,235.35,230.07,0.0,on_time
2035,159,2022-06-15,2022-06-15,465.42,465.42,270.63,194.79,0.0,on_time
2036,159,2022-07-15,2022-07-15,465.42,465.42,308.08,157.34,0.0,on_time
2037,159,2022-08-14,2022-08-29,465.42,465.42,366.95,98.47,58.81,late
2038,159,2022-09-13,2022-09-13,465.42,465.42,252.47,212.95,0.0,paid
2039,159,2022-10-13,,465.42,,,,60.3,missed
2040,159,2022-11-12,2022-11-12,465.42,465.42,314.0,151.42,0.0,on_time
2041,159,2022-12-12,2022-12-12,465.42,465.42,211.8,253.62,0.0,paid
2042,159,2023-01-11,2023-01-25,465.42,465.42,333.32,132.1,44.61,late
2043,159,2023-02-10,2023-02-10,465.42,465.42,348.54,116.88,0.0,on_time
2044,159,2023-03-12,2023-03-21,465.42,465.42,270.62,194.8,40.96,late
2045,159,2023-04-11,2023-04-11,465.42,465.42,290.5,174.92,0.0,paid
2046,159,2023-05-11,2023-05-11,465.42,465.42,294.28,171.14,0.0,on_time
2047,160,2018-11-30,2018-11-30,125.25,125.25,82.98,42.27,0.0,paid
2048,160,2018-12-30,2018-12-30,125.25,125.25,89.06,36.19,0.0,paid
2049,160,2019-01-29,2019-01-29,125.25,125.25,53.43,71.82,0.0,on_time
2050,160,2019-02-28,2019-02-28,125.25,125.25,84.58,40.67,0.0,paid
2051,160,2019-03-30,2019-03-30,125.25,125.25,52.57,72.68,0.0,paid
2052,160,2019-04-29,2019-04-29,125.25,125.25,63.67,61.58,0.0,on_time
2053,160,2019-05-29,2019-05-29,125.25,125.25,67.62,57.63,0.0,paid
2054,160,2019-06-28,,125.25,,,,30.99,missed
2055,160,2019-07-28,2019-07-28,125.25,125.25,72.25,53.0,0.0,paid
2056,160,2019-08-27,2019-08-27,125.25,125.25,66.26,58.99,0.0,paid
2057,160,2019-09-26,2019-10-12,125.25,125.25,54.73,70.52,47.46,late
2058,160,2019-10-26,2019-10-26,125.25,125.25,77.93,47.32,0.0,paid
2059,160,2019-11-25,2019-12-02,125.25,125.25,53.0,72.25,16.67,late
2060,160,2019-12-25,2019-12-27,125.25,125.25,99.67,25.58,21.64,late
2061,160,2020-01-24,2020-01-24,125.25,125.25,95.71,29.54,0.0,on_time
2062,160,2020-02-23,2020-02-23,125.25,125.25,76.15,49.1,0.0,on_time
2063,160,2020-03-24,2020-04-11,125.25,125.25,68.87,56.38,36.97,late
2064,160,2020-04-23,2020-04-23,125.25,125.25,78.01,47.24,0.0,paid
2065,160,2020-05-23,2020-05-23,125.25,125.25,97.59,27.66,0.0,paid
2066,160,2020-06-22,2020-06-22,125.25,125.25,97.82,27.43,0.0,on_time
2067,160,2020-07-22,2020-07-22,125.25,125.25,75.52,49.73,0.0,on_time
2068,161,2023-02-27,2023-02-27,393.43,393.43,292.64,100.79,0.0,on_time
2069,161,2023-03-29,2023-04-15,393.43,393.43,218.79,174.64,19.81,late
2070,161,2023-04-28,2023-04-28,393.43,393.43,230.09,163.34,0.0,paid
2071,161,2023-05-28,2023-05-28,393.43,393.43,196.89,196.54,0.0,on_time
2072,161,2023-06-27,2023-07-09,393.43,393.43,199.28,194.15,29.63,late
2073,162,2024-09-21,2024-09-21,318.89,318.89,150.44,168.45,0.0,on_time
2074,162,2024-10-21,2024-11-02,318.89,318.89,190.37,128.52,54.79,late
2075,162,2024-11-20,2024-11-20,318.89,318.89,131.55,187.34,0.0,on_time
2076,162,2024-12-20,2024-12-20,318.89,318.89,194.22,124.67,0.0,paid
2077,162,2025-01-19,2025-01-19,318.89,318.89,194.11,124.78,0.0,paid
2078,162,2025-02-18,2025-02-18,318.89,318.89,208.64,110.25,0.0,on_time
2079,162,2025-03-20,2025-03-20,318.89,318.89,242.11,76.78,0.0,on_time
2080,162,2025-04-19,2025-04-19,318.89,318.89,232.44,86.45,0.0,paid
2081,163,2021-02-10,2021-02-10,1091.61,1091.61,801.03,290.58,0.0,paid
2082,163,2021-03-12,2021-03-12,1091.61,1091.61,578.54,513.07,0.0,on_time
2083,163,2021-04-11,2021-05-01,1091.61,1091.61,820.72,270.89,40.95,late
2084,163,2021-05-11,,1091.61,,,,35.92,missed
2085,163,2021-06-10,2021-06-10,1091.61,1091.61,492.93,598.68,0.0,paid
2086,163,2021-07-10,,1091.61,,,,59.99,missed
2087,163,2021-08-09,2021-08-09,1091.61,1091.61,555.18,536.43,0.0,on_time
2088,163,2021-09-08,2021-09-08,1091.61,1091.61,581.2,510.41,0.0,on_time
2089,163,2021-10-08,2021-10-18,1091.61,1091.61,724.46,367.15,15.5,late
2090,163,2021-11-07,2021-11-11,1091.61,1091.61,674.02,417.59,60.96,late
2091,163,2021-12-07,2021-12-07,1091.61,1091.61,592.23,499.38,0.0,on_time
2092,163,2022-01-06,2022-01-13,1091.61,1091.61,745.5,346.11,51.71,late
2093,163,2022-02-05,2022-02-18,1091.61,1091.61,552.47,539.14,24.08,late
2094,163,2022-03-07,2022-03-07,1091.61,1091.61,475.75,615.86,0.0,on_time
2095,163,2022-04-06,,1091.61,,,,30.68,missed
2096,163,2022-05-06,,1091.61,,,,56.93,missed
2097,163,2022-06-05,2022-06-13,1091.61,1091.61,858.99,232.62,42.36,late
2098,163,2022-07-05,2022-07-05,1091.61,1091.61,707.89,383.72,0.0,on_time
2099,163,2022-08-04,2022-08-04,1091.61,1091.61,446.72,644.89,0.0,paid
2100,163,2022-09-03,2022-09-03,1091.61,1091.61,576.53,515.08,0.0,on_time
2101,163,2022-10-03,2022-10-03,1091.61,1091.61,609.68,481.93,0.0,on_time
2102,163,2022-11-02,2022-11-02,1091.61,1091.61,455.02,636.59,0.0,on_time
2103,163,2022-12-02,2022-12-02,1091.61,1091.61,746.12,345.49,0.0,on_time
2104,163,2023-01-01,,1091.61,,,,23.84,missed
2105,164,2019-09-05,2019-09-05,715.09,715.09,388.43,326.66,0.0,on_time
2106,164,2019-10-05,2019-10-05,715.09,715.09,288.0,427.09,0.0,paid
2107,164,2019-11-04,2019-11-04,715.09,715.09,507.58,207.51,0.0,on_time
2108,165,2022-11-01,2022-11-01,264.41,264.41,109.1,155.31,0.0,on_time
2109,165,2022-12-01,2022-12-01,264.41,264.41,196.04,68.37,0.0,paid
2110,165,2022-12-31,2022-12-31,264.41,264.41,195.78,68.63,0.0,paid
2111,165,2023-01-30,2023-01-30,264.41,264.41,106.35,158.06,0.0,paid
2112,165,2023-03-01,2023-03-01,264.41,264.41,208.86,55.55,0.0,paid
2113,165,2023-03-31,2023-04-14,264.41,264.41,141.98,122.43,48.29,late
2114,165,2023-04-30,,264.41,,,,25.79,missed
2115,165,2023-05-30,2023-05-30,264.41,264.41,191.15,73.26,0.0,on_time
2116,165,2023-06-29,2023-07-17,264.41,264.41,197.93,66.48,18.04,late
2117,165,2023-07-29,2023-07-29,264.41,264.41,169.64,94.77,0.0,on_time
2118,166,2023-09-14,2023-09-14,2336.23,2336.23,1203.25,1132.98,0.0,on_time
2119,166,2023-10-14,,2336.23,,,,72.77,missed
2120,166,2023-11-13,2023-11-13,2336.23,2336.23,1763.21,573.02,0.0,paid
2121,166,2023-12-13,2023-12-13,2336.23,2336.23,1780.89,555.34,0.0,paid
2122,166,2024-01-12,2024-01-12,2336.23,2336.23,1694.95,641.28,0.0,paid
2123,166,2024-02-11,2024-02-11,2336.23,2336.23,1504.18,832.05,0.0,paid
2124,166,2024-03-12,2024-03-29,2336.23,2336.23,1700.54,635.69,39.83,late
2125,166,2024-04-11,2024-04-11,2336.23,2336.23,1612.7,723.53,0.0,on_time
2126,166,2024-05-11,2024-05-11,2336.23,2336.23,1662.16,674.07,0.0,on_time
2127,166,2024-06-10,2024-06-10,2336.23,2336.23,1131.03,1205.2,0.0,paid
2128,166,2024-07-10,2024-07-10,2336.23,2336.23,1070.14,1266.09,0.0,on_time
2129,166,2024-08-09,2024-08-09,2336.23,2336.23,1668.2,668.03,0.0,paid
2130,167,2017-05-13,2017-05-13,670.86,670.86,332.64,338.22,0.0,paid
2131,167,2017-06-12,2017-06-12,670.86,670.86,506.17,164.69,0.0,paid
2132,167,2017-07-12,2017-07-12,670.86,670.86,378.81,292.05,0.0,on_time
2133,167,2017-08-11,2017-08-11,670.86,670.86,285.41,385.45,0.0,on_time
2134,167,2017-09-10,2017-09-10,670.86,670.86,469.74,201.12,0.0,on_time
2135,167,2017-10-10,2017-10-10,670.86,670.86,489.1,181.76,0.0,paid
2136,167,2017-11-09,2017-11-09,670.86,670.86,386.45,284.41,0.0,paid
2137,167,2017-12-09,2017-12-09,670.86,670.86,304.14,366.72,0.0,paid
2138,167,2018-01-08,2018-01-08,670.86,670.86,339.85,331.01,0.0,paid
2139,167,2018-02-07,2018-02-07,670.86,670.86,429.48,241.38,0.0,paid
2140,167,2018-03-09,2018-03-09,670.86,670.86,363.72,307.14,0.0,on_time
2141,167,2018-04-08,2018-04-08,670.86,670.86,355.96,314.9,0.0,paid
2142,168,2024-05-31,2024-05-31,735.73,735.73,536.98,198.75,0.0,paid
2143,168,2024-06-30,2024-06-30,735.73,735.73,510.94,224.79,0.0,on_time
2144,168,2024-07-30,,735.73,,,,67.82,missed
2145,168,2024-08-29,2024-09-05,735.73,735.73,586.61,149.12,69.17,late
2146,168,2024-09-28,2024-10-15,735.73,735.73,487.16,248.57,16.04,late
2147,168,2024-10-28,,735.73,,,,24.14,missed
2148,168,2024-11-27,2024-11-27,735.73,735.73,574.3,161.43,0.0,paid
2149,168,2024-12-27,2024-12-27,735.73,735.73,349.02,386.71,0.0,paid
2150,168,2025-01-26,,735.73,,,,26.78,missed
2151,168,2025-02-25,2025-02-25,735.73,735.73,502.6,233.13,0.0,paid
2152,168,2025-03-27,,735.73,,,,48.87,missed
2153,168,2025-04-26,2025-04-26,735.73,735.73,437.82,297.91,0.0,on_time
2154,168,2025-05-26,2025-05-27,735.73,735.73,534.34,201.39,54.07,late
2155,168,2025-06-25,2025-06-25,735.73,735.73,456.34,279.39,0.0,paid
2156,168,2025-07-25,2025-07-25,735.73,735.73,504.97,230.76,0.0,on_time
2157,168,2025-08-24,2025-08-24,735.73,735.73,402.57,333.16,0.0,on_time
2158,168,2025-09-23,2025-10-13,735.73,735.73,381.61,354.12,54.96,late
2159,169,2023-01-31,2023-01-31,636.05,636.05,286.83,349.22,0.0,paid
2160,169,2023-03-02,2023-03-02,636.05,636.05,356.9,279.15,0.0,paid
2161,169,2023-04-01,2023-04-01,636.05,636.05,480.28,155.77,0.0,on_time
2162,169,2023-05-01,2023-05-01,636.05,636.05,256.86,379.19,0.0,paid
2163,169,2023-05-31,2023-05-31,636.05,636.05,437.97,198.08,0.0,on_time
2164,169,2023-06-30,2023-06-30,636.05,636.05,297.05,339.0,0.0,paid
2165,169,2023-07-30,2023-07-30,636.05,636.05,374.9,261.15,0.0,paid
2166,170,2024-08-13,2024-08-16,1244.98,1244.98,880.78,364.2,58.81,late
2167,170,2024-09-12,2024-09-12,1244.98,1244.98,669.41,575.57,0.0,on_time
2168,170,2024-10-12,2024-10-12,1244.98,1244.98,764.24,480.74,0.0,paid
2169,170,2024-11-11,2024-11-11,1244.98,1244.98,719.19,525.79,0.0,on_time
2170,170,2024-12-11,2024-12-11,1244.98,1244.98,505.47,739.51,0.0,on_time
2171,170,2025-01-10,2025-01-10,1244.98,1244.98,613.85,631.13,0.0,paid
2172,170,2025-02-09,2025-02-09,1244.98,1244.98,824.79,420.19,0.0,on_time
2173,171,2020-12-02,2020-12-19,461.06,461.06,295.5,165.56,23.88,late
2174,171,2021-01-01,2021-01-01,461.06,461.06,201.41,259.65,0.0,on_time
2175,171,2021-01-31,2021-01-31,461.06,461.06,351.39,109.67,0.0,paid
2176,171,2021-03-02,,461.06,,,,47.92,missed
2177,171,2021-04-01,2021-04-07,461.06,461.06,298.25,162.81,51.12,late
2178,171,2021-05-01,2021-05-01,461.06,461.06,257.96,203.1,0.0,paid
2179,171,2021-05-31,2021-05-31,461.06,461.06,311.03,150.03,0.0,on_time
2180,171,2021-06-30,2021-06-30,461.06,461.06,359.62,101.44,0.0,paid
2181,171,2021-07-30,2021-07-30,461.06,461.06,362.52,98.54,0.0,on_time
2182,171,2021-08-29,2021-08-29,461.06,461.06,252.87,208.19,0.0,paid
2183,171,2021-09-28,2021-09-28,461.06,461.06,309.84,151.22,0.0,on_time
2184,171,2021-10-28,2021-11-12,461.06,461.06,262.28,198.78,54.14,late
2185,171,2021-11-27,2021-12-05,461.06,461.06,245.87,215.19,60.9,late
2186,172,2018-07-27,2018-07-27,186.25,186.25,74.66,111.59,0.0,on_time
2187,172,2018-08-26,2018-08-26,186.25,186.25,84.61,101.64,0.0,on_time
2188,172,2018-09-25,2018-09-25,186.25,186.25,133.55,52.7,0.0,on_time
2189,172,2018-10-25,2018-10-25,186.25,186.25,96.95,89.3,0.0,on_time
2190,172,2018-11-24,2018-11-24,186.25,186.25,97.88,88.37,0.0,on_time
2191,172,2018-12-24,2019-01-01,186.25,186.25,148.45,37.8,46.14,late
2192,172,2019-01-23,2019-01-23,186.25,186.25,86.27,99.98,0.0,on_time
2193,172,2019-02-22,2019-02-25,186.25,186.25,84.49,101.76,26.14,late
2194,172,2019-03-24,2019-03-24,186.25,186.25,95.23,91.02,0.0,on_time
2195,172,2019-04-23,2019-04-23,186.25,186.25,125.26,60.99,0.0,paid
2196,172,2019-05-23,2019-05-23,186.25,186.25,123.01,63.24,0.0,on_time
2197,172,2019-06-22,2019-06-22,186.25,186.25,106.78,79.47,0.0,paid
2198,172,2019-07-22,2019-08-08,186.25,186.25,82.94,103.31,72.67,late
2199,172,2019-08-21,2019-08-21,186.25,186.25,81.3,104.95,0.0,on_time
2200,172,2019-09-20,2019-09-20,186.25,186.25,103.47,82.78,0.0,paid
2201,172,2019-10-20,2019-10-20,186.25,186.25,139.52,46.73,0.0,paid
2202,172,2019-11-19,2019-11-23,186.25,186.25,138.44,47.81,19.99,late
2203,172,2019-12-19,2019-12-19,186.25,186.25,118.65,67.6,0.0,paid
2204,172,2020-01-18,2020-02-05,186.25,186.25,118.63,67.62,59.34,late
2205,172,2020-02-17,2020-02-17,186.25,186.25,145.1,41.15,0.0,on_time
2206,172,2020-03-18,2020-03-18,186.25,186.25,114.62,71.63,0.0,on_time
2207,173,2023-06-08,2023-06-19,786.48,786.48,392.86,393.62,20.41,late
2208,173,2023-07-08,2023-07-08,786.48,786.48,529.55,256.93,0.0,on_time
2209,173,2023-08-07,2023-08-07,786.48,786.48,537.75,248.73,0.0,on_time
2210,173,2023-09-06,2023-09-06,786.48,786.48,389.5,396.98,0.0,on_time
2211,173,2023-10-06,2023-10-06,786.48,786.48,487.91,298.57,0.0,on_time
2212,173,2023-11-05,2023-11-13,786.48,786.48,319.49,466.99,38.04,late
2213,173,2023-12-05,2023-12-05,786.48,786.48,317.27,469.21,0.0,on_time
2214,173,2024-01-04,2024-01-04,786.48,786.48,462.13,324.35,0.0,on_time
2215,173,2024-02-03,2024-02-03,786.48,786.48,369.15,417.33,0.0,on_time
2216,173,2024-03-04,2024-03-04,786.48,786.48,536.45,250.03,0.0,paid
2217,173,2024-04-03,2024-04-03,786.48,786.48,393.09,393.39,0.0,paid
2218,173,2024-05-03,2024-05-19,786.48,786.48,604.22,182.26,47.43,late
2219,173,2024-06-02,2024-06-02,786.48,786.48,524.3,262.18,0.0,paid
2220,174,2016-10-30,2016-11-12,548.32,548.32,331.32,217.0,39.32,late
2221,174,2016-11-29,2016-11-29,548.32,548.32,366.62,181.7,0.0,paid
2222,174,2016-12-29,2016-12-29,548.32,548.32,269.71,278.61,0.0,paid
2223,174,2017-01-28,2017-01-28,548.32,548.32,275.44,272.88,0.0,on_time
2224,174,2017-02-27,2017-03-05,548.32,548.32,290.63,257.69,68.07,late
2225,174,2017-03-29,2017-03-29,548.32,548.32,329.25,219.07,0.0,on_time
2226,174,2017-04-28,2017-04-28,548.32,548.32,250.95,297.37,0.0,on_time
2227,174,2017-05-28,2017-05-28,548.32,548.32,258.63,289.69,0.0,paid
2228,174,2017-06-27,2017-06-27,548.32,548.32,360.48,187.84,0.0,paid
2229,175,2017-02-07,2017-02-07,325.39,325.39,227.46,97.93,0.0,paid
2230,175,2017-03-09,2017-03-25,325.39,325.39,252.25,73.14,31.95,late
2231,175,2017-04-08,2017-04-08,325.39,325.39,222.28,103.11,0.0,paid
2232,175,2017-05-08,2017-05-08,325.39,325.39,235.7,89.69,0.0,on_time
2233,175,2017-06-07,2017-06-07,325.39,325.39,190.48,134.91,0.0,on_time
2234,175,2017-07-07,2017-07-07,325.39,325.39,231.83,93.56,0.0,paid
2235,175,2017-08-06,2017-08-06,325.39,325.39,213.26,112.13,0.0,on_time
2236,175,2017-09-05,2017-09-05,325.39,325.39,151.39,174.0,0.0,paid
2237,175,2017-10-05,2017-10-05,325.39,325.39,189.43,135.96,0.0,on_time
2238,175,2017-11-04,2017-11-04,325.39,325.39,154.63,170.76,0.0,paid
2239,176,2016-06-18,2016-06-18,926.41,926.41,655.87,270.54,0.0,paid
2240,176,2016-07-18,2016-07-18,926.41,926.41,468.25,458.16,0.0,on_time
2241,176,2016-08-17,2016-08-17,926.41,926.41,724.9,201.51,0.0,paid
2242,176,2016-09-16,2016-09-16,926.41,926.41,400.53,525.88,0.0,on_time
2243,176,2016-10-16,2016-10-16,926.41,926.41,468.66,457.75,0.0,paid
2244,176,2016-11-15,2016-11-15,926.41,926.41,438.07,488.34,0.0,paid
2245,176,2016-12-15,,926.41,,,,43.97,missed
2246,176,2017-01-14,2017-01-14,926.41,926.41,533.7,392.71,0.0,paid
2247,176,2017-02-13,2017-02-13,926.41,926.41,471.19,455.22,0.0,paid
2248,176,2017-03-15,2017-03-21,926.41,926.41,651.26,275.15,22.04,late
2249,176,2017-04-14,2017-04-14,926.41,926.41,409.42,516.99,0.0,on_time
2250,176,2017-05-14,2017-05-20,926.41,926.41,522.98,403.43,42.48,late
2251,177,2022-03-25,2022-03-25,424.55,424.55,305.69,118.86,0.0,paid
2252,177,2022-04-24,2022-04-24,424.55,424.55,266.84,157.71,0.0,on_time
2253,177,2022-05-24,2022-05-24,424.55,424.55,290.13,134.42,0.0,paid
2254,177,2022-06-23,2022-06-23,424.55,424.55,232.83,191.72,0.0,on_time
2255,177,2022-07-23,,424.55,,,,43.68,missed
2256,177,2022-08-22,2022-08-22,424.55,424.55,221.84,202.71,0.0,paid
2257,177,2022-09-21,2022-09-21,424.55,424.55,228.94,195.61,0.0,on_time
2258,177,2022-10-21,2022-10-21,424.55,424.55,172.85,251.7,0.0,on_time
2259,177,2022-11-20,2022-11-20,424.55,424.55,236.95,187.6,0.0,paid
2260,177,2022-12-20,2022-12-20,424.55,424.55,322.07,102.48,0.0,paid
2261,177,2023-01-19,2023-01-19,424.55,424.55,328.2,96.35,0.0,paid
2262,177,2023-02-18,,424.55,,,,17.86,missed
2263,177,2023-03-20,2023-03-29,424.55,424.55,289.86,134.69,53.73,late
2264,177,2023-04-19,2023-04-19,424.55,424.55,221.76,202.79,0.0,paid
2265,177,2023-05-19,2023-06-07,424.55,424.55,228.04,196.51,63.57,late
2266,177,2023-06-18,2023-06-18,424.55,424.55,197.94,226.61,0.0,paid
2267,177,2023-07-18,2023-07-31,424.55,424.55,187.34,237.21,42.12,late
2268,177,2023-08-17,2023-08-17,424.55,424.55,261.28,163.27,0.0,paid
2269,177,2023-09-16,2023-09-16,424.55,424.55,273.94,150.61,0.0,on_time
2270,177,2023-10-16,2023-10-16,424.55,424.55,243.48,181.07,0.0,paid
2271,177,2023-11-15,2023-11-23,424.55,424.55,274.48,150.07,47.41,late
2272,177,2023-12-15,2023-12-21,424.55,424.55,259.11,165.44,30.84,late
2273,177,2024-01-14,,424.55,,,,31.73,missed
2274,177,2024-02-13,2024-02-13,424.55,424.55,327.63,96.92,0.0,on_time
2275,178,2017-02-27,2017-02-27,483.89,483.89,220.16,263.73,0.0,on_time
2276,178,2017-03-29,2017-03-29,483.89,483.89,345.14,138.75,0.0,paid
2277,178,2017-04-28,2017-04-28,483.89,483.89,353.39,130.5,0.0,paid
2278,178,2017-05-28,2017-05-28,483.89,483.89,221.83,262.06,0.0,paid
2279,178,2017-06-27,,483.89,,,,32.54,missed
2280,178,2017-07-27,2017-07-27,483.89,483.89,355.88,128.01,0.0,on_time
2281,178,2017-08-26,2017-08-26,483.89,483.89,297.03,186.86,0.0,paid
2282,178,2017-09-25,2017-10-10,483.89,483.89,377.13,106.76,26.04,late
2283,178,2017-10-25,2017-10-25,483.89,483.89,332.57,151.32,0.0,paid
2284,178,2017-11-24,2017-11-24,483.89,483.89,246.99,236.9,0.0,on_time
2285,178,2017-12-24,2017-12-24,483.89,483.89,261.63,222.26,0.0,on_time
2286,178,2018-01-23,2018-01-23,483.89,483.89,204.0,279.89,0.0,on_time
2287,178,2018-02-22,2018-03-13,483.89,483.89,225.2,258.69,37.63,late
2288,178,2018-03-24,2018-03-24,483.89,483.89,224.64,259.25,0.0,on_time
2289,178,2018-04-23,2018-04-23,483.89,483.89,360.81,123.08,0.0,paid
2290,178,2018-05-23,2018-05-23,483.89,483.89,211.69,272.2,0.0,on_time
2291,179,2020-12-06,,2044.16,,,,15.84,missed
2292,179,2021-01-05,2021-01-05,2044.16,2044.16,1057.08,987.08,0.0,paid
2293,179,2021-02-04,2021-02-04,2044.16,2044.16,983.67,1060.49,0.0,paid
2294,179,2021-03-06,,2044.16,,,,31.83,missed
2295,179,2021-04-05,2021-04-05,2044.16,2044.16,1236.4,807.76,0.0,paid
2296,179,2021-05-05,2021-05-05,2044.16,2044.16,1000.87,1043.29,0.0,on_time
2297,179,2021-06-04,2021-06-04,2044.16,2044.16,1276.62,767.54,0.0,paid
2298,179,2021-07-04,2021-07-04,2044.16,2044.16,1128.17,915.99,0.0,paid
2299,179,2021-08-03,2021-08-03,2044.16,2044.16,1471.39,572.77,0.0,on_time
2300,180,2023-10-12,2023-10-12,176.96,176.96,117.23,59.73,0.0,paid
2301,180,2023-11-11,2023-11-28,176.96,176.96,95.05,81.91,59.17,late
2302,180,2023-12-11,2023-12-11,176.96,176.96,111.3,65.66,0.0,paid
2303,180,2024-01-10,2024-01-10,176.96,176.96,123.77,53.19,0.0,paid
2304,180,2024-02-09,2024-02-09,176.96,176.96,126.0,50.96,0.0,on_time
2305,180,2024-03-10,2024-03-10,176.96,176.96,71.89,105.07,0.0,on_time
2306,180,2024-04-09,2024-04-20,176.96,176.96,115.15,61.81,54.53,late
2307,180,2024-05-09,2024-05-09,176.96,176.96,139.95,37.01,0.0,paid
2308,180,2024-06-08,2024-06-08,176.96,176.96,79.53,97.43,0.0,paid
2309,180,2024-07-08,2024-07-08,176.96,176.96,71.98,104.98,0.0,on_time
2310,180,2024-08-07,2024-08-07,176.96,176.96,103.79,73.17,0.0,paid
