transaction_id,account_id,txn_type_id,amount,currency_code,txn_datetime,description,related_transaction_id
1,545,1,1874.19,USD,2025-01-19T22:19:48,Deposit,
2,508,2,-2252.3,USD,2024-01-27T02:13:54,ATM withdrawal,
3,189,5,-1984.04,USD,2022-06-05T17:12:43,Monthly fee,
4,379,1,1278.78,USD,2022-08-21T20:10:02,Deposit,
5,118,5,-207.95,USD,2024-07-17T18:57:32,Monthly fee,
6,232,5,-96.04,USD,2024-07-10T14:50:04,Monthly fee,
7,432,1,504.48,USD,2022-03-05T17:46:51,Deposit,
8,226,1,4272.98,USD,2024-06-22T07:19:53,Deposit,
9,441,2,-879.63,USD,2024-01-24T11:14:41,ATM withdrawal,
10,247,6,4319.21,USD,2023-10-19T06:06:31,Interest credit,
11,336,2,-4086.98,USD,2025-01-23T12:06:50,ATM withdrawal,
12,190,2,-1280.59,USD,2022-02-17T20:42:03,ATM withdrawal,
13,34,2,-1567.37,USD,2023-02-09T15:53:45,ATM withdrawal,
14,343,1,2667.54,USD,2023-12-05T01:40:02,Deposit,
15,190,2,-2805.38,USD,2023-07-02T00:42:33,ATM withdrawal,
16,503,5,-4904.5,USD,2024-09-26T22:33:46,Monthly fee,
17,268,2,-4576.82,USD,2023-12-11T02:40:35,ATM withdrawal,
18,39,2,-4023.85,USD,2023-09-29T05:07:40,ATM withdrawal,
19,309,2,-4358.88,USD,2025-12-23T16:19:04,ATM withdrawal,
20,397,2,-4700.45,USD,2025-12-23T08:56:18,ATM withdrawal,
21,503,6,3251.58,USD,2023-01-18T15:41:39,Interest credit,
22,427,2,-3090.22,USD,2022-11-05T00:22:23,ATM withdrawal,
23,83,5,-3705.31,USD,2024-08-10T00:50:16,Monthly fee,
24,364,2,-3685.26,USD,2023-04-19T00:18:14,ATM withdrawal,
25,257,5,-2778.5,USD,2024-01-11T18:35:58,Monthly fee,
26,524,2,-3454.72,USD,2024-11-23T15:18:18,ATM withdrawal,
27,226,2,-3366.79,USD,2023-02-27T03:16:40,ATM withdrawal,
28,12,2,-3048.62,USD,2023-04-11T00:03:34,ATM withdrawal,
29,109,1,1114.3,USD,2022-07-05T02:07:41,Deposit,
30,307,1,2460.42,USD,2024-02-05T18:29:34,Deposit,
31,448,2,-363.92,USD,2024-05-02T06:16:32,ATM withdrawal,
32,313,5,-1175.22,USD,2022-05-02T10:13:19,Monthly fee,
33,268,6,4862.43,USD,2023-12-28T00:50:32,Interest credit,
34,152,2,-2775.25,USD,2024-12-17T20:34:35,ATM withdrawal,
35,100,6,405.52,USD,2024-07-25T20:05:37,Interest credit,
36,335,1,2455.46,USD,2022-10-21T15:07:19,Deposit,
37,390,2,-1746.72,USD,2023-08-26T04:34:19,ATM withdrawal,
38,446,6,1077.46,USD,2025-07-17T22:58:49,Interest credit,
39,455,2,-267.6,USD,2022-12-08T06:33:14,ATM withdrawal,
40,159,2,-2409.87,USD,2023-10-02T19:16:15,ATM withdrawal,
41,144,6,4835.18,USD,2023-08-23T00:10:24,Interest credit,
42,362,5,-2750.46,USD,2025-06-17T05:16:23,Monthly fee,
43,52,2,-1181.97,USD,2023-05-23T03:01:32,ATM withdrawal,
44,102,5,-3240.29,USD,2025-01-03T23:01:52,Monthly fee,
45,334,1,1269.52,USD,2025-09-12T16:33:45,Deposit,
46,181,6,1131.03,USD,2025-07-26T08:57:37,Interest credit,
47,48,5,-3285.12,USD,2024-10-15T02:34:55,Monthly fee,
48,68,2,-4134.75,USD,2022-10-23T09:48:02,ATM withdrawal,
49,417,2,-4418.39,USD,2023-08-07T13:06:14,ATM withdrawal,
50,222,5,-1306.86,USD,2023-01-23T23:15:30,Monthly fee,
51,61,2,-4312.9,USD,2023-10-21T10:22:48,ATM withdrawal,
52,401,2,-1457.5,USD,2025-01-30T03:57:16,ATM withdrawal,
53,118,5,-2319.44,USD,2024-07-19T21:07:35,Monthly fee,
54,58,6,4576.63,USD,2025-03-02T04:09:48,Interest credit,
55,194,6,2073.33,USD,2022-10-07T17:40:23,Interest credit,
56,108,5,-536.15,USD,2022-01-01T16:48:53,Monthly fee,
57,185,6,1394.13,USD,2025-09-08T14:17:23,Interest credit,
58,422,5,-4283.48,USD,2025-04-05T20:48:38,Monthly fee,
59,154,5,-93.91,USD,2024-05-29T06:14:30,Monthly fee,
60,237,6,1445.92,USD,2023-02-17T11:48:14,Interest credit,
61,508,1,907.91,USD,2023-08-22T12:15:03,Deposit,
62,512,1,3246.07,USD,2022-04-29T19:21:33,Deposit,
63,212,1,1290.32,USD,2025-01-09T12:13:09,Deposit,
64,246,1,253.24,USD,2024-04-06T11:44:20,Deposit,
65,510,5,-2387.92,USD,2025-10-30T09:38:12,Monthly fee,
66,406,6,2455.05,USD,2023-10-30T04:06:25,Interest credit,
67,17,2,-1492.94,USD,2022-12-08T16:37:29,ATM withdrawal,
68,287,1,3090.26,USD,2025-11-06T18:13:17,Deposit,
69,401,5,-2379.88,USD,2025-05-12T06:23:14,Monthly fee,
70,345,6,823.31,USD,2022-08-04T23:20:18,Interest credit,
71,154,6,672.0,USD,2024-04-27T14:54:05,Interest credit,
72,539,2,-4649.36,USD,2024-09-05T01:05:13,ATM withdrawal,
73,442,1,2918.29,USD,2024-04-24T12:28:14,Deposit,
74,191,2,-606.11,USD,2025-08-09T14:41:49,ATM withdrawal,
75,459,5,-2950.61,USD,2022-05-18T09:16:31,Monthly fee,
76,491,2,-125.48,USD,2023-07-28T10:14:57,ATM withdrawal,
77,230,6,3658.09,USD,2024-03-04T18:50:29,Interest credit,
78,104,6,692.5,USD,2024-03-27T04:50:52,Interest credit,
79,280,2,-2880.19,USD,2025-09-10T01:48:25,ATM withdrawal,
80,227,1,197.88,USD,2024-08-11T18:33:11,Deposit,
81,213,2,-3199.54,USD,2025-02-11T18:56:04,ATM withdrawal,
82,486,6,3775.12,USD,2025-09-22T20:23:55,Interest credit,
83,429,2,-3112.46,USD,2022-06-02T03:32:29,ATM withdrawal,
84,106,6,714.15,USD,2025-08-09T18:33:30,Interest credit,
85,449,2,-1645.15,USD,2025-10-08T03:59:03,ATM withdrawal,
86,362,6,1064.94,USD,2023-09-07T13:33:21,Interest credit,
87,3,1,3102.98,USD,2024-07-07T19:43:16,Deposit,
88,468,2,-2929.14,USD,2025-08-18T12:49:59,ATM withdrawal,
89,102,6,4276.1,USD,2022-11-12T23:44:39,Interest credit,
90,42,6,2869.35,USD,2022-09-29T18:25:34,Interest credit,
91,393,2,-3238.78,USD,2024-05-24T23:47:31,ATM withdrawal,
92,464,6,1157.2,USD,2024-02-08T12:14:55,Interest credit,
93,382,2,-2378.18,USD,2024-04-05T00:01:50,ATM withdrawal,
94,464,5,-1842.09,USD,2023-06-10T00:41:35,Monthly fee,
95,283,1,3548.16,USD,2024-11-11T07:49:32,Deposit,
96,53,1,336.33,USD,2023-10-12T04:50:34,Deposit,
97,135,1,4053.7,USD,2025-08-08T15:38:00,Deposit,
98,510,6,4263.25,USD,2025-04-04T21:32:46,Interest credit,
99,550,6,622.5,USD,2024-11-23T05:23:26,Interest credit,
100,71,6,2134.83,USD,2022-03-24T05:35:41,Interest credit,
101,4,2,-4451.87,USD,2025-02-22T00:09:10,ATM withdrawal,
102,184,5,-1474.44,USD,2024-03-05T13:05:44,Monthly fee,
103,424,5,-466.97,USD,2025-12-02T11:35:27,Monthly fee,
104,408,6,4964.1,USD,2024-04-06T11:31:52,Interest credit,
105,54,5,-4535.12,USD,2025-01-20T16:12:12,Monthly fee,
106,180,2,-4928.09,USD,2025-10-11T23:33:16,ATM withdrawal,
107,26,1,940.28,USD,2024-03-20T19:04:29,Deposit,
108,415,5,-2882.17,USD,2024-01-19T14:28:56,Monthly fee,
109,304,2,-2223.98,USD,2023-10-08T18:35:16,ATM withdrawal,
110,57,6,134.03,USD,2023-10-22T09:29:09,Interest credit,
111,50,2,-2169.54,USD,2024-03-06T22:20:51,ATM withdrawal,
112,146,6,2299.26,USD,2025-05-01T08:57:30,Interest credit,
113,114,1,3509.79,USD,2024-04-19T17:02:31,Deposit,
114,238,1,3632.11,USD,2022-04-05T00:59:05,Deposit,
115,459,6,2352.0,USD,2024-02-24T21:02:03,Interest credit,
116,184,2,-73.56,USD,2025-08-20T07:44:44,ATM withdrawal,
117,441,5,-3866.0,USD,2023-03-21T16:10:08,Monthly fee,
118,255,5,-1601.28,USD,2022-10-16T00:38:19,Monthly fee,
119,104,2,-4961.71,USD,2023-11-20T20:45:25,ATM withdrawal,
120,191,1,743.61,USD,2022-02-17T05:23:16,Deposit,
121,27,5,-534.03,USD,2023-01-23T18:50:25,Monthly fee,
122,342,5,-1743.98,USD,2023-11-06T22:20:06,Monthly fee,
123,456,6,1600.89,USD,2025-06-10T17:14:26,Interest credit,
124,311,5,-135.46,USD,2025-05-12T20:56:11,Monthly fee,
125,418,2,-2558.62,USD,2025-06-15T15:23:43,ATM withdrawal,
126,503,2,-301.63,USD,2025-09-21T23:12:45,ATM withdrawal,
127,102,5,-3463.77,USD,2022-01-21T12:06:19,Monthly fee,
128,243,2,-2553.45,USD,2024-01-20T16:36:39,ATM withdrawal,
129,297,6,200.26,USD,2025-09-11T18:52:01,Interest credit,
130,425,1,2762.25,USD,2022-09-21T07:50:53,Deposit,
131,484,1,304.07,USD,2023-09-14T18:03:31,Deposit,
132,99,1,1121.74,USD,2024-05-14T08:27:34,Deposit,
133,56,6,3552.54,USD,2024-12-16T14:32:20,Interest credit,
134,27,2,-2995.98,USD,2022-10-19T20:51:29,ATM withdrawal,
135,496,1,1685.05,USD,2025-10-06T17:47:31,Deposit,
136,341,1,3596.02,USD,2024-11-04T22:53:39,Deposit,
137,350,2,-3652.29,USD,2023-05-31T05:53:36,ATM withdrawal,
138,463,1,1153.28,USD,2024-08-05T23:48:50,Deposit,
139,506,2,-1163.95,USD,2024-11-18T00:55:01,ATM withdrawal,
140,259,1,1284.67,USD,2023-02-01T05:41:58,Deposit,
141,428,5,-3180.18,USD,2022-09-10T00:52:16,Monthly fee,
142,137,2,-4071.23,USD,2022-01-29T01:57:44,ATM withdrawal,
143,397,5,-2734.24,USD,2022-12-23T22:58:44,Monthly fee,
144,195,2,-1301.4,USD,2024-09-22T16:04:39,ATM withdrawal,
145,235,5,-4295.27,USD,2022-07-10T02:57:18,Monthly fee,
146,449,5,-1986.91,USD,2023-10-07T15:14:10,Monthly fee,
147,325,1,3542.86,USD,2023-05-28T03:21:56,Deposit,
148,430,1,2284.7,USD,2023-01-24T02:11:17,Deposit,
149,232,2,-583.44,USD,2025-04-05T14:36:09,ATM withdrawal,
150,259,6,4052.48,USD,2025-12-05T12:07:29,Interest credit,
151,281,1,1145.98,USD,2025-07-27T22:13:45,Deposit,
152,39,1,3845.94,USD,2024-02-25T16:17:07,Deposit,
153,460,2,-2449.42,USD,2023-07-10T01:25:36,ATM withdrawal,
154,503,5,-1317.24,USD,2023-04-11T05:24:12,Monthly fee,
155,6,1,4020.79,USD,2023-10-18T01:58:35,Deposit,
156,135,2,-3068.59,USD,2023-02-18T01:37:09,ATM withdrawal,
157,149,1,3824.85,USD,2023-02-28T14:01:16,Deposit,
158,330,1,1086.81,USD,2024-11-19T13:01:31,Deposit,
159,169,5,-973.31,USD,2024-04-20T04:32:29,Monthly fee,
160,193,5,-1678.22,USD,2022-10-11T18:23:52,Monthly fee,
161,120,6,3371.33,USD,2022-10-26T17:46:21,Interest credit,
162,342,6,2498.62,USD,2023-05-11T03:24:57,Interest credit,
163,41,2,-2366.87,USD,2024-05-20T06:46:45,ATM withdrawal,
164,304,6,4076.82,USD,2024-01-11T23:25:58,Interest credit,
165,98,2,-2651.84,USD,2022-04-24T13:38:53,ATM withdrawal,
166,357,5,-3922.73,USD,2022-11-20T03:06:02,Monthly fee,
167,340,2,-400.02,USD,2022-08-14T10:24:51,ATM withdrawal,
168,401,6,3586.95,USD,2025-11-03T10:39:28,Interest credit,
169,108,2,-1344.54,USD,2022-08-21T04:38:09,ATM withdrawal,
170,550,1,47.87,USD,2022-12-12T06:35:40,Deposit,
171,333,2,-1271.26,USD,2025-06-23T12:20:44,ATM withdrawal,
172,367,5,-4825.13,USD,2022-03-30T16:20:20,Monthly fee,
173,268,5,-3005.09,USD,2025-07-18T22:54:02,Monthly fee,
174,397,1,1533.1,USD,2025-04-01T17:30:32,Deposit,
175,541,5,-3109.75,USD,2025-01-20T09:49:17,Monthly fee,
176,2,6,198.69,USD,2024-03-05T18:48:59,Interest credit,
177,36,5,-2982.66,USD,2022-04-10T11:43:41,Monthly fee,
178,136,1,4879.72,USD,2024-12-14T18:39:01,Deposit,
179,192,1,3976.85,USD,2024-10-14T14:31:12,Deposit,
180,53,1,1651.94,USD,2022-02-10T05:37:14,Deposit,
181,212,2,-4767.6,USD,2024-08-10T14:03:22,ATM withdrawal,
182,145,6,2893.46,USD,2023-12-25T07:34:19,Interest credit,
183,104,2,-4683.4,USD,2025-11-26T14:37:40,ATM withdrawal,
184,107,2,-721.51,USD,2023-03-28T07:08:44,ATM withdrawal,
185,367,5,-3853.69,USD,2025-11-14T00:19:48,Monthly fee,
186,81,6,868.15,USD,2023-07-18T05:08:06,Interest credit,
187,132,1,446.12,USD,2023-10-30T09:41:17,Deposit,
188,318,5,-81.83,USD,2025-10-19T09:48:26,Monthly fee,
189,75,1,3395.08,USD,2022-05-25T12:53:34,Deposit,
190,96,1,2476.31,USD,2023-05-21T15:31:43,Deposit,
191,502,2,-78.85,USD,2025-06-23T20:40:21,ATM withdrawal,
192,98,5,-3173.26,USD,2024-03-17T00:28:12,Monthly fee,
193,506,2,-289.81,USD,2022-03-23T07:40:11,ATM withdrawal,
194,306,1,1422.49,USD,2022-02-11T03:10:04,Deposit,
195,456,5,-4773.69,USD,2025-12-20T20:56:55,Monthly fee,
196,211,5,-1003.92,USD,2022-05-23T08:21:23,Monthly fee,
197,34,1,786.08,USD,2022-02-02T08:15:05,Deposit,
198,164,6,2683.04,USD,2024-05-20T13:29:28,Interest credit,
199,354,6,1470.83,USD,2025-06-03T16:49:42,Interest credit,
200,207,6,1214.18,USD,2022-11-05T01:36:18,Interest credit,
201,536,1,2035.2,USD,2023-12-28T06:05:56,Deposit,
202,2,6,4732.7,USD,2022-03-10T02:48:19,Interest credit,
203,390,1,4640.56,USD,2024-08-19T01:50:40,Deposit,
204,168,6,3488.76,USD,2023-04-13T19:08:17,Interest credit,
205,400,6,2693.12,USD,2023-04-19T02:19:44,Interest credit,
206,398,5,-792.66,USD,2022-03-01T16:51:33,Monthly fee,
207,180,2,-711.08,USD,2023-06-27T20:12:39,ATM withdrawal,
208,421,6,4258.72,USD,2023-09-17T22:42:28,Interest credit,
209,503,2,-4746.03,USD,2023-05-26T15:10:16,ATM withdrawal,
210,169,2,-3248.05,USD,2023-05-21T07:08:19,ATM withdrawal,
211,6,6,364.23,USD,2024-04-05T21:39:41,Interest credit,
212,296,6,105.36,USD,2024-03-22T18:52:58,Interest credit,
213,154,6,1265.2,USD,2024-01-30T00:59:23,Interest credit,
214,417,5,-3333.06,USD,2022-12-10T12:05:58,Monthly fee,
215,440,1,1002.5,USD,2023-04-01T20:48:33,Deposit,
216,73,2,-3825.45,USD,2025-02-21T01:11:20,ATM withdrawal,
217,402,2,-421.43,USD,2024-06-25T08:30:27,ATM withdrawal,
218,49,5,-3664.55,USD,2022-04-30T09:09:17,Monthly fee,
219,112,5,-736.59,USD,2025-10-19T13:20:24,Monthly fee,
220,159,6,356.32,USD,2024-03-20T01:16:25,Interest credit,
221,305,2,-138.06,USD,2022-02-25T14:10:19,ATM withdrawal,
222,475,6,4466.37,USD,2025-11-13T00:58:22,Interest credit,
223,224,1,4202.71,USD,2025-06-17T22:30:48,Deposit,
224,542,2,-2313.72,USD,2024-09-05T12:24:50,ATM withdrawal,
225,230,6,2364.66,USD,2024-09-13T05:19:49,Interest credit,
226,181,5,-848.53,USD,2024-11-10T09:50:44,Monthly fee,
227,74,2,-4233.55,USD,2025-09-28T15:40:26,ATM withdrawal,
228,109,2,-3771.56,USD,2024-10-30T04:27:06,ATM withdrawal,
229,164,5,-4173.49,USD,2025-04-09T19:55:53,Monthly fee,
230,473,6,3048.28,USD,2025-05-14T09:42:53,Interest credit,
231,518,1,2916.23,USD,2025-11-20T01:26:45,Deposit,
232,125,2,-4235.21,USD,2023-12-12T12:05:46,ATM withdrawal,
233,11,5,-4565.2,USD,2025-02-18T13:30:53,Monthly fee,
234,193,2,-1621.5,USD,2024-12-03T12:32:17,ATM withdrawal,
235,534,1,155.85,USD,2022-11-24T08:29:04,Deposit,
236,397,5,-4580.5,USD,2025-06-14T06:40:54,Monthly fee,
237,549,6,4463.39,USD,2022-05-23T05:01:21,Interest credit,
238,270,1,1777.38,USD,2022-09-21T16:01:46,Deposit,
239,496,6,4402.8,USD,2023-09-06T14:49:30,Interest credit,
240,8,1,2104.55,USD,2025-04-05T12:08:58,Deposit,
241,17,2,-3318.72,USD,2023-01-31T12:08:31,ATM withdrawal,
242,32,6,1859.02,USD,2023-05-15T21:35:04,Interest credit,
243,214,6,2702.57,USD,2023-11-09T12:44:08,Interest credit,
244,207,5,-1476.65,USD,2023-04-08T11:41:59,Monthly fee,
245,70,2,-2943.99,USD,2022-02-09T09:23:34,ATM withdrawal,
246,426,2,-3540.95,USD,2023-12-27T19:59:23,ATM withdrawal,
247,142,5,-4085.86,USD,2022-04-09T10:54:02,Monthly fee,
248,59,5,-4139.14,USD,2022-06-29T23:50:01,Monthly fee,
249,409,6,3821.75,USD,2022-01-26T11:35:32,Interest credit,
250,46,5,-2845.99,USD,2025-08-06T08:13:37,Monthly fee,
251,516,1,1687.73,USD,2024-12-14T20:32:15,Deposit,
252,167,2,-4734.76,USD,2024-09-28T01:10:07,ATM withdrawal,
253,110,6,2716.77,USD,2024-03-10T12:42:52,Interest credit,
254,45,2,-4091.06,USD,2025-06-01T21:44:11,ATM withdrawal,
255,538,1,1290.25,USD,2024-11-02T19:25:58,Deposit,
256,359,6,4302.06,USD,2025-04-22T21:54:06,Interest credit,
257,494,1,4773.61,USD,2024-01-20T08:43:48,Deposit,
258,193,6,4016.81,USD,2022-05-22T10:15:35,Interest credit,
259,226,2,-4742.93,USD,2024-03-06T20:54:49,ATM withdrawal,
260,313,5,-2953.59,USD,2023-08-03T14:44:18,Monthly fee,
261,235,1,1167.74,USD,2025-08-09T04:27:29,Deposit,
262,275,5,-4007.56,USD,2024-06-08T23:55:04,Monthly fee,
263,112,5,-4667.66,USD,2024-03-28T17:41:04,Monthly fee,
264,419,1,2983.29,USD,2024-02-24T09:42:03,Deposit,
265,379,6,2559.4,USD,2024-05-26T13:01:48,Interest credit,
266,78,6,4663.35,USD,2022-11-19T21:39:24,Interest credit,
267,99,5,-3746.25,USD,2024-08-22T07:01:28,Monthly fee,
268,300,1,751.42,USD,2025-05-10T15:46:45,Deposit,
269,138,6,1015.55,USD,2022-08-18T18:57:39,Interest credit,
270,438,5,-1979.36,USD,2024-02-03T04:06:30,Monthly fee,
271,300,5,-3263.72,USD,2023-10-06T17:37:58,Monthly fee,
272,549,5,-980.67,USD,2025-02-06T13:35:18,Monthly fee,
273,311,2,-3444.57,USD,2022-02-16T21:25:56,ATM withdrawal,
274,536,5,-536.22,USD,2023-09-14T11:29:57,Monthly fee,
275,363,5,-4736.85,USD,2024-07-19T06:35:55,Monthly fee,
276,68,5,-3168.13,USD,2024-07-14T18:38:30,Monthly fee,
277,135,1,1722.13,USD,2024-05-19T02:12:41,Deposit,
278,22,2,-4945.25,USD,2025-07-08T07:54:10,ATM withdrawal,
279,493,6,1081.99,USD,2022-07-04T12:45:40,Interest credit,
280,291,6,1034.68,USD,2025-03-29T14:25:33,Interest credit,
281,475,6,1835.56,USD,2024-04-16T09:54:31,Interest credit,
282,112,1,3372.84,USD,2024-09-14T11:14:17,Deposit,
283,40,6,543.05,USD,2025-07-21T18:57:40,Interest credit,
284,452,5,-571.77,USD,2024-09-21T10:26:13,Monthly fee,
285,290,5,-296.99,USD,2022-04-13T04:07:02,Monthly fee,
286,104,6,4068.13,USD,2023-01-09T13:39:26,Interest credit,
287,430,6,816.98,USD,2024-07-20T16:44:53,Interest credit,
288,245,2,-879.63,USD,2022-12-31T12:59:13,ATM withdrawal,
289,504,2,-330.33,USD,2024-04-25T16:11:19,ATM withdrawal,
290,199,6,2910.01,USD,2022-05-27T04:56:02,Interest credit,
291,46,6,2366.27,USD,2025-11-10T19:28:10,Interest credit,
292,433,6,607.37,USD,2024-01-29T13:37:05,Interest credit,
293,309,6,4029.79,USD,2022-01-31T02:10:39,Interest credit,
294,217,5,-3430.33,USD,2023-08-23T02:56:50,Monthly fee,
295,392,5,-1936.18,USD,2024-09-25T21:06:22,Monthly fee,
296,44,1,2160.47,USD,2025-11-24T21:25:22,Deposit,
297,170,5,-4523.84,USD,2022-04-13T01:16:20,Monthly fee,
298,384,6,3476.16,USD,2024-11-08T12:34:55,Interest credit,
299,344,2,-754.43,USD,2022-09-16T23:03:01,ATM withdrawal,
300,395,5,-3606.63,USD,2025-07-01T15:41:28,Monthly fee,
301,314,1,1488.03,USD,2022-10-05T20:03:05,Deposit,
302,520,1,1058.36,USD,2023-08-08T04:00:45,Deposit,
303,388,6,4240.65,USD,2022-12-21T02:59:31,Interest credit,
304,29,5,-4173.82,USD,2024-05-28T13:33:30,Monthly fee,
305,29,1,3998.12,USD,2025-06-04T12:09:07,Deposit,
306,83,6,2419.64,USD,2022-10-28T07:02:16,Interest credit,
307,399,5,-2539.68,USD,2024-03-24T11:38:38,Monthly fee,
308,3,1,2034.83,USD,2024-04-30T11:34:52,Deposit,
309,105,2,-2112.5,USD,2024-04-14T22:10:10,ATM withdrawal,
310,157,1,2718.15,USD,2022-05-09T21:01:08,Deposit,
311,103,2,-4289.63,USD,2025-12-23T22:23:01,ATM withdrawal,
312,391,2,-3013.39,USD,2023-06-17T15:35:12,ATM withdrawal,
313,302,1,3476.8,USD,2024-03-23T00:48:43,Deposit,
314,149,5,-3482.77,USD,2023-09-11T00:47:29,Monthly fee,
315,310,2,-1557.2,USD,2023-08-07T03:42:29,ATM withdrawal,
316,378,6,2149.07,USD,2024-02-29T02:53:38,Interest credit,
317,408,2,-442.35,USD,2022-12-15T07:37:59,ATM withdrawal,
318,185,5,-54.4,USD,2025-10-15T18:30:51,Monthly fee,
319,394,1,204.09,USD,2023-02-02T04:51:06,Deposit,
320,402,5,-4256.92,USD,2024-10-25T22:00:35,Monthly fee,
321,471,2,-1895.54,USD,2024-09-01T21:02:55,ATM withdrawal,
322,340,1,3648.35,USD,2025-06-23T07:54:33,Deposit,
323,549,2,-4650.05,USD,2022-05-07T19:01:17,ATM withdrawal,
324,350,1,1976.3,USD,2024-08-20T05:38:55,Deposit,
325,85,2,-54.01,USD,2022-09-22T01:05:35,ATM withdrawal,
326,375,1,3860.33,USD,2022-11-24T15:14:07,Deposit,
327,81,6,4386.91,USD,2023-12-21T13:31:59,Interest credit,
328,191,2,-1376.69,USD,2022-11-17T16:24:59,ATM withdrawal,
329,344,1,3498.86,USD,2024-11-23T09:07:03,Deposit,
330,99,5,-4026.37,USD,2025-04-04T19:40:45,Monthly fee,
331,192,2,-910.63,USD,2025-04-13T05:44:56,ATM withdrawal,
332,278,5,-3958.81,USD,2023-06-24T00:45:47,Monthly fee,
333,410,6,4632.04,USD,2022-06-25T11:36:40,Interest credit,
334,182,2,-675.71,USD,2025-04-25T15:52:24,ATM withdrawal,
335,285,6,334.0,USD,2023-01-21T23:35:10,Interest credit,
336,357,5,-3444.81,USD,2022-09-01T09:14:11,Monthly fee,
337,77,1,3543.22,USD,2022-12-16T08:22:24,Deposit,
338,63,5,-389.97,USD,2022-12-25T01:33:40,Monthly fee,
339,40,6,573.76,USD,2024-07-14T16:00:33,Interest credit,
340,507,1,1002.63,USD,2023-04-04T16:45:19,Deposit,
341,453,2,-752.03,USD,2023-06-28T04:57:03,ATM withdrawal,
342,367,6,300.6,USD,2023-04-03T13:23:36,Interest credit,
343,384,2,-1583.07,USD,2022-02-22T15:46:11,ATM withdrawal,
344,491,2,-3008.76,USD,2025-12-04T08:45:27,ATM withdrawal,
345,74,1,3643.85,USD,2022-10-21T02:41:14,Deposit,
346,492,1,909.45,USD,2024-06-01T23:04:24,Deposit,
347,501,1,1934.25,USD,2025-11-14T15:11:52,Deposit,
348,510,1,759.6,USD,2023-08-22T02:02:50,Deposit,
349,170,6,814.32,USD,2022-02-03T17:13:00,Interest credit,
350,212,2,-98.37,USD,2025-03-31T02:19:45,ATM withdrawal,
351,232,1,4186.97,USD,2023-05-02T17:51:53,Deposit,
352,262,1,3911.34,USD,2023-05-23T02:43:04,Deposit,
353,529,2,-1152.76,USD,2024-09-13T07:05:14,ATM withdrawal,
354,474,2,-2841.36,USD,2024-11-29T15:52:11,ATM withdrawal,
355,542,6,4649.35,USD,2022-05-30T06:58:47,Interest credit,
356,42,5,-707.82,USD,2023-04-21T16:30:42,Monthly fee,
357,409,1,3709.21,USD,2022-01-15T00:47:30,Deposit,
358,470,6,1412.2,USD,2024-08-01T14:47:02,Interest credit,
359,474,5,-750.15,USD,2023-05-19T18:39:04,Monthly fee,
360,193,5,-4258.58,USD,2022-05-20T07:07:55,Monthly fee,
361,472,5,-1255.08,USD,2025-10-09T20:21:51,Monthly fee,
362,125,5,-1267.49,USD,2022-12-16T21:14:13,Monthly fee,
363,267,5,-212.04,USD,2024-02-03T22:35:41,Monthly fee,
364,519,5,-3965.35,USD,2022-05-11T00:33:33,Monthly fee,
365,156,1,2221.41,USD,2022-01-03T16:42:28,Deposit,
366,281,5,-1220.75,USD,2023-11-27T19:53:40,Monthly fee,
367,444,5,-3372.74,USD,2024-03-23T22:00:35,Monthly fee,
368,460,2,-4122.84,USD,2023-11-25T08:31:55,ATM withdrawal,
369,508,6,1656.33,USD,2024-11-13T17:07:47,Interest credit,
370,461,6,2686.86,USD,2024-01-25T06:08:17,Interest credit,
371,483,1,4039.62,USD,2022-08-18T00:54:58,Deposit,
372,122,6,760.01,USD,2025-05-29T16:36:55,Interest credit,
373,492,5,-3905.72,USD,2023-08-07T13:37:49,Monthly fee,
374,207,1,2098.03,USD,2025-11-19T02:51:55,Deposit,
375,354,1,1944.7,USD,2025-06-15T03:45:39,Deposit,
376,20,6,240.56,USD,2023-07-09T08:21:07,Interest credit,
377,386,5,-4159.97,USD,2023-01-06T07:47:01,Monthly fee,
378,390,6,330.68,USD,2025-06-17T00:07:30,Interest credit,
379,279,5,-823.92,USD,2023-10-18T05:17:54,Monthly fee,
380,419,6,601.13,USD,2023-03-23T01:24:45,Interest credit,
381,304,6,4562.28,USD,2025-11-09T18:01:49,Interest credit,
382,542,6,1766.73,USD,2023-11-28T17:41:36,Interest credit,
383,209,2,-3630.75,USD,2023-03-03T10:42:38,ATM withdrawal,
384,370,1,1182.42,USD,2023-04-09T02:57:45,Deposit,
385,419,5,-4537.03,USD,2023-02-07T04:15:11,Monthly fee,
386,283,6,2836.96,USD,2023-12-20T11:07:26,Interest credit,
387,509,2,-3286.41,USD,2024-10-14T15:30:50,ATM withdrawal,
388,162,1,1543.55,USD,2025-02-26T15:54:07,Deposit,
389,515,5,-712.88,USD,2022-08-16T23:24:46,Monthly fee,
390,436,5,-2084.2,USD,2023-12-29T11:46:13,Monthly fee,
391,167,5,-97.38,USD,2023-02-21T08:31:27,Monthly fee,
392,412,5,-3707.18,USD,2025-11-21T08:59:53,Monthly fee,
393,314,1,2092.02,USD,2024-11-26T19:37:46,Deposit,
394,308,2,-1703.63,USD,2022-11-27T16:12:25,ATM withdrawal,
395,238,1,4342.4,USD,2025-02-07T00:04:06,Deposit,
396,502,2,-571.38,USD,2023-01-24T18:34:46,ATM withdrawal,
397,194,1,4601.54,USD,2022-03-15T22:01:51,Deposit,
398,363,6,3137.48,USD,2023-12-01T14:56:52,Interest credit,
399,169,2,-2686.9,USD,2025-09-28T03:26:46,ATM withdrawal,
400,49,1,2727.64,USD,2024-05-29T02:37:06,Deposit,
401,250,6,3387.68,USD,2022-05-02T22:26:37,Interest credit,
402,341,1,3911.0,USD,2024-01-10T23:58:04,Deposit,
403,525,5,-236.84,USD,2025-08-12T15:58:31,Monthly fee,
404,248,5,-183.92,USD,2022-09-05T16:50:33,Monthly fee,
405,310,6,4158.02,USD,2022-05-11T12:14:11,Interest credit,
406,169,5,-1776.37,USD,2023-04-03T07:27:26,Monthly fee,
407,6,2,-1119.22,USD,2022-10-28T23:50:05,ATM withdrawal,
408,510,2,-4998.68,USD,2022-08-05T03:54:35,ATM withdrawal,
409,179,1,1243.15,USD,2025-12-05T10:04:01,Deposit,
410,159,6,433.96,USD,2022-02-06T11:57:41,Interest credit,
411,534,1,1329.91,USD,2025-07-04T18:26:42,Deposit,
412,53,5,-1888.05,USD,2023-05-14T06:02:37,Monthly fee,
413,262,6,2885.6,USD,2025-12-20T14:25:32,Interest credit,
414,540,5,-3631.98,USD,2023-02-09T08:50:41,Monthly fee,
415,395,5,-1627.64,USD,2022-11-15T19:20:16,Monthly fee,
416,413,2,-4830.71,USD,2024-09-03T06:15:14,ATM withdrawal,
417,11,1,1117.52,USD,2022-01-15T08:29:06,Deposit,
418,391,6,4062.02,USD,2022-11-07T07:18:41,Interest credit,
419,181,5,-1241.02,USD,2025-08-14T01:07:58,Monthly fee,
420,129,1,2966.91,USD,2022-01-25T00:06:05,Deposit,
421,140,5,-675.34,USD,2024-09-26T21:46:32,Monthly fee,
422,105,6,3670.25,USD,2023-08-22T03:19:24,Interest credit,
423,357,6,4131.83,USD,2025-08-26T07:28:02,Interest credit,
424,506,1,3160.23,USD,2025-11-14T07:40:42,Deposit,
425,487,2,-3828.51,USD,2024-07-22T22:23:05,ATM withdrawal,
426,262,2,-1871.82,USD,2023-05-06T10:22:47,ATM withdrawal,
427,270,6,3703.69,USD,2022-09-16T04:43:34,Interest credit,
428,308,6,3815.96,USD,2024-04-08T12:02:03,Interest credit,
429,499,5,-3912.49,USD,2025-03-28T00:36:58,Monthly fee,
430,94,2,-1906.1,USD,2025-05-27T07:23:35,ATM withdrawal,
431,101,5,-510.64,USD,2022-07-17T17:50:55,Monthly fee,
432,380,5,-288.31,USD,2023-09-29T16:38:51,Monthly fee,
433,412,5,-2176.48,USD,2025-02-04T08:24:36,Monthly fee,
434,378,5,-3353.28,USD,2025-05-08T10:57:24,Monthly fee,
435,479,6,1805.98,USD,2024-05-27T02:10:15,Interest credit,
436,299,1,231.77,USD,2022-06-17T22:20:08,Deposit,
437,184,1,4412.18,USD,2022-02-21T20:05:22,Deposit,
438,27,6,2155.11,USD,2025-04-30T22:51:17,Interest credit,
439,175,1,495.72,USD,2022-08-12T14:08:49,Deposit,
440,190,1,2962.53,USD,2023-04-01T08:11:11,Deposit,
441,26,2,-1489.1,USD,2022-06-23T21:38:35,ATM withdrawal,
442,369,6,2280.53,USD,2024-11-14T15:13:18,Interest credit,
443,114,2,-4801.25,USD,2022-11-02T06:02:45,ATM withdrawal,
444,468,2,-1580.33,USD,2022-07-23T20:13:24,ATM withdrawal,
445,71,6,2334.43,USD,2025-03-29T15:32:58,Interest credit,
446,369,2,-3721.68,USD,2025-10-30T11:58:59,ATM withdrawal,
447,167,5,-2669.89,USD,2023-05-21T10:20:40,Monthly fee,
448,349,1,1578.04,USD,2022-08-04T09:15:26,Deposit,
449,56,5,-1203.34,USD,2024-10-06T04:56:18,Monthly fee,
450,241,1,4923.66,USD,2024-11-15T09:35:48,Deposit,
451,415,1,2133.8,USD,2023-06-23T20:07:59,Deposit,
452,306,5,-3691.91,USD,2024-01-13T23:51:56,Monthly fee,
453,52,6,2897.06,USD,2023-05-24T15:21:44,Interest credit,
454,498,1,509.06,USD,2023-12-30T00:33:34,Deposit,
455,2,6,1014.38,USD,2023-11-27T16:18:21,Interest credit,
456,279,5,-38.7,USD,2023-10-19T22:42:41,Monthly fee,
457,186,6,1723.19,USD,2024-09-15T01:54:55,Interest credit,
458,261,6,2057.5,USD,2024-10-25T01:38:35,Interest credit,
459,363,6,2744.16,USD,2023-10-03T01:22:06,Interest credit,
460,539,2,-1385.87,USD,2022-03-03T05:29:23,ATM withdrawal,
461,372,5,-3174.16,USD,2025-10-17T01:07:58,Monthly fee,
462,283,2,-4427.35,USD,2025-04-22T10:01:15,ATM withdrawal,
463,207,6,2881.28,USD,2024-02-19T17:14:19,Interest credit,
464,37,2,-4382.2,USD,2022-09-10T00:17:22,ATM withdrawal,
465,306,1,3142.15,USD,2025-07-17T09:24:01,Deposit,
466,405,5,-941.9,USD,2023-09-20T20:37:13,Monthly fee,
467,22,6,2056.99,USD,2024-06-14T06:19:38,Interest credit,
468,128,6,1882.89,USD,2022-04-21T11:47:20,Interest credit,
469,505,6,4816.9,USD,2025-03-23T01:16:22,Interest credit,
470,345,5,-964.34,USD,2023-01-17T07:12:05,Monthly fee,
471,217,1,3491.8,USD,2025-11-06T02:45:02,Deposit,
472,128,1,3411.37,USD,2022-03-25T06:34:31,Deposit,
473,483,2,-4643.58,USD,2025-01-27T00:56:02,ATM withdrawal,
474,457,6,3913.59,USD,2025-02-18T19:50:52,Interest credit,
475,529,1,4295.03,USD,2025-11-16T12:35:49,Deposit,
476,464,1,3469.45,USD,2024-05-02T12:27:32,Deposit,
477,520,5,-4655.05,USD,2023-02-06T02:27:20,Monthly fee,
478,34,2,-1129.66,USD,2024-12-26T02:42:11,ATM withdrawal,
479,503,2,-3943.51,USD,2025-05-26T23:02:06,ATM withdrawal,
480,276,1,1802.87,USD,2023-02-13T19:14:17,Deposit,
481,386,5,-2394.88,USD,2023-05-18T16:56:18,Monthly fee,
482,255,5,-4079.96,USD,2024-09-24T05:23:46,Monthly fee,
483,530,1,456.36,USD,2023-11-20T07:42:59,Deposit,
484,378,5,-2857.43,USD,2022-11-09T00:02:13,Monthly fee,
485,187,2,-181.29,USD,2022-01-23T03:58:46,ATM withdrawal,
486,139,6,3283.69,USD,2024-03-27T01:54:07,Interest credit,
487,503,2,-2539.94,USD,2023-10-25T22:23:23,ATM withdrawal,
488,363,1,1731.34,USD,2025-07-05T17:05:52,Deposit,
489,478,6,4678.48,USD,2022-07-07T09:10:24,Interest credit,
490,430,2,-1482.77,USD,2023-04-10T13:31:30,ATM withdrawal,
491,4,5,-3148.98,USD,2025-12-02T02:05:01,Monthly fee,
492,514,1,271.52,USD,2023-01-01T20:55:25,Deposit,
493,283,1,1018.47,USD,2023-10-21T21:37:30,Deposit,
494,265,5,-4720.1,USD,2023-06-29T04:23:09,Monthly fee,
495,504,5,-3724.29,USD,2022-07-04T14:31:48,Monthly fee,
496,72,1,1816.89,USD,2023-04-18T14:11:22,Deposit,
497,420,5,-1927.58,USD,2023-03-03T15:12:16,Monthly fee,
498,197,5,-2735.65,USD,2025-05-29T02:39:03,Monthly fee,
499,26,1,4621.44,USD,2022-12-12T08:11:01,Deposit,
500,74,2,-2248.97,USD,2024-02-09T00:24:25,ATM withdrawal,
501,137,5,-3350.66,USD,2024-01-29T15:34:30,Monthly fee,
502,303,5,-560.35,USD,2022-09-22T23:32:19,Monthly fee,
503,514,5,-877.37,USD,2024-09-18T23:11:50,Monthly fee,
504,498,5,-3848.05,USD,2025-07-16T04:04:45,Monthly fee,
505,263,1,3298.56,USD,2023-08-12T15:35:46,Deposit,
506,89,2,-2165.55,USD,2022-08-15T13:04:40,ATM withdrawal,
507,428,5,-3798.48,USD,2025-09-30T16:40:47,Monthly fee,
508,78,2,-1922.25,USD,2023-04-28T22:33:44,ATM withdrawal,
509,130,6,4399.71,USD,2023-09-24T02:19:22,Interest credit,
510,353,1,2954.72,USD,2023-05-05T06:12:57,Deposit,
511,48,6,236.97,USD,2024-11-18T05:45:17,Interest credit,
512,175,5,-3748.51,USD,2024-10-13T01:18:39,Monthly fee,
513,457,2,-1392.07,USD,2023-09-19T12:56:13,ATM withdrawal,
514,302,6,1308.14,USD,2023-06-12T18:27:54,Interest credit,
515,347,1,1250.77,USD,2022-06-20T00:04:49,Deposit,
516,382,2,-4188.09,USD,2022-06-01T20:33:05,ATM withdrawal,
517,360,5,-4688.64,USD,2024-12-26T02:10:12,Monthly fee,
518,436,6,1924.1,USD,2024-11-06T21:35:11,Interest credit,
519,238,2,-1189.66,USD,2024-01-31T03:04:15,ATM withdrawal,
520,337,2,-867.42,USD,2023-06-26T18:43:50,ATM withdrawal,
521,294,5,-2250.69,USD,2023-03-05T02:30:25,Monthly fee,
522,106,1,4093.84,USD,2022-06-27T20:13:53,Deposit,
523,163,5,-2351.77,USD,2024-09-11T06:03:32,Monthly fee,
524,102,5,-398.3,USD,2023-01-05T07:28:22,Monthly fee,
525,449,5,-3544.39,USD,2025-10-25T08:53:48,Monthly fee,
526,384,1,4994.05,USD,2024-06-23T07:48:41,Deposit,
527,199,1,340.58,USD,2023-11-25T22:16:53,Deposit,
528,520,6,1963.55,USD,2024-07-07T16:05:53,Interest credit,
529,381,1,2106.42,USD,2023-12-25T10:40:43,Deposit,
530,96,6,729.52,USD,2025-02-16T12:16:09,Interest credit,
531,79,2,-2173.69,USD,2022-08-21T15:55:05,ATM withdrawal,
532,312,6,4556.32,USD,2022-11-24T05:52:43,Interest credit,
533,129,5,-1656.53,USD,2022-07-22T18:25:45,Monthly fee,
534,325,1,1925.25,USD,2023-08-19T03:35:42,Deposit,
535,16,5,-1344.08,USD,2022-01-22T00:33:20,Monthly fee,
536,231,1,3325.42,USD,2025-05-24T08:49:10,Deposit,
537,20,6,3805.86,USD,2024-03-25T22:06:44,Interest credit,
538,39,6,2957.23,USD,2025-04-26T13:21:47,Interest credit,
539,82,2,-508.01,USD,2025-02-12T15:01:54,ATM withdrawal,
540,536,6,2599.01,USD,2022-06-06T10:28:58,Interest credit,
541,268,1,2114.25,USD,2024-09-22T02:27:56,Deposit,
542,329,6,2363.25,USD,2025-10-15T18:33:57,Interest credit,
543,441,6,2463.85,USD,2025-01-24T17:21:07,Interest credit,
544,436,2,-120.49,USD,2025-02-14T11:09:41,ATM withdrawal,
545,529,5,-2343.2,USD,2023-09-05T01:04:55,Monthly fee,
546,346,5,-4668.23,USD,2022-06-20T21:23:01,Monthly fee,
547,409,5,-451.77,USD,2025-01-17T17:41:05,Monthly fee,
548,83,6,3393.65,USD,2024-09-30T17:31:12,Interest credit,
549,279,1,2799.68,USD,2023-10-19T03:44:16,Deposit,
550,414,6,2266.79,USD,2024-07-27T21:06:44,Interest credit,
551,390,5,-1455.67,USD,2022-10-15T06:06:50,Monthly fee,
552,206,5,-4821.1,USD,2025-11-06T12:35:12,Monthly fee,
553,392,5,-2312.15,USD,2023-03-27T20:40:39,Monthly fee,
554,362,6,114.42,USD,2022-08-06T13:35:18,Interest credit,
555,356,1,3130.09,USD,2022-12-11T23:17:56,Deposit,
556,64,2,-1109.78,USD,2024-06-30T17:39:43,ATM withdrawal,
557,194,1,1019.0,USD,2022-08-25T09:46:29,Deposit,
558,402,1,1378.38,USD,2025-03-21T12:55:44,Deposit,
559,189,6,725.34,USD,2025-02-27T05:09:22,Interest credit,
560,366,2,-2213.71,USD,2022-12-11T03:54:00,ATM withdrawal,
561,369,2,-910.34,USD,2024-06-30T04:28:51,ATM withdrawal,
562,140,1,2165.29,USD,2024-08-06T11:17:56,Deposit,
563,16,5,-4690.85,USD,2024-10-16T06:01:15,Monthly fee,
564,468,5,-3332.36,USD,2024-08-25T08:23:50,Monthly fee,
565,63,2,-24.9,USD,2024-03-31T17:52:08,ATM withdrawal,
566,267,1,4277.29,USD,2022-04-16T08:37:44,Deposit,
567,430,6,749.08,USD,2023-09-04T04:28:46,Interest credit,
568,87,1,2148.02,USD,2023-03-11T14:44:39,Deposit,
569,536,1,183.4,USD,2024-07-05T04:00:10,Deposit,
570,544,2,-4945.46,USD,2025-03-30T14:36:58,ATM withdrawal,
571,500,1,3836.52,USD,2024-06-20T15:02:55,Deposit,
572,71,5,-3339.48,USD,2023-09-07T21:11:17,Monthly fee,
573,291,2,-440.91,USD,2022-09-16T19:36:13,ATM withdrawal,
574,147,1,113.12,USD,2023-03-16T12:30:41,Deposit,
575,271,1,182.51,USD,2023-01-13T23:21:52,Deposit,
576,270,2,-2487.07,USD,2025-04-21T16:13:06,ATM withdrawal,
577,527,1,4720.54,USD,2022-05-05T07:49:17,Deposit,
578,193,1,4573.77,USD,2022-08-03T09:52:34,Deposit,
579,223,1,4662.51,USD,2023-09-22T11:01:50,Deposit,
580,136,6,3186.55,USD,2025-11-05T19:34:51,Interest credit,
581,407,5,-4996.32,USD,2022-07-18T19:31:17,Monthly fee,
582,519,5,-2084.4,USD,2024-06-18T08:34:56,Monthly fee,
583,160,2,-953.84,USD,2025-01-05T12:16:10,ATM withdrawal,
584,343,1,1517.33,USD,2023-07-25T14:05:59,Deposit,
585,498,5,-697.77,USD,2024-01-12T17:34:57,Monthly fee,
586,306,1,4838.54,USD,2024-04-14T13:50:05,Deposit,
587,154,5,-1728.06,USD,2022-06-20T02:27:42,Monthly fee,
588,39,1,789.06,USD,2025-07-28T08:45:54,Deposit,
589,118,1,510.64,USD,2024-04-18T01:29:25,Deposit,
590,183,1,119.76,USD,2024-03-29T19:41:58,Deposit,
591,167,6,3670.36,USD,2022-07-09T12:35:17,Interest credit,
592,481,2,-3657.07,USD,2022-11-17T01:24:12,ATM withdrawal,
593,72,5,-343.48,USD,2022-03-13T18:08:17,Monthly fee,
594,264,2,-914.15,USD,2024-01-02T23:57:19,ATM withdrawal,
595,5,5,-3987.89,USD,2024-12-23T22:24:18,Monthly fee,
596,152,6,3726.71,USD,2025-12-20T15:11:49,Interest credit,
597,284,6,4537.68,USD,2022-10-09T15:43:13,Interest credit,
598,70,6,190.22,USD,2022-04-08T09:17:24,Interest credit,
599,146,1,1057.82,USD,2023-07-31T09:46:22,Deposit,
600,487,1,2885.94,USD,2022-06-06T21:27:43,Deposit,
601,489,2,-1411.45,USD,2022-10-31T20:04:16,ATM withdrawal,
602,149,1,500.81,USD,2022-02-20T14:41:35,Deposit,
603,80,2,-4828.33,USD,2025-09-20T12:52:19,ATM withdrawal,
604,136,1,2475.6,USD,2023-01-28T16:51:14,Deposit,
605,299,2,-2314.16,USD,2023-03-27T23:16:09,ATM withdrawal,
606,305,6,288.5,USD,2025-09-28T09:42:42,Interest credit,
607,137,2,-4155.97,USD,2023-10-07T22:28:51,ATM withdrawal,
608,100,6,3622.92,USD,2023-08-19T01:50:01,Interest credit,
609,287,5,-4113.06,USD,2023-06-24T03:17:14,Monthly fee,
610,288,5,-2147.48,USD,2024-04-16T12:13:38,Monthly fee,
611,493,1,4070.11,USD,2022-03-28T02:08:46,Deposit,
612,46,6,1040.71,USD,2023-12-26T15:22:40,Interest credit,
613,489,5,-2990.1,USD,2023-10-09T12:29:22,Monthly fee,
614,429,5,-1896.54,USD,2024-05-14T15:24:25,Monthly fee,
615,452,5,-4821.26,USD,2022-07-10T07:19:44,Monthly fee,
616,523,1,1968.04,USD,2025-04-11T23:17:58,Deposit,
617,13,2,-834.33,USD,2022-10-18T05:07:27,ATM withdrawal,
618,262,5,-1002.01,USD,2022-10-06T21:18:46,Monthly fee,
619,294,2,-604.37,USD,2024-03-28T03:00:01,ATM withdrawal,
620,291,2,-1580.36,USD,2025-06-25T01:53:03,ATM withdrawal,
621,343,1,3823.13,USD,2025-02-22T06:27:23,Deposit,
622,78,5,-2004.61,USD,2022-04-28T10:38:42,Monthly fee,
623,88,2,-2408.97,USD,2023-12-25T06:39:29,ATM withdrawal,
624,34,1,1607.43,USD,2025-01-08T06:48:16,Deposit,
625,94,1,2716.9,USD,2024-10-16T11:02:57,Deposit,
626,340,1,3291.08,USD,2023-03-10T10:17:57,Deposit,
627,382,1,1051.37,USD,2024-05-30T08:02:08,Deposit,
628,306,2,-4843.44,USD,2022-11-02T22:52:02,ATM withdrawal,
629,341,5,-17.89,USD,2023-01-27T03:09:50,Monthly fee,
630,100,5,-1687.82,USD,2025-03-20T11:36:39,Monthly fee,
631,378,2,-4565.49,USD,2022-05-24T19:44:28,ATM withdrawal,
632,114,6,1960.15,USD,2023-10-23T06:24:51,Interest credit,
633,48,1,2731.68,USD,2022-08-12T20:30:49,Deposit,
634,1,2,-653.53,USD,2022-04-01T21:15:09,ATM withdrawal,
635,364,2,-2688.79,USD,2024-03-23T02:56:18,ATM withdrawal,
636,274,1,2351.37,USD,2022-11-16T02:41:26,Deposit,
637,347,1,1561.19,USD,2025-01-22T03:55:04,Deposit,
638,102,5,-4488.05,USD,2024-04-16T17:31:11,Monthly fee,
639,389,1,595.49,USD,2023-04-26T15:00:11,Deposit,
640,126,5,-1048.85,USD,2023-06-12T11:02:55,Monthly fee,
641,210,5,-1632.19,USD,2025-04-11T19:25:59,Monthly fee,
642,473,2,-444.59,USD,2025-09-22T03:09:07,ATM withdrawal,
643,208,1,4851.44,USD,2023-01-14T09:12:16,Deposit,
644,391,6,3487.21,USD,2022-09-20T19:07:12,Interest credit,
645,387,2,-395.95,USD,2023-04-10T18:17:55,ATM withdrawal,
646,265,1,3816.49,USD,2022-01-05T02:53:18,Deposit,
647,430,1,3479.27,USD,2022-01-20T10:45:35,Deposit,
648,282,5,-1292.64,USD,2024-07-14T11:14:39,Monthly fee,
649,205,6,4538.08,USD,2022-02-27T15:18:33,Interest credit,
650,112,2,-4252.35,USD,2023-01-22T11:15:13,ATM withdrawal,
651,251,6,4542.97,USD,2023-07-18T02:55:28,Interest credit,
652,359,1,2509.56,USD,2025-10-11T00:28:42,Deposit,
653,359,6,1840.76,USD,2022-10-18T10:20:16,Interest credit,
654,523,2,-2533.8,USD,2025-02-17T23:58:58,ATM withdrawal,
655,385,1,708.77,USD,2025-10-24T10:49:33,Deposit,
656,499,1,4612.93,USD,2022-01-10T15:51:13,Deposit,
657,43,1,2408.78,USD,2022-09-18T18:16:43,Deposit,
658,542,5,-1934.9,USD,2023-05-24T12:27:25,Monthly fee,
659,453,2,-493.63,USD,2023-03-14T19:47:25,ATM withdrawal,
660,183,6,1238.97,USD,2025-01-20T18:29:21,Interest credit,
661,316,6,120.42,USD,2025-10-01T02:11:05,Interest credit,
662,295,2,-4239.27,USD,2024-01-05T19:52:51,ATM withdrawal,
663,196,2,-2852.33,USD,2022-11-27T14:10:32,ATM withdrawal,
664,153,1,3843.42,USD,2024-05-03T11:47:39,Deposit,
665,392,1,1472.9,USD,2022-12-26T17:42:29,Deposit,
666,289,5,-2304.21,USD,2022-02-08T12:17:34,Monthly fee,
667,81,2,-1202.53,USD,2024-10-20T16:59:10,ATM withdrawal,
668,159,5,-4325.92,USD,2023-08-05T04:14:56,Monthly fee,
669,333,1,2032.66,USD,2024-11-24T09:13:48,Deposit,
670,254,2,-3333.73,USD,2025-06-27T12:01:25,ATM withdrawal,
671,149,6,985.69,USD,2025-12-11T04:14:39,Interest credit,
672,113,2,-2928.43,USD,2024-08-21T22:47:32,ATM withdrawal,
673,483,5,-1777.6,USD,2023-06-10T11:26:45,Monthly fee,
674,16,2,-3320.5,USD,2025-08-22T20:53:59,ATM withdrawal,
675,422,6,1806.17,USD,2023-01-10T15:38:52,Interest credit,
676,319,1,4099.57,USD,2022-12-28T19:41:26,Deposit,
677,302,5,-4855.39,USD,2023-08-06T16:53:57,Monthly fee,
678,134,6,2479.87,USD,2025-03-05T23:46:22,Interest credit,
679,83,1,3120.51,USD,2025-04-17T08:07:53,Deposit,
680,233,6,1490.99,USD,2025-10-23T14:30:10,Interest credit,
681,99,1,2714.19,USD,2023-08-04T09:02:46,Deposit,
682,120,5,-2238.68,USD,2025-11-28T00:35:11,Monthly fee,
683,204,1,3420.8,USD,2024-02-12T03:30:41,Deposit,
684,147,5,-2562.45,USD,2025-01-23T04:43:42,Monthly fee,
685,529,5,-3439.57,USD,2022-12-16T14:07:40,Monthly fee,
686,520,1,1326.84,USD,2023-10-30T19:59:05,Deposit,
687,180,5,-583.86,USD,2022-08-12T20:52:43,Monthly fee,
688,489,5,-3760.16,USD,2025-07-31T09:51:28,Monthly fee,
689,384,6,3753.64,USD,2023-04-15T12:21:07,Interest credit,
690,516,2,-3918.87,USD,2024-08-19T00:19:29,ATM withdrawal,
691,44,2,-968.27,USD,2024-07-17T03:41:44,ATM withdrawal,
692,167,5,-118.0,USD,2024-11-09T05:07:46,Monthly fee,
693,141,1,4639.37,USD,2023-03-25T11:32:07,Deposit,
694,247,6,4932.6,USD,2025-06-22T21:21:05,Interest credit,
695,443,2,-3512.24,USD,2024-02-06T04:16:02,ATM withdrawal,
696,375,5,-2534.59,USD,2024-08-12T05:14:52,Monthly fee,
697,372,1,3951.51,USD,2025-03-09T21:39:32,Deposit,
698,530,5,-3878.59,USD,2024-01-04T05:54:10,Monthly fee,
699,160,6,2415.58,USD,2022-03-10T05:23:40,Interest credit,
700,291,5,-2803.72,USD,2023-10-17T10:53:18,Monthly fee,
701,140,2,-4208.34,USD,2023-10-21T09:46:32,ATM withdrawal,
702,464,2,-4201.43,USD,2025-03-29T03:11:38,ATM withdrawal,
703,517,6,2242.42,USD,2023-05-24T20:23:43,Interest credit,
704,242,6,147.86,USD,2025-07-18T13:47:13,Interest credit,
705,150,2,-260.55,USD,2025-07-06T02:28:05,ATM withdrawal,
706,363,5,-4377.12,USD,2024-09-03T13:12:08,Monthly fee,
707,384,1,1967.96,USD,2024-04-27T04:04:56,Deposit,
708,357,6,3178.36,USD,2024-08-26T08:50:35,Interest credit,
709,386,2,-2486.63,USD,2024-10-03T01:15:41,ATM withdrawal,
710,17,2,-2072.02,USD,2023-05-14T16:27:42,ATM withdrawal,
711,56,2,-1932.97,USD,2024-11-13T14:52:07,ATM withdrawal,
712,468,5,-4675.09,USD,2023-06-13T00:21:14,Monthly fee,
713,69,6,1663.34,USD,2023-10-30T05:11:32,Interest credit,
714,527,6,1954.38,USD,2022-09-10T14:10:29,Interest credit,
715,280,6,294.46,USD,2023-05-19T09:05:00,Interest credit,
716,383,2,-4022.14,USD,2024-07-12T00:53:15,ATM withdrawal,
717,382,1,2386.56,USD,2025-04-21T18:17:42,Deposit,
718,456,5,-1696.78,USD,2022-02-11T19:30:03,Monthly fee,
719,438,5,-4743.22,USD,2023-06-13T01:51:44,Monthly fee,
720,485,1,3202.48,USD,2025-10-25T10:14:51,Deposit,
721,295,6,536.35,USD,2023-10-28T10:40:21,Interest credit,
722,187,5,-3149.2,USD,2022-10-09T14:35:51,Monthly fee,
723,189,1,572.17,USD,2025-02-05T02:07:14,Deposit,
724,31,2,-2974.59,USD,2023-01-26T03:04:49,ATM withdrawal,
725,445,5,-3179.54,USD,2022-09-10T11:51:08,Monthly fee,
726,151,2,-1318.16,USD,2022-04-23T17:36:27,ATM withdrawal,
727,30,6,3924.7,USD,2023-03-21T15:54:49,Interest credit,
728,393,6,4039.9,USD,2022-01-25T21:55:35,Interest credit,
729,64,6,3814.32,USD,2024-05-26T01:59:21,Interest credit,
730,62,6,1452.37,USD,2023-12-28T03:05:34,Interest credit,
731,235,2,-2760.59,USD,2023-07-19T00:52:44,ATM withdrawal,
732,100,5,-3627.09,USD,2022-03-25T14:39:01,Monthly fee,
733,280,2,-4561.61,USD,2025-03-03T06:20:14,ATM withdrawal,
734,104,6,954.8,USD,2022-10-27T09:27:06,Interest credit,
735,360,5,-785.74,USD,2023-08-18T20:45:05,Monthly fee,
736,69,2,-4658.08,USD,2022-06-11T09:56:35,ATM withdrawal,
737,107,2,-2076.96,USD,2025-01-29T18:08:55,ATM withdrawal,
738,394,5,-2699.94,USD,2023-03-25T10:40:11,Monthly fee,
739,484,2,-2686.28,USD,2025-08-24T19:26:50,ATM withdrawal,
740,513,5,-2042.37,USD,2024-04-18T19:17:20,Monthly fee,
741,416,5,-2198.19,USD,2025-05-28T06:56:05,Monthly fee,
742,384,6,2840.22,USD,2025-04-22T13:21:36,Interest credit,
743,107,2,-4828.78,USD,2023-05-15T19:47:16,ATM withdrawal,
744,263,5,-3085.87,USD,2022-01-11T14:41:44,Monthly fee,
745,317,5,-2275.58,USD,2024-10-25T08:16:38,Monthly fee,
746,64,2,-4046.32,USD,2023-04-24T01:30:52,ATM withdrawal,
747,486,1,4392.86,USD,2023-09-27T20:24:52,Deposit,
748,338,1,3269.73,USD,2025-10-14T04:35:27,Deposit,
749,14,1,4992.69,USD,2024-11-05T07:28:26,Deposit,
750,69,1,2555.86,USD,2025-01-24T22:38:34,Deposit,
751,100,2,-2366.51,USD,2022-04-23T03:07:02,ATM withdrawal,
752,292,6,21.32,USD,2025-09-02T20:17:17,Interest credit,
753,260,5,-1583.05,USD,2023-04-17T21:08:22,Monthly fee,
754,416,6,673.7,USD,2025-11-23T02:36:43,Interest credit,
755,340,1,4791.04,USD,2022-06-27T00:36:17,Deposit,
756,371,2,-2013.04,USD,2024-12-11T20:59:08,ATM withdrawal,
757,73,6,1710.45,USD,2022-07-01T09:51:27,Interest credit,
758,177,1,4250.79,USD,2022-01-15T17:32:34,Deposit,
759,534,6,3212.55,USD,2023-09-04T23:50:06,Interest credit,
760,316,2,-2291.97,USD,2024-06-30T05:10:11,ATM withdrawal,
761,520,5,-1633.04,USD,2024-05-29T18:46:43,Monthly fee,
762,195,1,4203.56,USD,2023-07-26T18:14:22,Deposit,
763,295,1,3612.56,USD,2024-10-05T06:09:29,Deposit,
764,427,1,2956.37,USD,2025-05-29T23:02:15,Deposit,
765,459,6,2259.28,USD,2022-07-01T03:00:50,Interest credit,
766,175,5,-3453.3,USD,2023-01-31T14:42:20,Monthly fee,
767,225,2,-1654.34,USD,2025-01-18T10:07:44,ATM withdrawal,
768,356,1,3130.71,USD,2025-03-22T08:02:42,Deposit,
769,21,6,1327.7,USD,2024-06-02T15:08:14,Interest credit,
770,470,1,524.98,USD,2024-10-30T04:06:48,Deposit,
771,49,6,1892.02,USD,2025-10-28T01:20:42,Interest credit,
772,373,5,-2679.32,USD,2025-07-21T21:43:29,Monthly fee,
773,47,5,-724.76,USD,2023-04-03T22:28:58,Monthly fee,
774,480,6,2968.12,USD,2024-04-12T15:45:15,Interest credit,
775,135,5,-4441.1,USD,2025-04-18T12:24:01,Monthly fee,
776,498,1,884.2,USD,2025-07-22T15:13:48,Deposit,
777,508,2,-1050.42,USD,2022-02-28T11:29:07,ATM withdrawal,
778,160,1,2018.25,USD,2024-06-11T05:38:24,Deposit,
779,396,2,-2390.53,USD,2023-06-27T05:33:36,ATM withdrawal,
780,61,5,-854.81,USD,2025-01-15T10:47:43,Monthly fee,
781,299,5,-1973.68,USD,2022-01-07T20:41:40,Monthly fee,
782,413,5,-4687.41,USD,2025-05-24T19:50:55,Monthly fee,
783,245,2,-356.23,USD,2022-06-07T21:52:52,ATM withdrawal,
784,235,2,-3670.15,USD,2023-07-24T09:08:06,ATM withdrawal,
785,490,5,-4978.08,USD,2023-09-06T22:34:49,Monthly fee,
786,355,6,1262.54,USD,2023-12-18T23:00:18,Interest credit,
787,320,6,845.96,USD,2022-02-20T09:43:49,Interest credit,
788,299,1,2026.6,USD,2023-03-18T02:27:46,Deposit,
789,396,5,-4217.42,USD,2024-09-24T01:03:03,Monthly fee,
790,227,2,-2205.96,USD,2022-02-02T08:53:56,ATM withdrawal,
791,452,5,-3990.23,USD,2022-08-28T04:47:58,Monthly fee,
792,41,6,4018.85,USD,2025-10-10T12:01:23,Interest credit,
793,513,1,3469.94,USD,2025-01-01T10:26:37,Deposit,
794,7,2,-3623.47,USD,2025-09-27T18:06:40,ATM withdrawal,
795,510,1,2506.5,USD,2024-11-04T16:00:28,Deposit,
796,145,5,-756.08,USD,2022-05-08T15:21:15,Monthly fee,
797,19,6,4356.91,USD,2022-10-26T04:24:53,Interest credit,
798,434,6,4653.89,USD,2023-04-08T08:39:20,Interest credit,
799,535,6,4869.08,USD,2022-07-02T23:20:45,Interest credit,
800,37,1,2648.45,USD,2025-02-11T10:48:17,Deposit,
801,70,5,-3450.45,USD,2023-12-19T02:27:57,Monthly fee,
802,509,2,-4795.87,USD,2022-10-20T14:04:46,ATM withdrawal,
803,328,2,-2031.87,USD,2024-09-16T03:32:26,ATM withdrawal,
804,482,1,3331.18,USD,2024-05-31T16:15:54,Deposit,
805,486,2,-4410.72,USD,2022-05-19T13:16:34,ATM withdrawal,
806,323,5,-2315.71,USD,2023-05-20T07:08:42,Monthly fee,
807,334,1,3506.3,USD,2025-12-14T13:13:16,Deposit,
808,93,2,-95.56,USD,2022-03-14T09:43:15,ATM withdrawal,
809,394,2,-4892.36,USD,2025-08-07T12:36:07,ATM withdrawal,
810,342,2,-4763.57,USD,2025-08-10T23:38:55,ATM withdrawal,
811,246,1,1721.28,USD,2022-06-14T17:31:44,Deposit,
812,390,2,-4591.33,USD,2022-01-07T08:59:27,ATM withdrawal,
813,388,1,143.46,USD,2022-05-11T01:27:43,Deposit,
814,67,5,-3717.8,USD,2022-05-20T12:05:33,Monthly fee,
815,208,2,-2871.77,USD,2025-01-14T13:20:12,ATM withdrawal,
816,439,6,3869.0,USD,2023-09-05T11:01:42,Interest credit,
817,79,1,2809.35,USD,2025-02-19T11:55:03,Deposit,
818,233,6,1507.56,USD,2025-12-31T06:24:41,Interest credit,
819,77,2,-1700.1,USD,2023-08-07T05:48:42,ATM withdrawal,
820,397,1,4820.9,USD,2024-12-12T19:43:05,Deposit,
821,134,5,-321.56,USD,2022-11-24T02:09:05,Monthly fee,
822,246,2,-2733.85,USD,2023-02-28T00:02:43,ATM withdrawal,
823,396,1,3983.42,USD,2025-08-23T05:52:59,Deposit,
824,518,6,3012.37,USD,2025-11-22T11:29:14,Interest credit,
825,480,6,1840.65,USD,2025-11-14T20:58:18,Interest credit,
826,106,1,2752.71,USD,2023-09-23T11:08:02,Deposit,
827,491,2,-4842.33,USD,2023-11-23T19:17:47,ATM withdrawal,
828,7,2,-2478.92,USD,2023-06-21T18:19:44,ATM withdrawal,
829,82,2,-4899.73,USD,2022-02-17T18:32:55,ATM withdrawal,
830,261,5,-1808.29,USD,2022-10-04T11:20:18,Monthly fee,
831,262,2,-849.5,USD,2023-11-30T02:16:05,ATM withdrawal,
832,241,6,3683.38,USD,2022-10-30T11:56:20,Interest credit,
833,541,6,4284.53,USD,2023-04-27T06:47:12,Interest credit,
834,219,1,1742.19,USD,2022-07-23T20:57:14,Deposit,
835,111,1,623.61,USD,2025-09-05T22:15:31,Deposit,
836,144,2,-3484.09,USD,2024-05-11T15:45:44,ATM withdrawal,
837,56,2,-3713.61,USD,2022-09-13T06:47:55,ATM withdrawal,
838,380,2,-3701.51,USD,2022-11-07T02:52:07,ATM withdrawal,
839,79,1,2585.21,USD,2022-03-03T18:35:13,Deposit,
840,51,6,2925.83,USD,2023-03-13T07:13:02,Interest credit,
841,65,2,-2583.78,USD,2025-08-22T19:05:40,ATM withdrawal,
842,433,1,812.8,USD,2024-11-10T04:35:36,Deposit,
843,417,1,2730.28,USD,2023-06-29T07:13:48,Deposit,
844,326,6,900.29,USD,2025-01-15T07:56:23,Interest credit,
845,518,1,1814.9,USD,2025-01-16T16:49:28,Deposit,
846,498,6,2503.73,USD,2024-07-25T13:35:31,Interest credit,
847,53,2,-1400.98,USD,2024-05-07T08:17:10,ATM withdrawal,
848,205,5,-4675.42,USD,2024-12-20T23:40:46,Monthly fee,
849,391,5,-2573.8,USD,2022-02-27T22:46:49,Monthly fee,
850,191,6,151.26,USD,2022-10-25T18:02:51,Interest credit,
851,497,5,-1281.96,USD,2022-10-24T04:59:57,Monthly fee,
852,270,1,457.74,USD,2024-08-07T12:34:36,Deposit,
853,213,6,955.19,USD,2025-10-10T19:48:06,Interest credit,
854,344,6,1788.64,USD,2024-11-09T12:26:43,Interest credit,
855,538,1,1369.4,USD,2023-05-20T08:34:54,Deposit,
856,259,5,-4816.13,USD,2023-10-27T07:26:29,Monthly fee,
857,193,2,-4535.94,USD,2023-01-25T06:16:22,ATM withdrawal,
858,456,1,2536.45,USD,2022-05-25T02:58:30,Deposit,
859,368,6,2042.87,USD,2022-06-27T22:18:19,Interest credit,
860,435,6,1868.93,USD,2025-09-28T08:59:37,Interest credit,
861,61,5,-2355.62,USD,2022-04-11T15:02:24,Monthly fee,
862,120,1,1287.89,USD,2022-01-30T05:10:42,Deposit,
863,220,5,-4472.16,USD,2025-04-21T13:00:24,Monthly fee,
864,360,5,-4270.87,USD,2022-12-22T05:56:48,Monthly fee,
865,371,1,2979.79,USD,2023-09-09T09:13:27,Deposit,
866,20,5,-2672.74,USD,2023-08-13T17:42:44,Monthly fee,
867,405,1,2667.97,USD,2024-10-12T09:20:28,Deposit,
868,324,6,2016.27,USD,2022-09-24T13:41:13,Interest credit,
869,445,1,3178.44,USD,2024-11-04T18:42:30,Deposit,
870,240,1,1107.65,USD,2023-12-29T19:44:55,Deposit,
871,36,6,2344.63,USD,2024-05-17T14:51:16,Interest credit,
872,221,2,-1490.73,USD,2022-01-14T18:45:43,ATM withdrawal,
873,468,1,1605.76,USD,2023-11-22T00:07:44,Deposit,
874,205,2,-977.47,USD,2023-08-19T07:47:05,ATM withdrawal,
875,482,2,-4875.72,USD,2024-09-24T22:18:39,ATM withdrawal,
876,433,2,-487.51,USD,2024-11-03T11:15:47,ATM withdrawal,
877,264,1,3817.14,USD,2024-03-12T03:52:43,Deposit,
878,50,1,1661.78,USD,2024-12-02T10:55:09,Deposit,
879,391,2,-4514.71,USD,2023-03-03T02:02:28,ATM withdrawal,
880,533,5,-2351.09,USD,2024-11-19T22:35:18,Monthly fee,
881,429,2,-4831.76,USD,2024-02-01T09:08:01,ATM withdrawal,
882,90,1,2594.79,USD,2024-03-14T16:11:30,Deposit,
883,169,6,1138.15,USD,2023-09-14T01:05:49,Interest credit,
884,522,1,1417.63,USD,2024-06-16T22:28:46,Deposit,
885,263,1,2750.88,USD,2022-06-02T16:44:55,Deposit,
886,130,6,402.48,USD,2023-12-30T23:56:06,Interest credit,
887,199,1,2951.74,USD,2024-12-12T05:47:34,Deposit,
888,144,6,2077.69,USD,2023-03-25T08:13:50,Interest credit,
889,270,6,1168.91,USD,2024-07-03T23:06:34,Interest credit,
890,542,6,3185.78,USD,2023-02-08T10:17:30,Interest credit,
891,237,6,1431.35,USD,2024-08-01T03:19:53,Interest credit,
892,458,2,-2244.26,USD,2025-10-12T23:29:38,ATM withdrawal,
893,207,1,4380.03,USD,2025-08-25T19:34:01,Deposit,
894,453,1,644.6,USD,2023-01-25T13:28:32,Deposit,
895,106,2,-3621.5,USD,2023-11-11T11:17:59,ATM withdrawal,
896,164,2,-2197.48,USD,2025-04-21T21:37:28,ATM withdrawal,
897,463,1,1359.14,USD,2022-07-30T08:53:44,Deposit,
898,345,6,423.55,USD,2024-03-19T08:12:09,Interest credit,
899,250,5,-2819.58,USD,2022-03-08T12:15:08,Monthly fee,
900,518,6,2261.53,USD,2023-11-26T08:46:32,Interest credit,
901,293,1,4215.22,USD,2023-08-03T04:04:51,Deposit,
902,4,6,2955.26,USD,2024-11-30T16:21:29,Interest credit,
903,418,1,350.05,USD,2025-03-16T12:45:26,Deposit,
904,400,6,2863.66,USD,2025-04-05T18:47:11,Interest credit,
905,506,2,-1946.11,USD,2022-03-07T22:54:57,ATM withdrawal,
906,506,1,3574.31,USD,2025-03-07T15:47:43,Deposit,
907,547,2,-4066.74,USD,2024-10-20T21:57:46,ATM withdrawal,
908,524,2,-4733.08,USD,2025-12-03T07:33:04,ATM withdrawal,
909,14,1,4526.12,USD,2023-01-23T12:56:08,Deposit,
910,288,1,2537.97,USD,2023-01-27T02:39:21,Deposit,
911,154,6,1307.45,USD,2024-03-20T15:18:55,Interest credit,
912,259,5,-2058.78,USD,2023-01-31T23:46:53,Monthly fee,
913,183,2,-4678.6,USD,2023-11-05T00:23:19,ATM withdrawal,
914,392,6,3684.26,USD,2024-12-02T21:18:32,Interest credit,
915,12,5,-2892.72,USD,2023-06-21T15:18:11,Monthly fee,
916,8,1,642.4,USD,2025-03-13T23:09:14,Deposit,
917,312,2,-3310.82,USD,2022-07-12T09:55:11,ATM withdrawal,
918,292,2,-3382.61,USD,2025-09-12T16:03:50,ATM withdrawal,
919,126,2,-4552.16,USD,2024-08-02T05:42:17,ATM withdrawal,
920,161,5,-4135.13,USD,2025-03-16T12:38:49,Monthly fee,
921,430,5,-2461.02,USD,2024-12-19T21:56:21,Monthly fee,
922,240,6,1577.61,USD,2022-08-12T05:59:09,Interest credit,
923,13,6,690.02,USD,2023-10-13T18:43:34,Interest credit,
924,49,5,-1924.17,USD,2022-12-30T05:09:17,Monthly fee,
925,508,1,1158.44,USD,2025-08-05T22:05:15,Deposit,
926,196,6,2674.7,USD,2022-02-04T01:24:34,Interest credit,
927,317,1,3082.32,USD,2024-04-17T08:09:36,Deposit,
928,237,5,-1636.45,USD,2022-03-22T14:40:37,Monthly fee,
929,194,2,-3900.92,USD,2022-01-16T01:44:45,ATM withdrawal,
930,543,2,-3292.07,USD,2023-09-06T08:43:50,ATM withdrawal,
931,125,2,-202.38,USD,2024-02-25T03:00:32,ATM withdrawal,
932,380,5,-3284.05,USD,2024-09-22T01:17:07,Monthly fee,
933,193,6,1276.94,USD,2024-02-22T08:06:23,Interest credit,
934,112,1,2548.77,USD,2023-01-08T05:18:07,Deposit,
935,230,2,-3726.01,USD,2025-03-27T11:03:04,ATM withdrawal,
936,27,2,-1227.34,USD,2023-02-03T23:10:46,ATM withdrawal,
937,124,2,-2847.6,USD,2025-07-29T21:08:59,ATM withdrawal,
938,323,1,1419.19,USD,2023-01-18T15:14:20,Deposit,
939,38,2,-691.82,USD,2025-12-31T08:50:59,ATM withdrawal,
940,87,6,4241.47,USD,2022-04-18T22:48:05,Interest credit,
941,348,2,-3414.36,USD,2022-07-08T00:21:39,ATM withdrawal,
942,491,5,-4999.88,USD,2023-01-02T21:34:05,Monthly fee,
943,301,2,-3181.51,USD,2022-09-04T22:41:39,ATM withdrawal,
944,312,1,3126.07,USD,2025-03-15T14:38:50,Deposit,
945,89,6,2035.8,USD,2022-02-14T21:06:38,Interest credit,
946,106,1,1742.23,USD,2023-03-05T23:07:52,Deposit,
947,446,6,4997.46,USD,2022-06-10T21:18:07,Interest credit,
948,2,5,-3372.95,USD,2025-02-20T16:08:52,Monthly fee,
949,29,6,1315.52,USD,2023-12-14T12:09:41,Interest credit,
950,31,1,3082.69,USD,2023-01-21T20:11:45,Deposit,
951,507,2,-2169.85,USD,2024-01-24T04:41:44,ATM withdrawal,
952,210,6,658.41,USD,2025-07-30T23:44:08,Interest credit,
953,53,5,-1896.78,USD,2024-04-23T22:46:29,Monthly fee,
954,97,6,2226.16,USD,2022-05-27T04:29:52,Interest credit,
955,319,5,-3527.01,USD,2022-07-18T07:01:22,Monthly fee,
956,462,2,-1609.27,USD,2023-02-18T07:41:47,ATM withdrawal,
957,170,5,-3862.68,USD,2025-04-09T14:51:02,Monthly fee,
958,470,2,-86.65,USD,2025-02-12T13:55:35,ATM withdrawal,
959,522,6,4820.73,USD,2024-06-13T03:36:11,Interest credit,
960,63,2,-4097.07,USD,2022-10-16T17:44:22,ATM withdrawal,
961,296,1,1344.18,USD,2022-10-17T12:48:05,Deposit,
962,439,6,3929.22,USD,2024-11-30T21:16:20,Interest credit,
963,63,1,1599.73,USD,2024-06-03T23:41:08,Deposit,
964,170,5,-3987.53,USD,2023-06-21T16:07:39,Monthly fee,
965,19,6,70.66,USD,2023-11-12T20:47:39,Interest credit,
966,191,6,2748.7,USD,2023-08-03T15:02:21,Interest credit,
967,445,5,-3064.81,USD,2024-08-02T21:06:53,Monthly fee,
968,496,2,-2910.26,USD,2022-12-15T12:36:32,ATM withdrawal,
969,98,5,-4118.82,USD,2023-04-02T08:22:14,Monthly fee,
970,197,5,-4091.67,USD,2022-02-12T19:40:08,Monthly fee,
971,428,6,2527.88,USD,2025-08-27T06:13:07,Interest credit,
972,52,2,-4548.5,USD,2022-04-13T16:21:44,ATM withdrawal,
973,157,1,3215.11,USD,2024-03-30T08:21:39,Deposit,
974,537,1,4910.97,USD,2023-06-13T08:03:21,Deposit,
975,367,6,1785.51,USD,2025-06-15T11:05:37,Interest credit,
976,483,5,-3495.96,USD,2025-05-25T11:02:16,Monthly fee,
977,304,5,-4334.93,USD,2025-12-13T22:36:46,Monthly fee,
978,144,1,2966.82,USD,2023-07-28T10:23:17,Deposit,
979,89,2,-3773.35,USD,2023-03-08T02:53:06,ATM withdrawal,
980,464,5,-4645.75,USD,2025-04-10T09:57:17,Monthly fee,
981,135,2,-4199.11,USD,2023-04-30T04:39:40,ATM withdrawal,
982,344,6,4949.01,USD,2023-08-30T04:28:58,Interest credit,
983,421,2,-22.54,USD,2023-07-24T19:54:20,ATM withdrawal,
984,350,1,2840.04,USD,2023-09-15T14:34:41,Deposit,
985,389,5,-340.41,USD,2024-06-08T06:34:35,Monthly fee,
986,173,1,71.91,USD,2023-11-20T23:53:36,Deposit,
987,165,5,-515.94,USD,2022-08-03T03:55:58,Monthly fee,
988,517,5,-1908.81,USD,2023-05-17T03:05:27,Monthly fee,
989,386,5,-4144.83,USD,2024-01-26T12:14:57,Monthly fee,
990,437,2,-7.29,USD,2025-10-24T09:52:43,ATM withdrawal,
991,198,2,-1602.13,USD,2022-03-25T02:22:25,ATM withdrawal,
992,303,1,2294.96,USD,2025-07-13T11:53:48,Deposit,
993,338,6,2836.91,USD,2022-07-07T08:59:24,Interest credit,
994,454,2,-1704.33,USD,2022-10-26T22:32:12,ATM withdrawal,
995,393,2,-1845.89,USD,2024-08-29T14:16:44,ATM withdrawal,
996,104,6,617.14,USD,2024-05-17T11:26:43,Interest credit,
997,403,5,-4510.41,USD,2024-04-03T09:00:25,Monthly fee,
998,218,2,-1917.3,USD,2023-11-28T16:25:07,ATM withdrawal,
999,459,1,425.75,USD,2024-05-15T18:52:26,Deposit,
1000,471,6,2997.87,USD,2025-06-15T05:17:57,Interest credit,
1001,417,2,-1136.86,USD,2023-08-04T06:27:38,ATM withdrawal,
1002,177,5,-422.09,USD,2024-05-01T05:45:33,Monthly fee,
1003,212,6,2994.46,USD,2023-08-06T14:28:40,Interest credit,
1004,297,1,2501.23,USD,2023-03-18T07:44:15,Deposit,
1005,425,1,583.28,USD,2024-08-20T17:27:30,Deposit,
1006,393,1,1841.63,USD,2023-08-03T23:21:02,Deposit,
1007,210,5,-4654.78,USD,2025-11-16T03:27:43,Monthly fee,
1008,372,5,-3056.78,USD,2025-01-11T20:58:40,Monthly fee,
1009,57,6,549.94,USD,2023-10-01T12:19:35,Interest credit,
1010,506,6,36.07,USD,2024-12-07T21:23:54,Interest credit,
1011,463,6,1532.87,USD,2022-02-22T06:54:24,Interest credit,
1012,208,2,-4407.63,USD,2022-09-24T17:49:27,ATM withdrawal,
1013,415,2,-722.51,USD,2022-07-21T19:40:09,ATM withdrawal,
1014,90,6,1122.43,USD,2024-03-04T23:21:27,Interest credit,
1015,429,6,1162.16,USD,2025-05-28T01:24:58,Interest credit,
1016,46,6,4516.51,USD,2024-10-16T21:31:48,Interest credit,
1017,168,2,-2070.5,USD,2025-12-30T14:26:04,ATM withdrawal,
1018,266,6,3493.05,USD,2024-04-22T11:44:51,Interest credit,
1019,481,1,2086.29,USD,2022-02-27T05:10:25,Deposit,
1020,113,2,-4089.35,USD,2023-06-08T18:45:16,ATM withdrawal,
1021,348,6,875.6,USD,2025-11-12T08:38:05,Interest credit,
1022,467,6,1358.07,USD,2023-01-12T13:06:19,Interest credit,
1023,538,1,133.84,USD,2025-05-04T10:58:41,Deposit,
1024,490,1,4818.96,USD,2023-05-16T06:33:40,Deposit,
1025,18,6,4974.51,USD,2023-03-29T20:15:47,Interest credit,
1026,119,5,-1971.78,USD,2024-05-05T15:00:21,Monthly fee,
1027,198,2,-3238.62,USD,2025-10-03T01:34:49,ATM withdrawal,
1028,337,1,2998.91,USD,2023-02-13T17:43:24,Deposit,
1029,59,6,2845.42,USD,2025-11-13T05:19:39,Interest credit,
1030,373,6,3707.45,USD,2022-06-27T02:02:53,Interest credit,
1031,199,1,4719.29,USD,2025-04-19T14:55:22,Deposit,
1032,541,6,1068.48,USD,2025-11-19T20:48:01,Interest credit,
1033,265,1,4035.47,USD,2023-07-03T03:59:24,Deposit,
1034,77,6,2031.81,USD,2025-08-08T21:06:12,Interest credit,
1035,4,6,1008.8,USD,2023-08-05T16:22:12,Interest credit,
1036,430,1,3148.98,USD,2022-01-27T09:50:32,Deposit,
1037,21,1,1575.84,USD,2025-08-29T15:57:16,Deposit,
1038,536,6,1804.29,USD,2025-12-21T08:50:46,Interest credit,
1039,55,2,-1504.04,USD,2025-04-23T07:32:29,ATM withdrawal,
1040,69,2,-2694.62,USD,2025-05-10T04:29:36,ATM withdrawal,
1041,236,5,-3348.73,USD,2023-06-23T21:17:21,Monthly fee,
1042,24,5,-4298.43,USD,2024-06-15T06:41:03,Monthly fee,
1043,128,5,-665.48,USD,2022-06-03T08:44:22,Monthly fee,
1044,456,2,-4150.84,USD,2024-01-24T23:40:25,ATM withdrawal,
1045,435,2,-2175.62,USD,2022-04-07T11:07:08,ATM withdrawal,
1046,530,1,2059.01,USD,2024-06-15T19:37:27,Deposit,
1047,235,1,4867.28,USD,2023-05-12T06:48:59,Deposit,
1048,204,5,-1982.99,USD,2025-07-12T07:25:36,Monthly fee,
1049,342,6,203.05,USD,2025-07-19T01:50:07,Interest credit,
1050,338,1,4208.2,USD,2023-05-12T08:13:07,Deposit,
1051,439,2,-3049.02,USD,2023-02-16T23:20:25,ATM withdrawal,
1052,189,1,4265.7,USD,2023-06-21T06:15:23,Deposit,
1053,458,1,3873.19,USD,2022-12-21T00:56:20,Deposit,
1054,500,5,-3086.66,USD,2022-05-22T07:40:34,Monthly fee,
1055,436,1,1902.57,USD,2023-01-18T16:39:28,Deposit,
1056,137,6,170.98,USD,2023-06-01T11:25:19,Interest credit,
1057,336,2,-4453.81,USD,2025-10-15T01:30:25,ATM withdrawal,
1058,57,6,153.38,USD,2025-10-11T18:24:02,Interest credit,
1059,447,6,1533.57,USD,2023-04-12T20:58:20,Interest credit,
1060,232,5,-1823.05,USD,2025-09-03T15:58:04,Monthly fee,
1061,417,1,4701.44,USD,2024-01-13T20:41:53,Deposit,
1062,436,2,-1233.19,USD,2022-02-08T13:43:05,ATM withdrawal,
1063,18,1,4220.8,USD,2025-11-04T05:13:04,Deposit,
1064,185,2,-112.56,USD,2024-03-28T15:10:27,ATM withdrawal,
1065,516,5,-2208.66,USD,2022-03-22T17:05:26,Monthly fee,
1066,44,2,-1716.5,USD,2023-03-01T23:47:17,ATM withdrawal,
1067,132,1,2004.75,USD,2024-11-05T23:39:21,Deposit,
1068,540,1,1376.39,USD,2023-08-21T17:21:52,Deposit,
1069,103,1,3297.79,USD,2024-12-12T23:35:47,Deposit,
1070,229,2,-369.43,USD,2022-05-14T09:50:15,ATM withdrawal,
1071,387,6,2754.31,USD,2024-12-17T14:14:12,Interest credit,
1072,271,6,1895.75,USD,2024-09-15T13:59:47,Interest credit,
1073,409,2,-3080.63,USD,2022-04-22T00:47:31,ATM withdrawal,
1074,214,6,78.03,USD,2024-10-31T14:50:31,Interest credit,
1075,298,6,4245.75,USD,2023-07-05T07:32:42,Interest credit,
1076,350,1,2626.45,USD,2022-12-09T11:43:28,Deposit,
1077,32,5,-1331.92,USD,2023-11-22T11:16:10,Monthly fee,
1078,252,5,-3170.23,USD,2025-01-09T15:40:16,Monthly fee,
1079,177,1,239.71,USD,2023-06-30T07:54:34,Deposit,
1080,46,5,-3881.85,USD,2025-11-06T14:53:51,Monthly fee,
1081,271,2,-37.95,USD,2022-09-03T16:48:53,ATM withdrawal,
1082,436,1,4552.13,USD,2022-02-28T22:29:23,Deposit,
1083,226,2,-3299.8,USD,2025-04-23T17:55:23,ATM withdrawal,
1084,385,6,3814.31,USD,2024-05-17T00:01:55,Interest credit,
1085,259,2,-2398.01,USD,2025-04-23T16:15:38,ATM withdrawal,
1086,422,5,-1461.97,USD,2024-12-12T20:37:56,Monthly fee,
1087,308,2,-3411.05,USD,2023-03-19T16:41:00,ATM withdrawal,
1088,376,2,-4649.5,USD,2024-04-21T07:16:28,ATM withdrawal,
1089,82,6,2479.56,USD,2022-03-25T08:49:52,Interest credit,
1090,455,1,1726.85,USD,2025-11-04T22:19:16,Deposit,
1091,357,2,-2930.79,USD,2024-01-30T16:11:16,ATM withdrawal,
1092,111,5,-2734.15,USD,2025-02-17T14:16:20,Monthly fee,
1093,178,1,3255.86,USD,2025-03-19T06:06:49,Deposit,
1094,41,5,-2608.69,USD,2024-09-11T12:49:33,Monthly fee,
1095,410,5,-4015.33,USD,2022-05-15T17:59:17,Monthly fee,
1096,85,6,1614.9,USD,2024-10-17T02:16:06,Interest credit,
1097,511,6,3815.85,USD,2025-10-05T22:07:01,Interest credit,
1098,335,6,2059.81,USD,2022-09-23T13:57:11,Interest credit,
1099,284,6,1094.48,USD,2022-03-07T05:49:21,Interest credit,
1100,505,6,1688.32,USD,2023-04-22T10:30:35,Interest credit,
1101,393,6,1958.49,USD,2023-03-14T13:53:49,Interest credit,
1102,29,2,-4605.0,USD,2022-07-17T03:40:43,ATM withdrawal,
1103,171,5,-1611.1,USD,2024-05-29T02:22:56,Monthly fee,
1104,282,6,3058.27,USD,2024-11-04T09:57:16,Interest credit,
1105,104,5,-336.3,USD,2025-05-02T13:32:13,Monthly fee,
1106,163,6,3711.02,USD,2022-10-17T17:37:40,Interest credit,
1107,60,2,-4580.1,USD,2024-09-20T03:01:23,ATM withdrawal,
1108,429,1,4872.93,USD,2023-02-09T07:44:38,Deposit,
1109,522,1,1385.79,USD,2025-12-21T07:09:59,Deposit,
1110,503,2,-648.84,USD,2023-01-25T22:58:48,ATM withdrawal,
1111,502,5,-4800.5,USD,2025-12-31T22:06:06,Monthly fee,
1112,437,2,-1722.95,USD,2024-03-10T23:39:53,ATM withdrawal,
1113,457,1,2520.14,USD,2022-05-25T03:17:42,Deposit,
1114,453,6,2331.22,USD,2022-09-02T12:12:07,Interest credit,
1115,324,2,-2620.44,USD,2025-05-01T12:09:41,ATM withdrawal,
1116,476,6,4403.02,USD,2022-08-16T02:33:47,Interest credit,
1117,68,2,-2794.96,USD,2025-11-06T22:17:49,ATM withdrawal,
1118,275,1,4187.53,USD,2024-06-07T20:45:52,Deposit,
1119,47,2,-1667.74,USD,2025-02-11T23:34:47,ATM withdrawal,
1120,476,5,-3172.67,USD,2023-03-11T11:41:19,Monthly fee,
1121,63,5,-3875.94,USD,2025-01-28T09:10:54,Monthly fee,
1122,2,5,-3056.85,USD,2024-01-13T20:16:59,Monthly fee,
1123,184,6,1946.23,USD,2024-08-15T21:21:27,Interest credit,
1124,463,5,-1141.39,USD,2024-12-02T13:26:35,Monthly fee,
1125,530,1,1562.83,USD,2023-12-03T20:13:48,Deposit,
1126,134,5,-4082.65,USD,2023-02-14T23:56:12,Monthly fee,
1127,501,2,-944.55,USD,2022-12-21T12:42:19,ATM withdrawal,
1128,54,1,3005.54,USD,2023-09-05T09:18:35,Deposit,
1129,62,2,-124.36,USD,2023-08-31T04:50:29,ATM withdrawal,
1130,240,5,-3052.87,USD,2022-08-12T18:08:05,Monthly fee,
1131,324,6,4946.87,USD,2024-11-04T13:52:59,Interest credit,
1132,264,5,-3559.07,USD,2022-12-01T18:27:05,Monthly fee,
1133,172,1,3949.34,USD,2023-10-04T04:43:56,Deposit,
1134,523,6,141.69,USD,2022-09-04T18:03:24,Interest credit,
1135,162,5,-2136.35,USD,2024-02-03T04:57:04,Monthly fee,
1136,130,2,-1766.99,USD,2022-11-11T08:18:14,ATM withdrawal,
1137,473,6,4000.96,USD,2025-06-02T04:46:58,Interest credit,
1138,39,6,2096.18,USD,2023-12-19T08:23:58,Interest credit,
1139,425,6,3913.86,USD,2022-04-21T06:28:03,Interest credit,
1140,451,1,340.22,USD,2022-04-15T18:57:58,Deposit,
1141,384,5,-2420.48,USD,2023-12-25T07:58:32,Monthly fee,
1142,542,2,-4916.78,USD,2025-12-05T14:35:16,ATM withdrawal,
1143,211,6,469.58,USD,2022-07-30T15:41:49,Interest credit,
1144,74,5,-4269.33,USD,2025-11-27T20:25:39,Monthly fee,
1145,110,1,3590.61,USD,2024-08-25T17:05:32,Deposit,
1146,500,5,-4580.6,USD,2024-10-31T02:23:35,Monthly fee,
1147,123,6,699.33,USD,2025-05-17T06:29:33,Interest credit,
1148,274,1,2519.77,USD,2024-08-06T02:36:23,Deposit,
1149,489,1,1726.72,USD,2024-04-03T05:48:06,Deposit,
1150,10,1,4143.31,USD,2023-06-14T15:45:50,Deposit,
1151,72,5,-227.57,USD,2025-09-04T10:57:27,Monthly fee,
1152,529,5,-4018.49,USD,2022-03-20T01:12:57,Monthly fee,
1153,455,1,4444.36,USD,2024-05-03T02:59:19,Deposit,
1154,434,2,-2947.41,USD,2022-04-21T04:50:55,ATM withdrawal,
1155,471,5,-870.83,USD,2024-08-22T16:12:28,Monthly fee,
1156,434,2,-4507.19,USD,2022-08-15T23:55:57,ATM withdrawal,
1157,282,6,25.62,USD,2022-07-10T04:25:43,Interest credit,
1158,19,5,-4416.5,USD,2025-12-15T22:58:10,Monthly fee,
1159,132,6,1941.58,USD,2022-11-29T07:24:08,Interest credit,
1160,54,1,4959.02,USD,2023-04-21T09:09:55,Deposit,
1161,105,5,-3578.21,USD,2024-10-19T13:14:01,Monthly fee,
1162,151,6,4998.07,USD,2024-10-25T03:05:35,Interest credit,
1163,19,2,-602.79,USD,2024-03-11T22:33:34,ATM withdrawal,
1164,338,2,-1826.76,USD,2022-05-22T06:47:22,ATM withdrawal,
1165,517,2,-3369.55,USD,2023-05-27T15:58:56,ATM withdrawal,
1166,289,6,2627.24,USD,2024-12-07T22:33:57,Interest credit,
1167,145,5,-1659.71,USD,2025-06-23T03:38:33,Monthly fee,
1168,511,1,3620.26,USD,2023-03-13T18:07:50,Deposit,
1169,504,2,-992.45,USD,2022-09-24T17:33:10,ATM withdrawal,
1170,231,2,-3519.53,USD,2024-07-25T10:19:05,ATM withdrawal,
1171,209,6,252.5,USD,2023-10-16T09:51:18,Interest credit,
1172,28,5,-3447.5,USD,2024-09-22T10:22:12,Monthly fee,
1173,188,5,-4900.94,USD,2023-02-17T13:53:39,Monthly fee,
1174,42,6,175.89,USD,2022-11-20T23:41:19,Interest credit,
1175,121,5,-3373.97,USD,2022-01-26T22:30:55,Monthly fee,
1176,101,6,4092.54,USD,2024-07-29T16:36:26,Interest credit,
1177,508,5,-3699.53,USD,2025-11-10T12:58:00,Monthly fee,
1178,1,5,-4168.71,USD,2023-10-04T09:21:31,Monthly fee,
1179,289,2,-2483.71,USD,2024-01-28T07:29:13,ATM withdrawal,
1180,466,2,-835.07,USD,2024-03-23T22:36:55,ATM withdrawal,
1181,354,2,-2257.83,USD,2023-06-08T09:17:36,ATM withdrawal,
1182,488,1,821.31,USD,2022-11-22T12:58:37,Deposit,
1183,323,1,1454.07,USD,2025-07-28T07:26:38,Deposit,
1184,167,1,305.35,USD,2022-07-17T04:22:45,Deposit,
1185,524,5,-1182.48,USD,2023-10-01T23:59:03,Monthly fee,
1186,138,6,4556.5,USD,2024-11-06T18:22:15,Interest credit,
1187,520,6,115.24,USD,2024-06-10T21:16:02,Interest credit,
1188,79,2,-4950.24,USD,2024-10-08T08:35:36,ATM withdrawal,
1189,402,6,2785.86,USD,2022-09-24T13:53:14,Interest credit,
1190,503,6,3044.95,USD,2023-06-23T12:04:00,Interest credit,
1191,339,2,-562.84,USD,2022-02-17T09:42:19,ATM withdrawal,
1192,497,5,-4932.82,USD,2023-11-02T01:51:47,Monthly fee,
1193,336,1,1670.55,USD,2023-07-14T19:00:26,Deposit,
1194,63,2,-4671.57,USD,2024-05-09T20:50:10,ATM withdrawal,
1195,473,1,4455.59,USD,2022-06-04T00:42:23,Deposit,
1196,41,1,4943.06,USD,2025-05-12T03:31:51,Deposit,
1197,108,5,-1226.94,USD,2022-11-02T17:56:06,Monthly fee,
1198,473,6,4977.75,USD,2023-06-21T00:35:39,Interest credit,
1199,538,5,-2369.83,USD,2024-06-23T11:42:13,Monthly fee,
1200,77,1,1815.88,USD,2023-08-18T10:47:04,Deposit,
1201,432,5,-1076.73,USD,2023-05-15T22:41:37,Monthly fee,
1202,542,2,-2600.13,USD,2023-04-27T12:54:50,ATM withdrawal,
1203,473,1,207.46,USD,2024-07-21T08:54:06,Deposit,
1204,426,2,-3847.95,USD,2025-11-08T22:59:31,ATM withdrawal,
1205,362,6,4638.84,USD,2025-04-18T21:34:34,Interest credit,
1206,471,2,-3171.26,USD,2025-11-05T06:03:43,ATM withdrawal,
1207,450,5,-3469.75,USD,2023-12-12T15:53:35,Monthly fee,
1208,417,1,1900.83,USD,2025-02-09T08:06:47,Deposit,
1209,202,1,189.89,USD,2025-06-23T06:59:10,Deposit,
1210,169,1,2041.95,USD,2024-04-02T05:01:26,Deposit,
1211,439,6,864.06,USD,2024-10-23T07:26:49,Interest credit,
1212,87,5,-3568.72,USD,2022-03-01T05:54:32,Monthly fee,
1213,182,6,1010.23,USD,2024-11-12T21:00:11,Interest credit,
1214,447,5,-3789.14,USD,2025-09-02T23:09:53,Monthly fee,
1215,56,2,-377.27,USD,2022-08-08T20:56:10,ATM withdrawal,
1216,174,6,1580.5,USD,2024-12-13T02:44:50,Interest credit,
1217,453,6,877.15,USD,2025-08-14T20:11:22,Interest credit,
1218,480,2,-2123.98,USD,2024-04-30T16:06:08,ATM withdrawal,
1219,228,1,1630.31,USD,2023-03-27T04:53:20,Deposit,
1220,142,6,247.89,USD,2022-05-21T20:05:34,Interest credit,
1221,110,2,-4589.59,USD,2023-05-16T00:30:13,ATM withdrawal,
1222,538,1,4672.13,USD,2022-06-06T20:09:10,Deposit,
1223,90,2,-1323.25,USD,2023-02-12T23:49:48,ATM withdrawal,
1224,426,5,-4721.4,USD,2022-07-14T01:04:02,Monthly fee,
1225,454,5,-1666.26,USD,2022-04-07T23:22:45,Monthly fee,
1226,53,1,2947.48,USD,2025-03-26T02:04:38,Deposit,
1227,473,1,1611.19,USD,2022-02-27T16:51:23,Deposit,
1228,127,1,4858.46,USD,2022-05-10T10:01:42,Deposit,
1229,311,1,831.88,USD,2022-11-27T23:54:21,Deposit,
1230,62,1,572.09,USD,2022-12-08T16:29:49,Deposit,
1231,340,1,4942.81,USD,2023-01-08T12:29:51,Deposit,
1232,43,2,-2832.74,USD,2025-04-21T15:15:35,ATM withdrawal,
1233,9,6,3084.28,USD,2022-07-13T09:38:15,Interest credit,
1234,505,1,3003.59,USD,2022-03-06T08:23:07,Deposit,
1235,311,1,1282.82,USD,2025-12-13T17:32:50,Deposit,
1236,124,6,1593.72,USD,2024-04-18T02:02:36,Interest credit,
1237,358,2,-3969.9,USD,2023-08-29T17:46:15,ATM withdrawal,
1238,348,1,4083.65,USD,2024-08-15T10:56:14,Deposit,
1239,428,2,-1509.37,USD,2024-08-26T19:39:47,ATM withdrawal,
1240,58,5,-920.08,USD,2023-04-16T21:12:46,Monthly fee,
1241,316,6,1691.29,USD,2025-03-28T02:57:30,Interest credit,
1242,198,5,-3657.29,USD,2023-01-28T20:24:59,Monthly fee,
1243,277,1,4927.84,USD,2025-07-16T21:23:33,Deposit,
1244,339,1,506.28,USD,2024-01-31T11:28:30,Deposit,
1245,87,6,4908.82,USD,2024-06-25T14:23:30,Interest credit,
1246,437,6,4547.42,USD,2024-08-03T02:03:54,Interest credit,
1247,400,1,4727.83,USD,2023-08-07T05:49:48,Deposit,
1248,34,2,-109.72,USD,2023-02-28T22:46:22,ATM withdrawal,
1249,240,6,2647.01,USD,2024-10-22T02:20:39,Interest credit,
1250,479,1,51.77,USD,2024-08-14T20:54:35,Deposit,
1251,394,1,4596.09,USD,2024-05-28T19:00:03,Deposit,
1252,534,5,-1230.64,USD,2024-08-13T10:20:03,Monthly fee,
1253,450,5,-4824.5,USD,2022-07-23T08:19:59,Monthly fee,
1254,314,2,-3814.76,USD,2023-06-21T08:26:47,ATM withdrawal,
1255,173,6,1997.29,USD,2024-04-28T06:38:57,Interest credit,
1256,353,1,2927.67,USD,2025-11-27T16:06:45,Deposit,
1257,234,2,-947.12,USD,2025-12-05T19:41:19,ATM withdrawal,
1258,82,5,-4580.37,USD,2023-01-05T18:47:54,Monthly fee,
1259,164,6,2308.45,USD,2025-10-20T14:05:12,Interest credit,
1260,379,6,591.31,USD,2024-03-14T00:03:05,Interest credit,
1261,210,1,587.2,USD,2025-10-10T20:31:32,Deposit,
1262,456,1,4005.09,USD,2025-01-12T15:42:38,Deposit,
1263,473,2,-2860.26,USD,2023-05-10T01:36:03,ATM withdrawal,
1264,462,6,708.16,USD,2023-10-17T17:19:03,Interest credit,
1265,54,1,4281.67,USD,2023-01-18T20:21:01,Deposit,
1266,279,6,3525.42,USD,2025-09-27T12:00:21,Interest credit,
1267,2,6,2586.92,USD,2022-02-23T05:52:23,Interest credit,
1268,379,2,-4308.95,USD,2024-12-02T19:29:12,ATM withdrawal,
1269,472,5,-132.65,USD,2025-09-11T00:16:56,Monthly fee,
1270,118,1,870.92,USD,2023-07-04T03:26:43,Deposit,
1271,107,6,2241.71,USD,2022-10-07T06:31:36,Interest credit,
1272,451,2,-165.69,USD,2022-01-31T10:57:14,ATM withdrawal,
1273,200,1,583.89,USD,2025-04-25T05:21:07,Deposit,
1274,540,6,1414.69,USD,2022-02-10T08:33:23,Interest credit,
1275,326,1,857.01,USD,2022-06-18T07:49:28,Deposit,
1276,301,5,-4194.89,USD,2022-09-04T11:58:24,Monthly fee,
1277,367,1,1095.14,USD,2024-08-27T03:20:47,Deposit,
1278,32,1,2423.63,USD,2025-02-10T16:14:57,Deposit,
1279,523,2,-2183.77,USD,2022-10-24T01:05:09,ATM withdrawal,
1280,36,2,-3588.8,USD,2022-08-09T10:51:09,ATM withdrawal,
1281,415,2,-244.8,USD,2025-09-12T21:49:27,ATM withdrawal,
1282,484,5,-3562.72,USD,2024-10-05T10:43:29,Monthly fee,
1283,107,6,4426.16,USD,2024-07-07T04:23:01,Interest credit,
1284,28,6,4248.24,USD,2024-08-12T07:27:21,Interest credit,
1285,528,6,4014.54,USD,2025-08-10T22:37:16,Interest credit,
1286,152,2,-601.62,USD,2023-12-11T03:07:00,ATM withdrawal,
1287,81,6,2565.26,USD,2022-06-10T07:21:54,Interest credit,
1288,470,1,4532.52,USD,2022-05-01T18:44:12,Deposit,
1289,420,6,3597.38,USD,2024-09-18T13:23:32,Interest credit,
1290,520,1,2631.49,USD,2024-11-10T07:51:29,Deposit,
1291,387,1,2107.67,USD,2025-08-24T22:28:04,Deposit,
1292,136,5,-1709.83,USD,2022-04-24T14:22:34,Monthly fee,
1293,272,2,-3049.09,USD,2025-10-04T15:34:10,ATM withdrawal,
1294,430,5,-4751.9,USD,2025-01-25T06:17:59,Monthly fee,
1295,280,5,-1039.6,USD,2022-05-06T05:56:33,Monthly fee,
1296,535,5,-3440.54,USD,2023-10-03T18:38:05,Monthly fee,
1297,58,6,2265.44,USD,2024-09-27T10:53:27,Interest credit,
1298,387,2,-1570.67,USD,2025-04-06T00:53:12,ATM withdrawal,
1299,520,1,2697.14,USD,2024-11-30T06:10:03,Deposit,
1300,10,6,4808.42,USD,2023-02-22T17:46:43,Interest credit,
1301,403,5,-4440.54,USD,2023-04-23T14:00:06,Monthly fee,
1302,126,2,-4821.21,USD,2025-05-03T18:11:33,ATM withdrawal,
1303,471,2,-671.42,USD,2025-03-17T14:26:05,ATM withdrawal,
1304,225,5,-4080.22,USD,2024-10-09T15:41:43,Monthly fee,
1305,391,1,487.8,USD,2022-07-28T00:45:39,Deposit,
1306,547,6,662.51,USD,2024-01-15T06:05:58,Interest credit,
1307,127,5,-3773.46,USD,2022-08-06T17:08:49,Monthly fee,
1308,400,5,-676.6,USD,2024-07-22T03:44:00,Monthly fee,
1309,413,5,-2048.96,USD,2024-06-12T11:54:26,Monthly fee,
1310,375,5,-167.35,USD,2023-01-12T20:45:53,Monthly fee,
1311,86,1,1079.04,USD,2024-06-25T08:37:28,Deposit,
1312,199,6,1500.5,USD,2024-04-29T15:04:10,Interest credit,
1313,81,2,-1500.49,USD,2025-02-05T23:54:28,ATM withdrawal,
1314,443,5,-378.49,USD,2023-12-22T15:53:55,Monthly fee,
1315,140,1,3393.86,USD,2022-05-14T22:39:05,Deposit,
1316,254,6,2629.73,USD,2023-05-11T18:55:44,Interest credit,
1317,49,2,-3938.55,USD,2024-10-24T05:36:28,ATM withdrawal,
1318,444,6,3625.84,USD,2023-01-01T00:31:51,Interest credit,
1319,87,1,1080.72,USD,2024-01-20T00:52:41,Deposit,
1320,233,2,-2036.96,USD,2024-11-29T18:18:52,ATM withdrawal,
1321,295,2,-2475.42,USD,2023-02-26T13:30:30,ATM withdrawal,
1322,286,5,-2454.31,USD,2022-12-13T09:21:28,Monthly fee,
1323,118,5,-4761.39,USD,2024-01-19T08:36:48,Monthly fee,
1324,446,5,-2380.71,USD,2024-07-24T21:25:02,Monthly fee,
1325,267,1,4599.17,USD,2022-12-23T17:05:30,Deposit,
1326,512,1,2432.78,USD,2024-02-28T18:37:53,Deposit,
1327,294,5,-1553.32,USD,2025-08-16T17:12:37,Monthly fee,
1328,388,2,-4700.81,USD,2022-12-22T08:31:02,ATM withdrawal,
1329,12,5,-841.88,USD,2025-10-27T21:23:20,Monthly fee,
1330,278,6,4750.0,USD,2022-12-05T01:02:28,Interest credit,
1331,238,1,1917.43,USD,2022-03-29T17:02:24,Deposit,
1332,186,5,-709.38,USD,2025-06-21T20:38:30,Monthly fee,
1333,449,6,3468.94,USD,2023-10-18T06:08:39,Interest credit,
1334,550,2,-2889.78,USD,2025-02-02T15:44:21,ATM withdrawal,
1335,53,5,-2512.97,USD,2023-09-08T03:37:48,Monthly fee,
1336,318,2,-1381.92,USD,2023-08-29T21:58:56,ATM withdrawal,
1337,119,1,4337.57,USD,2024-12-04T00:53:14,Deposit,
1338,277,6,2261.88,USD,2025-12-09T00:27:06,Interest credit,
1339,433,2,-2701.73,USD,2023-06-28T15:15:32,ATM withdrawal,
1340,75,1,3804.08,USD,2024-03-22T07:31:54,Deposit,
1341,5,6,844.48,USD,2025-02-25T11:02:35,Interest credit,
1342,131,2,-1969.55,USD,2024-03-29T07:19:02,ATM withdrawal,
1343,352,5,-1951.78,USD,2025-06-06T16:20:39,Monthly fee,
1344,21,1,2382.82,USD,2022-12-16T09:03:44,Deposit,
1345,9,1,2274.19,USD,2024-01-12T00:18:37,Deposit,
1346,244,5,-2252.22,USD,2022-08-24T09:05:09,Monthly fee,
1347,484,6,124.38,USD,2024-01-09T07:12:56,Interest credit,
1348,534,6,2989.39,USD,2022-10-04T21:34:15,Interest credit,
1349,173,1,4542.19,USD,2023-05-09T16:43:07,Deposit,
1350,83,6,1393.48,USD,2025-08-29T01:03:50,Interest credit,
1351,508,5,-1121.16,USD,2022-10-21T12:10:34,Monthly fee,
1352,259,2,-840.05,USD,2023-04-04T21:31:24,ATM withdrawal,
1353,43,2,-1600.7,USD,2024-08-28T04:37:17,ATM withdrawal,
1354,281,2,-1432.2,USD,2024-09-12T05:54:08,ATM withdrawal,
1355,162,6,1436.37,USD,2024-09-07T04:32:55,Interest credit,
1356,254,2,-1100.34,USD,2023-04-29T05:40:24,ATM withdrawal,
1357,46,2,-905.22,USD,2022-11-04T21:28:21,ATM withdrawal,
1358,385,1,2497.01,USD,2023-12-26T16:13:19,Deposit,
1359,279,1,4100.28,USD,2023-03-25T00:39:52,Deposit,
1360,520,1,3655.55,USD,2024-11-21T02:45:47,Deposit,
1361,147,5,-3659.18,USD,2025-09-12T04:17:07,Monthly fee,
1362,175,6,4905.96,USD,2023-12-31T19:31:23,Interest credit,
1363,165,2,-2566.2,USD,2024-11-06T07:09:01,ATM withdrawal,
1364,226,6,3842.82,USD,2025-06-19T17:02:52,Interest credit,
1365,28,2,-3056.98,USD,2024-04-14T14:28:34,ATM withdrawal,
1366,377,1,1381.57,USD,2023-12-17T10:17:49,Deposit,
1367,320,5,-1370.48,USD,2023-09-19T04:50:38,Monthly fee,
1368,475,2,-2448.84,USD,2024-05-27T17:12:10,ATM withdrawal,
1369,237,2,-4874.46,USD,2023-06-04T17:13:12,ATM withdrawal,
1370,497,5,-1862.72,USD,2025-11-13T14:40:40,Monthly fee,
1371,225,6,2709.16,USD,2022-07-09T07:38:12,Interest credit,
1372,79,1,4325.63,USD,2024-03-08T10:13:07,Deposit,
1373,149,6,1265.09,USD,2024-02-20T22:47:39,Interest credit,
1374,388,6,4552.42,USD,2024-06-26T01:22:30,Interest credit,
1375,110,6,472.57,USD,2025-06-28T20:05:41,Interest credit,
1376,229,2,-3947.38,USD,2023-04-09T07:23:25,ATM withdrawal,
1377,171,5,-1687.15,USD,2022-09-08T06:21:48,Monthly fee,
1378,313,1,3805.46,USD,2022-04-23T22:46:15,Deposit,
1379,267,1,394.81,USD,2023-04-23T14:12:52,Deposit,
1380,143,1,4674.35,USD,2025-07-24T20:08:08,Deposit,
1381,33,1,4881.26,USD,2024-07-21T07:52:34,Deposit,
1382,180,2,-3155.52,USD,2022-03-22T12:34:25,ATM withdrawal,
1383,424,6,1155.66,USD,2024-09-11T00:39:39,Interest credit,
1384,424,5,-2721.96,USD,2025-01-10T13:51:14,Monthly fee,
1385,522,6,1567.16,USD,2024-05-29T17:06:36,Interest credit,
1386,174,5,-2872.9,USD,2022-06-15T02:01:08,Monthly fee,
1387,539,5,-2911.36,USD,2023-03-02T16:55:12,Monthly fee,
1388,328,1,4078.57,USD,2023-05-17T04:59:28,Deposit,
1389,378,2,-646.86,USD,2024-03-06T19:18:54,ATM withdrawal,
1390,513,6,959.63,USD,2025-11-08T21:08:03,Interest credit,
1391,84,2,-3630.04,USD,2022-01-27T12:53:20,ATM withdrawal,
1392,202,2,-862.47,USD,2025-05-14T22:25:58,ATM withdrawal,
1393,73,1,3308.52,USD,2024-02-12T12:19:56,Deposit,
1394,114,1,1698.08,USD,2024-02-29T09:53:44,Deposit,
1395,259,6,3985.95,USD,2025-05-24T04:12:39,Interest credit,
1396,426,5,-4635.94,USD,2025-05-03T15:35:09,Monthly fee,
1397,443,1,263.65,USD,2022-01-31T00:18:29,Deposit,
1398,4,2,-940.69,USD,2024-05-02T01:47:00,ATM withdrawal,
1399,541,5,-4294.85,USD,2025-09-13T06:58:36,Monthly fee,
1400,83,2,-3472.42,USD,2023-07-02T19:29:15,ATM withdrawal,
1401,121,1,4834.95,USD,2023-03-12T17:33:33,Deposit,
1402,227,1,3813.91,USD,2025-06-30T22:00:19,Deposit,
1403,279,2,-2516.88,USD,2022-10-24T07:47:26,ATM withdrawal,
1404,128,6,171.12,USD,2022-06-24T00:42:39,Interest credit,
1405,504,2,-3731.76,USD,2025-02-18T19:40:13,ATM withdrawal,
1406,545,2,-347.52,USD,2025-08-03T03:02:06,ATM withdrawal,
1407,371,1,33.4,USD,2024-04-29T01:54:47,Deposit,
1408,502,5,-2819.04,USD,2025-10-17T00:18:43,Monthly fee,
1409,159,1,2910.18,USD,2025-10-10T14:53:43,Deposit,
1410,416,6,3355.14,USD,2023-05-09T03:02:03,Interest credit,
1411,318,5,-1009.69,USD,2025-05-07T23:54:50,Monthly fee,
1412,286,2,-676.64,USD,2023-03-16T12:20:47,ATM withdrawal,
1413,245,2,-2366.85,USD,2023-06-14T15:49:44,ATM withdrawal,
1414,183,5,-69.74,USD,2024-02-14T04:12:14,Monthly fee,
1415,131,6,4551.17,USD,2024-02-02T01:37:42,Interest credit,
1416,280,5,-4090.33,USD,2023-06-16T16:14:05,Monthly fee,
1417,508,5,-3736.32,USD,2023-03-15T13:00:51,Monthly fee,
1418,76,6,413.16,USD,2024-11-15T15:47:50,Interest credit,
1419,393,2,-3680.93,USD,2024-09-20T06:29:10,ATM withdrawal,
1420,156,5,-2407.84,USD,2025-01-21T08:33:15,Monthly fee,
1421,413,2,-3000.6,USD,2024-06-28T01:06:52,ATM withdrawal,
1422,217,1,34.48,USD,2025-03-11T10:52:28,Deposit,
1423,533,2,-870.66,USD,2025-10-09T06:59:14,ATM withdrawal,
1424,345,6,685.72,USD,2023-07-15T04:42:08,Interest credit,
1425,234,5,-4543.32,USD,2022-09-26T04:26:19,Monthly fee,
1426,78,1,612.45,USD,2025-07-26T08:51:09,Deposit,
1427,197,1,1819.58,USD,2024-03-10T10:48:28,Deposit,
1428,463,6,67.76,USD,2024-04-07T03:40:40,Interest credit,
1429,155,5,-4917.6,USD,2024-09-22T08:15:19,Monthly fee,
1430,177,1,145.04,USD,2023-09-30T07:39:34,Deposit,
1431,525,2,-3491.9,USD,2025-03-07T00:15:45,ATM withdrawal,
1432,103,6,3025.35,USD,2023-06-20T12:27:33,Interest credit,
1433,11,2,-4130.54,USD,2024-03-14T21:55:46,ATM withdrawal,
1434,487,5,-3715.62,USD,2023-12-09T03:40:40,Monthly fee,
1435,106,6,4135.32,USD,2024-05-18T21:45:44,Interest credit,
1436,438,1,741.1,USD,2024-10-03T21:24:58,Deposit,
1437,334,6,1893.36,USD,2023-09-11T13:36:10,Interest credit,
1438,444,5,-2992.17,USD,2025-07-31T01:11:35,Monthly fee,
1439,164,6,4209.19,USD,2024-07-20T22:19:26,Interest credit,
1440,285,2,-1663.6,USD,2023-08-19T10:29:24,ATM withdrawal,
1441,250,5,-1478.09,USD,2024-07-15T21:35:10,Monthly fee,
1442,42,1,549.88,USD,2024-10-01T21:24:32,Deposit,
1443,254,5,-4629.55,USD,2022-11-23T23:47:43,Monthly fee,
1444,535,1,1176.49,USD,2022-09-22T21:16:11,Deposit,
1445,48,5,-2100.57,USD,2024-01-21T07:56:20,Monthly fee,
1446,163,1,3278.63,USD,2025-07-27T01:21:51,Deposit,
1447,487,2,-1893.0,USD,2024-10-10T14:36:35,ATM withdrawal,
1448,198,1,4036.31,USD,2022-04-08T04:46:47,Deposit,
1449,51,2,-197.35,USD,2023-01-26T06:03:58,ATM withdrawal,
1450,498,6,2824.94,USD,2022-02-06T23:01:40,Interest credit,
1451,95,2,-4556.13,USD,2024-01-09T06:11:15,ATM withdrawal,
1452,515,5,-316.33,USD,2025-03-13T19:21:23,Monthly fee,
1453,347,1,4644.45,USD,2024-05-29T05:31:07,Deposit,
1454,127,1,1924.16,USD,2022-05-26T19:34:23,Deposit,
1455,292,5,-3730.42,USD,2022-04-21T13:24:28,Monthly fee,
1456,391,5,-3531.66,USD,2024-06-05T04:40:39,Monthly fee,
1457,34,6,1616.27,USD,2024-03-28T11:05:08,Interest credit,
1458,411,5,-4351.04,USD,2023-05-28T15:53:12,Monthly fee,
1459,495,1,1366.5,USD,2025-08-24T02:50:19,Deposit,
1460,123,5,-726.52,USD,2025-02-10T14:28:51,Monthly fee,
1461,542,6,3989.21,USD,2022-02-25T00:36:33,Interest credit,
1462,350,5,-4561.81,USD,2022-04-25T13:40:38,Monthly fee,
1463,211,5,-3129.35,USD,2024-03-27T07:42:13,Monthly fee,
1464,528,1,935.01,USD,2023-10-26T09:41:12,Deposit,
1465,220,6,238.18,USD,2024-03-15T04:00:13,Interest credit,
1466,506,6,285.27,USD,2025-07-30T01:40:31,Interest credit,
1467,33,6,1236.2,USD,2023-05-02T12:26:52,Interest credit,
1468,550,1,1213.47,USD,2024-06-08T19:41:28,Deposit,
1469,446,1,2246.95,USD,2025-05-26T00:17:57,Deposit,
1470,394,6,113.92,USD,2023-11-21T10:37:48,Interest credit,
1471,243,1,2921.68,USD,2023-07-25T18:12:17,Deposit,
1472,275,1,3266.73,USD,2024-03-07T02:23:39,Deposit,
1473,45,2,-3952.73,USD,2024-06-17T19:44:35,ATM withdrawal,
1474,156,6,3281.64,USD,2022-10-13T10:21:58,Interest credit,
1475,342,6,4441.72,USD,2022-08-08T19:58:16,Interest credit,
1476,354,1,2609.1,USD,2025-06-08T01:27:24,Deposit,
1477,26,2,-2080.85,USD,2023-06-29T00:37:41,ATM withdrawal,
1478,91,6,4386.43,USD,2022-06-10T13:36:13,Interest credit,
1479,127,2,-4645.05,USD,2023-02-09T07:24:12,ATM withdrawal,
1480,299,5,-3970.2,USD,2022-12-20T17:01:17,Monthly fee,
1481,225,2,-893.66,USD,2024-03-02T08:17:17,ATM withdrawal,
1482,384,1,2029.13,USD,2025-04-13T08:26:58,Deposit,
1483,99,5,-4379.08,USD,2025-07-25T16:26:35,Monthly fee,
1484,117,5,-4881.96,USD,2025-06-07T03:23:26,Monthly fee,
1485,478,5,-3259.54,USD,2022-02-07T20:31:44,Monthly fee,
1486,259,1,2197.16,USD,2025-11-22T19:44:01,Deposit,
1487,434,1,3347.71,USD,2025-01-16T03:08:22,Deposit,
1488,451,1,1967.6,USD,2022-11-15T22:39:33,Deposit,
1489,170,2,-1331.38,USD,2025-01-31T18:57:44,ATM withdrawal,
1490,449,1,1563.83,USD,2022-04-16T13:31:22,Deposit,
1491,402,5,-169.43,USD,2022-02-07T21:42:01,Monthly fee,
1492,187,1,3398.71,USD,2024-07-12T19:28:58,Deposit,
1493,432,5,-3982.55,USD,2024-06-30T00:41:19,Monthly fee,
1494,420,1,414.91,USD,2023-11-30T12:04:09,Deposit,
1495,318,6,2061.58,USD,2023-11-12T13:37:22,Interest credit,
1496,66,2,-4230.72,USD,2022-05-17T13:50:51,ATM withdrawal,
1497,139,1,879.24,USD,2022-08-12T08:11:58,Deposit,
1498,156,5,-2498.18,USD,2024-02-27T18:31:33,Monthly fee,
1499,353,1,1056.25,USD,2024-12-16T02:38:17,Deposit,
1500,23,5,-1336.55,USD,2024-02-10T07:58:21,Monthly fee,
1501,40,1,3727.03,USD,2025-08-22T04:59:50,Deposit,
1502,461,2,-3054.09,USD,2024-07-03T03:17:07,ATM withdrawal,
1503,109,2,-550.65,USD,2023-01-05T19:02:22,ATM withdrawal,
1504,535,5,-342.11,USD,2023-02-06T12:40:40,Monthly fee,
1505,173,6,3152.69,USD,2025-11-27T06:05:49,Interest credit,
1506,227,5,-2927.75,USD,2024-05-18T00:29:32,Monthly fee,
1507,71,2,-3121.28,USD,2022-09-20T03:37:42,ATM withdrawal,
1508,242,5,-822.77,USD,2022-12-07T19:13:07,Monthly fee,
1509,68,5,-4675.27,USD,2023-04-06T02:05:23,Monthly fee,
1510,319,6,4089.44,USD,2025-04-06T22:28:40,Interest credit,
1511,9,5,-4357.22,USD,2025-07-06T21:36:49,Monthly fee,
1512,547,2,-395.41,USD,2025-12-26T05:01:24,ATM withdrawal,
1513,37,5,-4129.21,USD,2025-04-08T10:55:50,Monthly fee,
1514,318,2,-3788.32,USD,2022-12-08T16:17:22,ATM withdrawal,
1515,79,2,-4170.4,USD,2025-09-23T18:13:34,ATM withdrawal,
1516,470,5,-1013.33,USD,2022-01-07T14:18:36,Monthly fee,
1517,83,5,-4814.83,USD,2024-12-16T14:26:53,Monthly fee,
1518,288,2,-2212.0,USD,2022-01-10T00:37:10,ATM withdrawal,
1519,54,1,2668.09,USD,2024-09-22T01:56:49,Deposit,
1520,429,2,-743.12,USD,2025-03-14T04:52:17,ATM withdrawal,
1521,58,1,579.83,USD,2022-12-20T16:59:01,Deposit,
1522,90,6,2705.7,USD,2022-03-12T14:15:10,Interest credit,
1523,532,1,4076.53,USD,2024-08-07T11:40:41,Deposit,
1524,33,6,2456.41,USD,2022-06-01T16:59:53,Interest credit,
1525,19,6,2098.92,USD,2023-12-19T20:03:42,Interest credit,
1526,343,6,1811.53,USD,2024-01-29T07:17:57,Interest credit,
1527,24,1,3991.24,USD,2024-06-10T21:56:31,Deposit,
1528,85,6,348.02,USD,2022-10-04T14:28:20,Interest credit,
1529,240,5,-1299.09,USD,2023-03-07T21:05:44,Monthly fee,
1530,439,1,4182.14,USD,2025-01-10T13:37:33,Deposit,
1531,114,5,-3886.0,USD,2022-12-19T20:55:07,Monthly fee,
1532,520,5,-2884.8,USD,2025-03-06T07:03:59,Monthly fee,
1533,26,5,-3381.79,USD,2023-07-17T19:09:10,Monthly fee,
1534,273,6,3987.41,USD,2025-02-03T19:29:25,Interest credit,
1535,105,6,4111.9,USD,2022-09-13T03:34:23,Interest credit,
1536,475,1,3731.7,USD,2022-07-11T00:54:36,Deposit,
1537,161,1,4652.77,USD,2024-08-31T07:28:35,Deposit,
1538,448,6,1611.44,USD,2025-09-30T15:57:07,Interest credit,
1539,345,5,-2415.25,USD,2025-03-07T01:12:16,Monthly fee,
1540,71,2,-2734.3,USD,2023-10-05T02:29:24,ATM withdrawal,
1541,509,2,-3245.12,USD,2022-11-01T15:10:22,ATM withdrawal,
1542,30,6,4712.22,USD,2023-12-07T19:44:14,Interest credit,
1543,124,2,-3860.24,USD,2025-11-30T11:04:42,ATM withdrawal,
1544,48,1,3030.62,USD,2025-05-21T03:11:39,Deposit,
1545,540,2,-4918.58,USD,2023-07-14T16:59:27,ATM withdrawal,
1546,97,2,-3422.05,USD,2022-07-18T00:12:56,ATM withdrawal,
1547,335,1,2275.68,USD,2025-11-09T02:03:57,Deposit,
1548,95,2,-294.05,USD,2025-11-05T08:45:21,ATM withdrawal,
1549,236,6,3040.94,USD,2025-06-01T12:14:33,Interest credit,
1550,310,5,-1253.08,USD,2023-07-19T12:34:59,Monthly fee,
1551,117,6,1924.4,USD,2023-01-29T23:43:03,Interest credit,
1552,10,2,-4337.3,USD,2023-04-23T12:12:29,ATM withdrawal,
1553,353,6,4661.61,USD,2022-03-15T16:04:21,Interest credit,
1554,66,1,4702.91,USD,2024-07-21T15:56:56,Deposit,
1555,232,2,-3855.73,USD,2024-12-14T05:26:04,ATM withdrawal,
1556,298,5,-1985.64,USD,2023-12-29T11:28:22,Monthly fee,
1557,228,1,312.72,USD,2022-03-31T04:26:55,Deposit,
1558,439,6,1552.54,USD,2023-01-10T15:20:28,Interest credit,
1559,73,5,-2619.31,USD,2022-05-09T05:23:22,Monthly fee,
1560,135,1,3398.1,USD,2023-12-08T06:50:38,Deposit,
1561,508,5,-1381.59,USD,2023-05-31T00:04:42,Monthly fee,
1562,342,6,4095.62,USD,2024-05-04T16:55:54,Interest credit,
1563,290,2,-2225.86,USD,2022-11-24T11:16:21,ATM withdrawal,
1564,174,2,-4199.41,USD,2022-11-02T08:01:52,ATM withdrawal,
1565,142,2,-166.59,USD,2024-12-03T23:37:57,ATM withdrawal,
1566,75,2,-814.67,USD,2025-04-03T09:12:39,ATM withdrawal,
1567,451,1,4852.28,USD,2023-10-03T01:06:03,Deposit,
1568,153,2,-2860.06,USD,2022-08-26T09:42:08,ATM withdrawal,
1569,58,1,4385.04,USD,2023-09-12T01:07:28,Deposit,
1570,495,5,-3121.25,USD,2022-07-19T18:11:59,Monthly fee,
1571,522,2,-706.73,USD,2025-03-05T11:52:06,ATM withdrawal,
1572,115,1,2954.91,USD,2024-05-23T22:53:45,Deposit,
1573,463,1,3416.52,USD,2022-12-29T09:39:04,Deposit,
1574,76,6,2890.87,USD,2025-06-01T07:50:19,Interest credit,
1575,469,6,2319.06,USD,2022-10-20T19:30:17,Interest credit,
1576,399,6,3035.95,USD,2022-01-05T22:57:29,Interest credit,
1577,151,1,4674.49,USD,2024-09-21T17:11:04,Deposit,
1578,140,6,3020.52,USD,2022-02-27T22:51:03,Interest credit,
1579,415,5,-4748.49,USD,2024-03-16T09:11:34,Monthly fee,
1580,512,2,-1508.7,USD,2025-09-16T14:59:24,ATM withdrawal,
1581,196,5,-2567.04,USD,2024-07-29T06:06:05,Monthly fee,
1582,88,2,-1832.2,USD,2025-06-07T05:20:35,ATM withdrawal,
1583,392,6,1374.18,USD,2024-04-15T09:19:14,Interest credit,
1584,123,2,-824.12,USD,2025-01-03T03:55:47,ATM withdrawal,
1585,383,6,393.45,USD,2024-05-10T16:11:14,Interest credit,
1586,242,2,-3115.44,USD,2022-03-12T22:18:27,ATM withdrawal,
1587,4,5,-1933.92,USD,2025-10-07T14:19:02,Monthly fee,
1588,482,2,-1442.46,USD,2024-12-18T01:48:45,ATM withdrawal,
1589,112,6,3122.15,USD,2025-05-23T15:06:50,Interest credit,
1590,500,1,2705.87,USD,2023-06-05T17:05:20,Deposit,
1591,164,6,2261.06,USD,2022-08-06T02:22:47,Interest credit,
1592,167,6,1611.1,USD,2022-01-29T14:40:46,Interest credit,
1593,210,6,418.68,USD,2023-05-05T05:02:19,Interest credit,
1594,59,6,4206.97,USD,2022-11-30T05:12:24,Interest credit,
1595,177,1,3212.76,USD,2025-12-28T23:37:51,Deposit,
1596,468,1,3999.25,USD,2022-06-18T06:01:30,Deposit,
1597,235,6,1940.76,USD,2025-05-12T22:25:29,Interest credit,
1598,113,6,2951.26,USD,2024-06-02T19:28:33,Interest credit,
1599,69,6,869.98,USD,2024-02-17T15:06:48,Interest credit,
1600,278,1,2170.64,USD,2025-01-22T05:26:42,Deposit,
1601,373,6,210.02,USD,2024-06-30T06:59:10,Interest credit,
1602,114,2,-2262.92,USD,2025-09-29T23:59:08,ATM withdrawal,
1603,88,5,-621.04,USD,2025-06-25T14:56:41,Monthly fee,
1604,20,6,3774.2,USD,2024-07-28T07:06:50,Interest credit,
1605,440,6,1020.72,USD,2023-06-02T18:39:09,Interest credit,
1606,266,2,-2159.48,USD,2024-11-30T13:47:05,ATM withdrawal,
1607,459,5,-51.67,USD,2023-09-07T17:22:59,Monthly fee,
1608,116,2,-91.29,USD,2022-08-05T04:47:24,ATM withdrawal,
1609,525,6,4382.19,USD,2024-08-20T00:06:17,Interest credit,
1610,273,6,2422.78,USD,2025-12-06T22:23:33,Interest credit,
1611,129,6,2776.07,USD,2022-07-20T23:09:43,Interest credit,
1612,367,2,-1078.4,USD,2025-02-27T21:36:04,ATM withdrawal,
1613,504,2,-2101.71,USD,2024-05-11T08:10:07,ATM withdrawal,
1614,324,1,408.04,USD,2022-10-01T22:51:25,Deposit,
1615,69,1,2940.62,USD,2022-05-16T23:08:33,Deposit,
1616,155,6,2438.4,USD,2024-02-13T21:58:22,Interest credit,
1617,196,2,-4882.82,USD,2024-05-26T22:40:40,ATM withdrawal,
1618,479,2,-4689.42,USD,2022-11-18T13:48:54,ATM withdrawal,
1619,315,2,-2181.12,USD,2024-04-30T14:28:13,ATM withdrawal,
1620,29,1,1314.26,USD,2022-09-30T06:21:42,Deposit,
1621,141,6,3377.16,USD,2025-10-12T08:15:18,Interest credit,
1622,39,6,366.66,USD,2024-04-11T04:49:46,Interest credit,
1623,497,6,2182.79,USD,2024-09-11T16:45:55,Interest credit,
1624,315,6,145.61,USD,2023-10-08T12:16:07,Interest credit,
1625,235,1,3542.98,USD,2024-03-31T12:25:58,Deposit,
1626,46,2,-3066.54,USD,2024-10-12T04:39:19,ATM withdrawal,
1627,342,1,1015.49,USD,2023-12-28T13:00:38,Deposit,
1628,54,1,3287.8,USD,2024-12-01T00:25:35,Deposit,
1629,74,1,4420.77,USD,2025-07-07T10:55:37,Deposit,
1630,374,1,4806.0,USD,2025-08-06T12:53:13,Deposit,
1631,151,6,862.28,USD,2023-04-10T15:20:01,Interest credit,
1632,344,5,-1051.74,USD,2023-01-14T23:26:00,Monthly fee,
1633,163,6,2802.67,USD,2024-03-07T22:58:11,Interest credit,
1634,291,1,1880.81,USD,2025-11-10T16:13:28,Deposit,
1635,344,5,-3585.63,USD,2024-12-11T15:54:44,Monthly fee,
1636,56,2,-1072.18,USD,2022-02-07T15:40:50,ATM withdrawal,
1637,67,1,3749.68,USD,2024-02-11T09:02:47,Deposit,
1638,23,6,2253.66,USD,2023-09-18T03:23:33,Interest credit,
1639,395,6,3054.15,USD,2025-10-11T04:18:46,Interest credit,
1640,24,6,3510.68,USD,2022-07-23T10:48:54,Interest credit,
1641,379,1,2271.88,USD,2024-10-04T13:16:19,Deposit,
1642,386,2,-4328.21,USD,2025-03-18T05:06:19,ATM withdrawal,
1643,123,6,1556.34,USD,2023-07-19T22:57:03,Interest credit,
1644,290,2,-2005.8,USD,2023-08-19T23:20:05,ATM withdrawal,
1645,77,6,256.28,USD,2025-08-04T05:45:08,Interest credit,
1646,156,6,3407.92,USD,2023-11-09T22:27:31,Interest credit,
1647,161,6,1880.28,USD,2023-09-12T07:54:17,Interest credit,
1648,100,6,3939.59,USD,2025-09-08T02:54:19,Interest credit,
1649,536,1,2688.27,USD,2025-12-14T12:23:46,Deposit,
1650,392,1,1497.56,USD,2025-06-09T04:42:52,Deposit,
1651,120,1,4239.29,USD,2023-04-01T21:24:34,Deposit,
1652,476,5,-2397.14,USD,2022-07-04T05:58:11,Monthly fee,
1653,521,6,2146.17,USD,2022-01-25T21:16:17,Interest credit,
1654,316,6,4015.98,USD,2025-01-08T12:36:18,Interest credit,
1655,66,2,-4477.2,USD,2022-04-17T08:02:34,ATM withdrawal,
1656,54,6,707.03,USD,2024-12-02T22:14:20,Interest credit,
1657,336,6,509.48,USD,2023-01-12T14:02:37,Interest credit,
1658,224,1,2979.96,USD,2023-01-10T22:04:09,Deposit,
1659,344,5,-1149.69,USD,2023-11-18T06:40:08,Monthly fee,
1660,296,1,826.96,USD,2024-05-18T13:25:44,Deposit,
1661,183,1,2131.51,USD,2023-10-31T12:26:50,Deposit,
1662,45,1,3541.64,USD,2024-11-20T17:21:50,Deposit,
1663,312,1,353.98,USD,2022-06-07T22:07:40,Deposit,
1664,135,1,453.88,USD,2022-03-11T04:50:24,Deposit,
1665,93,5,-1850.44,USD,2023-06-05T23:09:29,Monthly fee,
1666,457,1,3229.86,USD,2022-05-13T01:19:58,Deposit,
1667,367,2,-4367.34,USD,2025-01-02T15:26:18,ATM withdrawal,
1668,443,1,4031.98,USD,2025-06-20T00:45:43,Deposit,
1669,259,5,-785.35,USD,2022-02-26T10:45:56,Monthly fee,
1670,112,5,-4157.28,USD,2024-02-27T08:06:55,Monthly fee,
1671,207,6,730.62,USD,2025-02-19T03:06:08,Interest credit,
1672,172,2,-393.05,USD,2023-06-21T17:34:25,ATM withdrawal,
1673,235,6,2119.15,USD,2022-03-09T05:38:20,Interest credit,
1674,377,5,-4604.74,USD,2023-12-05T18:45:56,Monthly fee,
1675,458,5,-4109.58,USD,2023-01-13T13:22:55,Monthly fee,
1676,501,1,4117.21,USD,2023-12-11T13:08:33,Deposit,
1677,297,5,-4311.45,USD,2023-01-30T04:39:41,Monthly fee,
1678,34,1,3532.39,USD,2024-05-22T01:45:53,Deposit,
1679,421,2,-3076.36,USD,2023-05-20T18:46:20,ATM withdrawal,
1680,445,1,977.81,USD,2022-07-10T10:50:06,Deposit,
1681,9,1,1021.97,USD,2023-06-13T20:40:54,Deposit,
1682,152,1,3992.38,USD,2022-01-19T19:26:59,Deposit,
1683,525,6,186.75,USD,2025-11-21T22:31:29,Interest credit,
1684,336,6,4628.41,USD,2024-01-12T11:50:57,Interest credit,
1685,339,6,695.57,USD,2025-11-14T06:36:43,Interest credit,
1686,291,6,2083.15,USD,2024-04-16T22:39:04,Interest credit,
1687,289,5,-2285.56,USD,2024-02-06T19:53:44,Monthly fee,
1688,8,5,-604.9,USD,2025-02-01T00:37:20,Monthly fee,
1689,63,5,-1883.62,USD,2023-03-17T04:24:53,Monthly fee,
1690,416,2,-3640.11,USD,2023-11-28T23:06:03,ATM withdrawal,
1691,239,1,1824.22,USD,2023-05-24T00:32:29,Deposit,
1692,35,2,-1138.39,USD,2022-11-29T08:26:30,ATM withdrawal,
1693,492,6,3324.26,USD,2024-05-10T17:41:35,Interest credit,
1694,457,1,2127.42,USD,2023-08-25T02:03:32,Deposit,
1695,55,1,43.34,USD,2025-09-05T04:57:36,Deposit,
1696,445,6,859.67,USD,2023-08-05T16:21:22,Interest credit,
1697,119,5,-4221.75,USD,2024-07-06T01:12:16,Monthly fee,
1698,208,5,-3965.91,USD,2022-07-09T14:51:56,Monthly fee,
1699,79,1,269.0,USD,2025-08-29T20:21:52,Deposit,
1700,505,1,1676.09,USD,2024-12-29T07:41:14,Deposit,
1701,316,5,-1225.39,USD,2024-09-25T09:31:23,Monthly fee,
1702,61,6,1044.59,USD,2025-02-17T10:13:36,Interest credit,
1703,189,6,3609.52,USD,2024-02-09T18:41:43,Interest credit,
1704,239,5,-4913.35,USD,2022-06-13T02:51:23,Monthly fee,
1705,141,5,-2095.68,USD,2022-07-27T20:25:22,Monthly fee,
1706,51,6,4747.05,USD,2023-08-31T06:45:14,Interest credit,
1707,27,5,-1478.3,USD,2024-04-07T18:27:23,Monthly fee,
1708,103,5,-2558.79,USD,2024-02-28T17:11:29,Monthly fee,
1709,145,5,-2034.91,USD,2023-05-20T19:15:02,Monthly fee,
1710,64,2,-4458.54,USD,2022-11-14T08:55:49,ATM withdrawal,
1711,75,1,2373.38,USD,2022-08-31T11:22:45,Deposit,
1712,197,6,4697.14,USD,2023-05-11T03:45:30,Interest credit,
1713,298,2,-3929.0,USD,2022-08-02T10:08:06,ATM withdrawal,
1714,163,6,3730.14,USD,2023-05-02T13:00:36,Interest credit,
1715,508,1,2352.98,USD,2025-06-17T19:23:23,Deposit,
1716,103,2,-473.08,USD,2023-05-08T20:54:36,ATM withdrawal,
1717,439,6,976.49,USD,2025-05-03T09:06:09,Interest credit,
1718,231,1,3358.91,USD,2024-08-25T11:24:48,Deposit,
1719,461,5,-1566.92,USD,2024-08-11T23:31:02,Monthly fee,
1720,405,5,-4977.84,USD,2022-10-07T11:26:13,Monthly fee,
1721,521,5,-344.28,USD,2022-02-28T06:07:09,Monthly fee,
1722,66,1,1503.04,USD,2022-09-29T23:12:34,Deposit,
1723,81,5,-1660.7,USD,2023-07-19T01:15:08,Monthly fee,
1724,489,5,-517.7,USD,2023-06-06T13:16:11,Monthly fee,
1725,159,5,-1852.11,USD,2022-10-13T04:31:04,Monthly fee,
1726,188,1,2354.19,USD,2023-07-17T02:42:06,Deposit,
1727,301,6,822.21,USD,2025-10-03T22:31:32,Interest credit,
1728,194,2,-3189.71,USD,2023-08-09T10:12:33,ATM withdrawal,
1729,119,2,-3821.3,USD,2022-09-13T20:27:27,ATM withdrawal,
1730,59,5,-3483.77,USD,2025-11-10T00:47:37,Monthly fee,
1731,231,6,2712.3,USD,2024-07-08T01:04:30,Interest credit,
1732,149,1,4754.62,USD,2025-11-22T02:34:55,Deposit,
1733,271,6,4814.27,USD,2023-08-03T08:50:02,Interest credit,
1734,64,1,1592.1,USD,2025-11-08T07:41:05,Deposit,
1735,166,2,-820.97,USD,2024-05-04T09:37:11,ATM withdrawal,
1736,227,2,-2214.07,USD,2023-09-01T20:19:49,ATM withdrawal,
1737,368,1,4396.28,USD,2023-03-31T16:36:57,Deposit,
1738,214,5,-2409.26,USD,2025-08-31T08:39:37,Monthly fee,
1739,329,2,-3551.95,USD,2023-01-20T04:54:20,ATM withdrawal,
1740,205,6,2379.43,USD,2023-08-30T05:10:40,Interest credit,
1741,422,6,320.32,USD,2023-08-13T17:16:15,Interest credit,
1742,353,1,1436.92,USD,2023-08-10T23:43:25,Deposit,
1743,138,6,204.63,USD,2023-12-04T07:32:23,Interest credit,
1744,364,5,-2709.58,USD,2023-11-24T18:37:06,Monthly fee,
1745,543,1,1102.56,USD,2023-07-03T15:29:43,Deposit,
1746,259,5,-3726.05,USD,2025-03-28T11:50:55,Monthly fee,
1747,343,2,-3522.67,USD,2022-08-03T03:48:55,ATM withdrawal,
1748,72,2,-4383.47,USD,2024-12-27T06:09:47,ATM withdrawal,
1749,84,2,-527.93,USD,2024-05-24T03:57:58,ATM withdrawal,
1750,464,6,701.27,USD,2022-07-07T18:29:13,Interest credit,
1751,103,1,744.28,USD,2025-07-30T21:38:33,Deposit,
1752,255,2,-4918.25,USD,2022-10-21T13:20:59,ATM withdrawal,
1753,145,1,13.51,USD,2022-04-24T14:18:51,Deposit,
1754,491,1,4499.06,USD,2023-12-31T08:33:18,Deposit,
1755,38,5,-3917.55,USD,2025-02-12T01:03:34,Monthly fee,
1756,390,6,2055.84,USD,2024-11-29T20:04:20,Interest credit,
1757,214,2,-4758.44,USD,2024-02-14T04:09:56,ATM withdrawal,
1758,248,2,-4677.57,USD,2023-03-08T12:17:49,ATM withdrawal,
1759,440,5,-1341.2,USD,2025-10-24T09:27:59,Monthly fee,
1760,369,2,-80.5,USD,2023-09-08T16:35:33,ATM withdrawal,
1761,371,1,2340.27,USD,2023-03-11T04:23:29,Deposit,
1762,90,6,927.73,USD,2025-08-10T19:43:03,Interest credit,
1763,493,6,832.33,USD,2025-05-26T04:23:11,Interest credit,
1764,216,2,-203.76,USD,2025-06-09T20:25:26,ATM withdrawal,
1765,150,6,4921.22,USD,2022-10-01T10:50:02,Interest credit,
1766,499,1,351.46,USD,2022-03-18T00:54:35,Deposit,
1767,292,1,2380.56,USD,2024-11-28T16:10:08,Deposit,
1768,150,6,639.47,USD,2023-10-02T16:20:37,Interest credit,
1769,230,1,2477.28,USD,2023-11-16T16:30:32,Deposit,
1770,496,2,-1369.19,USD,2023-12-21T07:34:25,ATM withdrawal,
1771,491,6,2198.87,USD,2022-01-25T21:12:55,Interest credit,
1772,493,2,-2214.11,USD,2024-04-09T15:52:09,ATM withdrawal,
1773,41,2,-2046.73,USD,2022-09-08T22:36:59,ATM withdrawal,
1774,257,6,3708.09,USD,2022-03-09T02:11:12,Interest credit,
1775,345,6,2633.83,USD,2022-12-24T06:40:39,Interest credit,
1776,279,6,4676.58,USD,2025-01-15T07:19:03,Interest credit,
1777,446,2,-1883.38,USD,2025-07-02T11:43:14,ATM withdrawal,
1778,406,5,-1548.14,USD,2023-07-10T17:54:30,Monthly fee,
1779,502,6,4662.5,USD,2023-08-24T10:36:46,Interest credit,
1780,283,1,2508.69,USD,2023-04-11T12:32:48,Deposit,
1781,6,1,2932.73,USD,2023-01-31T05:01:28,Deposit,
1782,400,5,-1465.43,USD,2024-12-14T02:30:53,Monthly fee,
1783,364,5,-4803.34,USD,2023-11-19T22:14:38,Monthly fee,
1784,68,2,-3821.62,USD,2023-12-21T10:08:58,ATM withdrawal,
1785,329,1,4505.81,USD,2023-01-30T01:34:36,Deposit,
1786,478,2,-4838.22,USD,2024-09-01T13:03:42,ATM withdrawal,
1787,179,6,4815.59,USD,2024-08-28T01:12:55,Interest credit,
1788,256,2,-4417.35,USD,2022-08-21T20:21:55,ATM withdrawal,
1789,513,2,-3148.81,USD,2023-03-03T01:12:45,ATM withdrawal,
1790,129,5,-2626.23,USD,2024-05-28T14:17:14,Monthly fee,
1791,394,1,1463.47,USD,2025-11-03T19:33:33,Deposit,
1792,241,2,-1963.9,USD,2025-01-28T21:41:07,ATM withdrawal,
1793,450,5,-37.05,USD,2022-03-23T22:37:18,Monthly fee,
1794,476,1,2674.26,USD,2024-11-12T16:00:43,Deposit,
1795,400,5,-364.6,USD,2023-04-22T02:37:07,Monthly fee,
1796,283,2,-2826.83,USD,2024-07-06T06:49:00,ATM withdrawal,
1797,458,5,-1958.32,USD,2025-01-27T23:24:47,Monthly fee,
1798,210,6,1485.95,USD,2022-06-06T01:57:47,Interest credit,
1799,467,1,863.11,USD,2024-07-24T19:16:39,Deposit,
1800,126,6,2125.67,USD,2023-10-18T16:57:39,Interest credit,
1801,522,2,-1104.98,USD,2025-05-12T02:26:45,ATM withdrawal,
1802,149,6,176.72,USD,2025-07-03T03:18:41,Interest credit,
1803,122,5,-2083.66,USD,2022-09-19T07:15:57,Monthly fee,
1804,212,2,-553.81,USD,2024-10-18T05:37:03,ATM withdrawal,
1805,36,2,-2264.21,USD,2025-10-24T09:41:31,ATM withdrawal,
1806,61,5,-599.92,USD,2025-06-06T11:05:12,Monthly fee,
1807,54,6,1490.97,USD,2024-01-22T04:38:02,Interest credit,
1808,9,2,-1756.79,USD,2022-12-13T20:01:23,ATM withdrawal,
1809,490,1,4268.24,USD,2023-02-07T18:43:08,Deposit,
1810,159,6,1214.39,USD,2022-01-05T06:03:31,Interest credit,
1811,517,2,-3134.64,USD,2022-05-16T20:26:50,ATM withdrawal,
1812,267,2,-3638.31,USD,2023-07-19T23:25:06,ATM withdrawal,
1813,151,5,-3232.79,USD,2024-09-27T19:56:34,Monthly fee,
1814,126,2,-948.14,USD,2022-08-29T21:26:01,ATM withdrawal,
1815,204,1,2699.05,USD,2025-06-07T19:11:43,Deposit,
1816,381,6,1206.56,USD,2025-10-16T02:05:18,Interest credit,
1817,23,2,-3635.91,USD,2023-12-18T06:03:32,ATM withdrawal,
1818,16,5,-281.26,USD,2024-07-29T13:04:29,Monthly fee,
1819,501,1,847.78,USD,2025-11-16T16:37:15,Deposit,
1820,252,2,-1099.86,USD,2024-02-04T08:08:42,ATM withdrawal,
1821,150,2,-3348.2,USD,2022-06-24T23:30:43,ATM withdrawal,
1822,512,1,4629.2,USD,2022-12-30T03:46:17,Deposit,
1823,164,6,2078.69,USD,2025-08-27T13:21:28,Interest credit,
1824,23,6,2123.48,USD,2022-05-19T22:16:56,Interest credit,
1825,124,6,1096.79,USD,2023-10-04T01:43:08,Interest credit,
1826,66,5,-940.35,USD,2022-02-16T12:41:07,Monthly fee,
1827,125,5,-4378.55,USD,2022-04-06T23:24:18,Monthly fee,
1828,330,5,-4750.19,USD,2023-01-17T00:01:43,Monthly fee,
1829,261,1,3463.98,USD,2023-07-08T08:22:07,Deposit,
1830,385,1,4936.29,USD,2023-09-22T13:21:15,Deposit,
1831,476,1,3124.93,USD,2023-03-23T23:32:42,Deposit,
1832,483,2,-4020.75,USD,2023-01-10T20:14:10,ATM withdrawal,
1833,250,6,4874.07,USD,2024-06-19T00:38:35,Interest credit,
1834,380,2,-4335.5,USD,2022-10-28T11:44:49,ATM withdrawal,
1835,68,6,304.75,USD,2023-01-29T22:20:32,Interest credit,
1836,547,1,3393.36,USD,2022-09-05T11:23:58,Deposit,
1837,359,2,-1324.15,USD,2025-03-26T19:15:55,ATM withdrawal,
1838,2,6,620.44,USD,2022-01-27T03:25:05,Interest credit,
1839,536,1,1547.03,USD,2022-05-21T03:44:11,Deposit,
1840,68,2,-1928.14,USD,2022-04-13T18:42:44,ATM withdrawal,
1841,5,6,3450.47,USD,2022-04-10T22:50:08,Interest credit,
1842,400,6,1341.03,USD,2024-05-06T22:38:30,Interest credit,
1843,450,1,972.82,USD,2025-03-16T06:06:27,Deposit,
1844,239,2,-3479.02,USD,2023-09-15T17:15:23,ATM withdrawal,
1845,372,6,1563.42,USD,2022-03-02T17:21:28,Interest credit,
1846,307,6,421.47,USD,2024-06-25T03:20:21,Interest credit,
1847,420,5,-2610.72,USD,2025-11-15T12:16:15,Monthly fee,
1848,157,2,-3568.11,USD,2024-03-14T18:24:14,ATM withdrawal,
1849,110,1,1629.82,USD,2024-12-27T19:39:26,Deposit,
1850,2,2,-3518.1,USD,2025-08-14T20:10:24,ATM withdrawal,
1851,208,5,-985.45,USD,2025-05-11T04:27:10,Monthly fee,
1852,20,5,-2564.47,USD,2023-05-31T00:07:51,Monthly fee,
1853,356,2,-356.06,USD,2023-03-01T17:07:03,ATM withdrawal,
1854,70,6,1195.98,USD,2023-02-26T22:40:11,Interest credit,
1855,292,6,497.02,USD,2025-09-13T05:21:35,Interest credit,
1856,409,6,4399.09,USD,2023-04-25T19:03:12,Interest credit,
1857,106,6,2846.97,USD,2022-12-28T16:06:34,Interest credit,
1858,523,5,-3223.7,USD,2024-12-29T08:02:29,Monthly fee,
1859,248,5,-1148.19,USD,2025-03-16T00:58:59,Monthly fee,
1860,364,6,3503.6,USD,2023-07-20T12:39:48,Interest credit,
1861,529,6,3539.06,USD,2023-11-27T21:35:52,Interest credit,
1862,486,1,469.96,USD,2023-11-07T22:44:46,Deposit,
1863,294,2,-4447.97,USD,2022-09-30T21:40:31,ATM withdrawal,
1864,41,5,-1874.46,USD,2024-07-21T20:51:51,Monthly fee,
1865,161,1,4433.82,USD,2022-04-07T23:20:44,Deposit,
1866,240,6,3891.63,USD,2024-12-10T23:49:38,Interest credit,
1867,54,6,1370.61,USD,2023-10-04T22:48:15,Interest credit,
1868,181,1,516.18,USD,2024-08-18T15:26:28,Deposit,
1869,82,2,-4374.11,USD,2025-03-16T08:59:41,ATM withdrawal,
1870,259,1,4457.78,USD,2024-01-29T07:40:00,Deposit,
1871,111,2,-3514.38,USD,2022-04-26T14:12:57,ATM withdrawal,
1872,395,6,897.22,USD,2024-04-18T20:51:49,Interest credit,
1873,155,6,629.39,USD,2023-07-25T14:59:00,Interest credit,
1874,440,6,1303.56,USD,2022-01-28T14:04:27,Interest credit,
1875,149,2,-2956.29,USD,2024-01-01T04:27:43,ATM withdrawal,
1876,356,5,-1665.96,USD,2025-07-19T14:21:59,Monthly fee,
1877,455,6,4452.25,USD,2024-11-18T03:07:10,Interest credit,
1878,8,1,4351.3,USD,2024-05-08T10:43:20,Deposit,
1879,355,2,-247.95,USD,2025-09-22T08:01:30,ATM withdrawal,
1880,285,2,-3137.62,USD,2025-05-04T06:33:29,ATM withdrawal,
1881,162,6,4290.6,USD,2024-08-31T20:57:23,Interest credit,
1882,220,2,-1763.17,USD,2025-08-31T05:18:10,ATM withdrawal,
1883,200,5,-1256.95,USD,2022-09-23T07:44:09,Monthly fee,
1884,13,1,3720.76,USD,2022-05-09T01:25:12,Deposit,
1885,499,1,3448.19,USD,2022-09-08T17:27:33,Deposit,
1886,249,2,-2922.87,USD,2025-12-12T23:21:49,ATM withdrawal,
1887,267,2,-1388.98,USD,2023-11-14T15:44:44,ATM withdrawal,
1888,80,2,-4173.73,USD,2023-08-07T01:51:13,ATM withdrawal,
1889,520,5,-3772.18,USD,2024-01-24T17:56:33,Monthly fee,
1890,476,1,1262.05,USD,2025-06-10T23:56:05,Deposit,
1891,204,1,2737.25,USD,2024-08-02T07:08:14,Deposit,
1892,197,5,-513.81,USD,2023-11-05T01:39:26,Monthly fee,
1893,144,2,-4207.26,USD,2023-09-17T08:01:43,ATM withdrawal,
1894,373,2,-4719.39,USD,2025-02-06T23:39:34,ATM withdrawal,
1895,241,2,-4834.69,USD,2023-03-07T14:43:33,ATM withdrawal,
1896,499,2,-3344.45,USD,2023-04-16T10:47:33,ATM withdrawal,
1897,61,5,-4164.09,USD,2025-01-30T05:39:40,Monthly fee,
1898,544,5,-2844.6,USD,2024-10-28T02:18:33,Monthly fee,
1899,550,1,1620.72,USD,2025-06-13T10:04:22,Deposit,
1900,351,6,2443.32,USD,2024-04-06T09:08:54,Interest credit,
1901,188,6,998.55,USD,2022-03-18T13:15:25,Interest credit,
1902,301,6,195.59,USD,2024-12-09T15:03:18,Interest credit,
1903,144,1,4842.75,USD,2025-09-30T17:57:39,Deposit,
1904,112,2,-3104.57,USD,2025-07-13T08:28:27,ATM withdrawal,
1905,220,2,-3179.63,USD,2024-07-21T15:49:38,ATM withdrawal,
1906,246,1,4649.28,USD,2024-07-07T01:07:15,Deposit,
1907,10,2,-4950.69,USD,2024-05-30T00:58:17,ATM withdrawal,
1908,112,1,3688.13,USD,2025-05-03T18:29:01,Deposit,
1909,340,6,2899.95,USD,2025-10-13T14:13:06,Interest credit,
1910,21,1,3659.78,USD,2024-09-26T23:04:14,Deposit,
1911,433,2,-4103.33,USD,2023-01-08T10:23:31,ATM withdrawal,
1912,533,5,-363.84,USD,2025-02-28T00:15:09,Monthly fee,
1913,132,2,-375.27,USD,2023-03-28T22:32:32,ATM withdrawal,
1914,437,1,2776.64,USD,2024-06-06T00:56:30,Deposit,
1915,15,5,-403.66,USD,2025-04-06T10:31:10,Monthly fee,
1916,259,1,4620.46,USD,2025-02-15T10:47:32,Deposit,
1917,263,5,-3490.3,USD,2023-03-04T23:24:36,Monthly fee,
1918,521,1,3131.31,USD,2023-12-17T06:46:55,Deposit,
1919,317,1,1821.47,USD,2023-08-25T15:53:18,Deposit,
1920,188,2,-212.79,USD,2025-01-10T02:49:03,ATM withdrawal,
1921,483,2,-1355.07,USD,2024-04-11T11:04:55,ATM withdrawal,
1922,230,1,4190.46,USD,2025-09-28T05:24:29,Deposit,
1923,308,5,-4228.72,USD,2023-04-07T19:24:08,Monthly fee,
1924,325,1,2206.39,USD,2025-01-31T00:41:45,Deposit,
1925,187,6,496.64,USD,2023-01-16T04:28:15,Interest credit,
1926,494,2,-3653.81,USD,2024-04-27T06:57:48,ATM withdrawal,
1927,541,6,562.68,USD,2024-08-16T03:24:35,Interest credit,
1928,65,2,-3785.02,USD,2025-01-28T06:21:33,ATM withdrawal,
1929,107,6,2536.97,USD,2022-03-01T11:09:19,Interest credit,
1930,329,1,944.0,USD,2024-07-18T20:34:13,Deposit,
1931,376,5,-893.83,USD,2022-08-27T22:55:12,Monthly fee,
1932,347,6,3093.36,USD,2024-03-19T02:19:16,Interest credit,
1933,304,1,307.02,USD,2024-07-26T18:36:31,Deposit,
1934,311,2,-418.52,USD,2023-11-30T05:10:31,ATM withdrawal,
1935,87,1,69.89,USD,2024-08-12T09:27:22,Deposit,
1936,350,1,2032.18,USD,2023-04-30T00:11:41,Deposit,
1937,7,1,2120.55,USD,2024-04-09T11:41:10,Deposit,
1938,194,2,-257.0,USD,2022-10-06T00:41:18,ATM withdrawal,
1939,164,2,-4428.81,USD,2024-08-10T00:16:10,ATM withdrawal,
1940,535,5,-2507.85,USD,2023-10-10T01:04:12,Monthly fee,
1941,414,6,693.33,USD,2023-11-20T00:35:39,Interest credit,
1942,243,2,-3612.44,USD,2022-02-15T16:20:57,ATM withdrawal,
1943,454,5,-728.4,USD,2025-03-12T07:10:24,Monthly fee,
1944,305,5,-3308.34,USD,2023-09-20T07:06:01,Monthly fee,
1945,129,1,3695.05,USD,2022-10-03T00:36:31,Deposit,
1946,447,5,-4592.73,USD,2023-03-15T20:22:31,Monthly fee,
1947,117,6,4449.68,USD,2024-05-17T04:00:33,Interest credit,
1948,177,6,2896.17,USD,2024-10-10T19:12:16,Interest credit,
1949,219,2,-2853.54,USD,2024-11-30T00:31:16,ATM withdrawal,
1950,145,6,2516.44,USD,2022-01-19T03:28:22,Interest credit,
1951,63,1,2333.13,USD,2023-12-15T08:28:54,Deposit,
1952,357,1,1106.06,USD,2022-06-05T13:56:40,Deposit,
1953,528,1,1791.62,USD,2023-01-27T13:27:19,Deposit,
1954,15,6,2802.65,USD,2022-08-26T05:01:01,Interest credit,
1955,216,1,4808.86,USD,2024-12-21T20:07:44,Deposit,
1956,472,1,3356.64,USD,2024-06-26T12:21:39,Deposit,
1957,341,5,-4371.06,USD,2023-08-15T01:35:34,Monthly fee,
1958,513,5,-4419.33,USD,2023-02-08T15:10:04,Monthly fee,
1959,210,1,1538.7,USD,2022-07-08T17:50:01,Deposit,
1960,533,5,-2789.87,USD,2025-04-15T13:01:45,Monthly fee,
1961,292,6,788.04,USD,2025-02-01T15:14:54,Interest credit,
1962,313,2,-698.47,USD,2022-07-24T11:48:25,ATM withdrawal,
1963,237,5,-4468.74,USD,2025-05-23T22:31:26,Monthly fee,
1964,516,2,-3143.99,USD,2022-09-20T07:32:06,ATM withdrawal,
1965,352,5,-2369.08,USD,2023-03-06T22:10:50,Monthly fee,
1966,365,5,-4038.91,USD,2023-12-26T10:15:50,Monthly fee,
1967,542,2,-1814.83,USD,2024-06-11T11:44:59,ATM withdrawal,
1968,259,1,948.23,USD,2025-03-23T00:57:30,Deposit,
1969,281,5,-1245.57,USD,2025-03-15T15:36:08,Monthly fee,
1970,3,2,-4469.88,USD,2022-10-08T05:07:49,ATM withdrawal,
1971,148,2,-3392.95,USD,2024-07-16T21:00:42,ATM withdrawal,
1972,236,2,-3175.13,USD,2025-08-25T22:08:33,ATM withdrawal,
1973,514,6,3978.09,USD,2025-10-20T05:43:47,Interest credit,
1974,445,1,294.17,USD,2023-12-23T04:03:27,Deposit,
1975,118,1,3774.97,USD,2024-12-09T09:06:56,Deposit,
1976,25,6,3806.33,USD,2025-09-10T22:31:30,Interest credit,
1977,474,5,-944.7,USD,2022-10-13T07:35:25,Monthly fee,
1978,197,6,2355.3,USD,2024-04-05T23:18:09,Interest credit,
1979,120,6,2734.38,USD,2025-12-30T21:30:10,Interest credit,
1980,174,1,4067.87,USD,2023-07-01T22:44:14,Deposit,
1981,406,1,2197.83,USD,2023-08-27T05:47:13,Deposit,
1982,55,6,3015.15,USD,2022-07-01T18:05:33,Interest credit,
1983,55,1,4547.39,USD,2023-09-06T10:21:44,Deposit,
1984,135,6,3861.61,USD,2025-07-30T06:31:55,Interest credit,
1985,10,1,1260.54,USD,2022-08-16T01:11:47,Deposit,
1986,206,2,-4231.55,USD,2022-11-24T17:24:18,ATM withdrawal,
1987,81,1,1963.6,USD,2025-05-21T04:31:30,Deposit,
1988,51,2,-4730.31,USD,2025-05-02T07:43:46,ATM withdrawal,
1989,73,2,-4755.86,USD,2025-09-14T13:41:16,ATM withdrawal,
1990,22,2,-2161.95,USD,2023-11-02T14:04:27,ATM withdrawal,
1991,541,6,742.75,USD,2025-08-25T07:04:38,Interest credit,
1992,31,1,199.77,USD,2022-06-20T17:22:22,Deposit,
1993,279,1,1877.5,USD,2024-09-20T08:18:33,Deposit,
1994,498,1,4404.59,USD,2025-02-11T02:44:57,Deposit,
1995,509,1,2420.9,USD,2023-07-03T15:18:38,Deposit,
1996,23,6,3064.39,USD,2023-05-15T04:33:23,Interest credit,
1997,208,2,-4452.81,USD,2023-05-24T12:09:12,ATM withdrawal,
1998,26,5,-3799.55,USD,2024-04-01T04:59:59,Monthly fee,
1999,52,6,837.2,USD,2024-04-12T19:15:07,Interest credit,
2000,546,5,-3999.05,USD,2023-11-27T05:45:41,Monthly fee,
2001,104,6,714.41,USD,2023-03-31T19:22:59,Interest credit,
2002,400,2,-2907.05,USD,2025-10-23T17:31:18,ATM withdrawal,
2003,191,2,-1275.21,USD,2023-08-22T18:03:37,ATM withdrawal,
2004,206,5,-717.04,USD,2025-04-12T05:26:14,Monthly fee,
2005,315,5,-1501.06,USD,2023-03-07T00:16:07,Monthly fee,
2006,19,5,-4981.25,USD,2023-11-22T20:55:58,Monthly fee,
2007,543,6,59.34,USD,2025-05-04T07:40:29,Interest credit,
2008,503,2,-2758.54,USD,2024-10-19T10:41:48,ATM withdrawal,
2009,445,6,3698.91,USD,2022-02-18T15:12:19,Interest credit,
2010,347,6,4160.66,USD,2022-02-17T14:06:29,Interest credit,
2011,526,1,2044.22,USD,2023-12-22T10:54:02,Deposit,
2012,177,6,1520.26,USD,2022-10-02T04:12:04,Interest credit,
2013,268,6,3406.05,USD,2022-11-12T01:09:00,Interest credit,
2014,457,6,1794.8,USD,2024-09-25T18:27:25,Interest credit,
2015,467,5,-2613.37,USD,2025-11-15T06:19:14,Monthly fee,
2016,304,5,-2320.4,USD,2024-06-23T23:24:47,Monthly fee,
2017,173,2,-1986.69,USD,2025-11-30T18:24:26,ATM withdrawal,
2018,254,6,2750.3,USD,2024-05-25T03:11:00,Interest credit,
2019,268,5,-4924.46,USD,2024-10-07T15:49:26,Monthly fee,
2020,494,5,-289.82,USD,2025-06-22T11:58:51,Monthly fee,
2021,32,6,3942.98,USD,2025-08-09T19:10:22,Interest credit,
2022,88,1,438.82,USD,2025-09-14T11:27:21,Deposit,
2023,182,2,-2278.38,USD,2025-02-10T03:40:12,ATM withdrawal,
2024,415,2,-1295.73,USD,2025-01-29T00:49:45,ATM withdrawal,
2025,273,6,2409.21,USD,2025-05-31T07:57:12,Interest credit,
2026,243,5,-3939.26,USD,2022-04-21T04:40:29,Monthly fee,
2027,396,2,-3378.51,USD,2024-02-29T06:54:43,ATM withdrawal,
2028,111,5,-4569.32,USD,2023-04-13T10:47:02,Monthly fee,
2029,198,6,2621.81,USD,2023-10-04T02:19:52,Interest credit,
2030,73,2,-83.94,USD,2022-05-17T02:49:37,ATM withdrawal,
2031,25,6,2470.95,USD,2024-09-23T07:55:26,Interest credit,
2032,327,2,-3385.39,USD,2024-07-20T20:19:59,ATM withdrawal,
2033,476,6,614.55,USD,2023-11-16T10:34:46,Interest credit,
2034,290,6,3842.33,USD,2024-11-04T09:00:00,Interest credit,
2035,532,1,379.5,USD,2022-05-08T11:54:09,Deposit,
2036,94,2,-1326.29,USD,2025-09-27T15:27:46,ATM withdrawal,
2037,423,6,2616.62,USD,2025-12-07T03:39:34,Interest credit,
2038,399,6,1451.78,USD,2023-02-17T07:33:12,Interest credit,
2039,467,2,-1024.31,USD,2022-04-04T14:52:40,ATM withdrawal,
2040,309,6,2002.58,USD,2023-01-31T02:02:30,Interest credit,
2041,455,6,957.18,USD,2024-01-23T07:15:36,Interest credit,
2042,420,5,-400.5,USD,2023-09-25T02:10:30,Monthly fee,
2043,379,6,4082.32,USD,2025-03-10T17:35:00,Interest credit,
2044,180,6,3769.23,USD,2022-04-27T19:38:54,Interest credit,
2045,202,5,-823.9,USD,2024-01-17T02:09:00,Monthly fee,
2046,544,6,4935.62,USD,2024-01-04T10:19:59,Interest credit,
2047,410,6,4351.53,USD,2022-04-26T00:18:30,Interest credit,
2048,363,6,221.43,USD,2022-07-23T04:50:47,Interest credit,
2049,532,1,4921.46,USD,2024-07-28T01:12:17,Deposit,
2050,103,1,1962.48,USD,2025-01-08T13:04:02,Deposit,
2051,94,1,2651.84,USD,2022-04-20T03:23:12,Deposit,
2052,352,2,-4325.67,USD,2024-07-08T17:01:02,ATM withdrawal,
2053,335,6,4466.04,USD,2024-11-08T17:26:12,Interest credit,
2054,296,1,3007.63,USD,2024-02-27T04:55:34,Deposit,
2055,320,1,4050.92,USD,2023-06-20T08:28:18,Deposit,
2056,399,1,3614.83,USD,2024-10-11T18:10:15,Deposit,
2057,173,1,3854.82,USD,2023-02-10T18:20:30,Deposit,
2058,426,5,-986.01,USD,2025-05-26T07:12:20,Monthly fee,
2059,385,2,-3497.88,USD,2022-08-19T19:22:05,ATM withdrawal,
2060,478,6,1177.57,USD,2025-01-18T20:37:59,Interest credit,
2061,184,6,2594.08,USD,2025-06-21T17:41:23,Interest credit,
2062,423,6,3614.57,USD,2025-03-10T12:56:44,Interest credit,
2063,466,2,-2328.46,USD,2025-05-06T23:53:39,ATM withdrawal,
2064,372,6,2674.53,USD,2022-03-08T23:33:20,Interest credit,
2065,418,6,1747.62,USD,2022-08-31T12:54:57,Interest credit,
2066,224,5,-2630.9,USD,2025-02-05T12:47:17,Monthly fee,
2067,534,1,629.24,USD,2023-11-07T03:41:05,Deposit,
2068,518,5,-4001.47,USD,2022-10-12T21:47:51,Monthly fee,
2069,385,5,-622.72,USD,2022-01-10T05:09:51,Monthly fee,
2070,52,5,-2674.7,USD,2023-10-22T18:53:20,Monthly fee,
2071,488,1,3479.84,USD,2023-04-03T11:08:24,Deposit,
2072,178,6,1225.28,USD,2025-09-22T17:11:28,Interest credit,
2073,406,1,2184.41,USD,2025-11-23T14:02:25,Deposit,
2074,149,5,-4989.5,USD,2025-06-21T02:55:42,Monthly fee,
2075,483,2,-4358.49,USD,2022-07-21T03:39:45,ATM withdrawal,
2076,63,5,-4558.15,USD,2025-12-10T01:50:24,Monthly fee,
2077,244,2,-1229.22,USD,2023-02-02T13:31:44,ATM withdrawal,
2078,246,6,3481.63,USD,2025-11-07T08:46:03,Interest credit,
2079,84,6,1074.08,USD,2022-05-23T02:49:10,Interest credit,
2080,24,2,-4357.07,USD,2022-12-13T05:07:25,ATM withdrawal,
2081,248,1,2445.11,USD,2025-10-01T21:40:06,Deposit,
2082,229,2,-3302.79,USD,2023-05-12T07:17:58,ATM withdrawal,
2083,17,5,-2697.53,USD,2023-05-16T10:18:27,Monthly fee,
2084,190,2,-3911.33,USD,2024-02-25T13:08:16,ATM withdrawal,
2085,156,6,4888.92,USD,2024-02-10T07:37:01,Interest credit,
2086,460,5,-662.32,USD,2024-02-28T13:13:13,Monthly fee,
2087,514,1,876.11,USD,2024-12-16T00:00:11,Deposit,
2088,228,6,280.36,USD,2025-10-21T23:55:26,Interest credit,
2089,22,2,-361.27,USD,2022-05-16T14:42:15,ATM withdrawal,
2090,255,6,567.2,USD,2023-04-25T18:13:12,Interest credit,
2091,94,5,-1719.82,USD,2025-07-17T08:42:41,Monthly fee,
2092,453,5,-4100.18,USD,2025-11-10T21:56:21,Monthly fee,
2093,162,2,-3865.43,USD,2025-10-27T10:35:36,ATM withdrawal,
2094,450,2,-1743.56,USD,2024-02-23T14:45:04,ATM withdrawal,
2095,231,2,-669.3,USD,2025-10-28T07:28:52,ATM withdrawal,
2096,17,1,4420.17,USD,2022-08-03T07:19:59,Deposit,
2097,401,5,-1461.55,USD,2023-04-11T19:00:44,Monthly fee,
2098,86,5,-3381.35,USD,2023-04-10T07:36:57,Monthly fee,
2099,344,2,-4197.47,USD,2023-01-23T22:08:52,ATM withdrawal,
2100,434,5,-200.49,USD,2025-06-10T00:07:11,Monthly fee,
2101,541,1,2528.94,USD,2025-08-28T17:39:14,Deposit,
2102,397,5,-1670.86,USD,2022-05-08T07:55:54,Monthly fee,
2103,54,1,1940.32,USD,2025-03-24T18:04:41,Deposit,
2104,208,5,-2044.7,USD,2022-03-22T12:40:51,Monthly fee,
2105,29,6,1737.18,USD,2022-05-13T04:07:43,Interest credit,
2106,505,5,-2362.35,USD,2024-04-25T15:11:13,Monthly fee,
2107,312,1,4907.66,USD,2025-01-09T17:58:45,Deposit,
2108,451,6,749.93,USD,2023-11-25T20:12:35,Interest credit,
2109,428,6,2749.2,USD,2025-11-13T15:45:03,Interest credit,
2110,456,2,-4126.72,USD,2023-09-06T20:08:06,ATM withdrawal,
2111,17,2,-547.73,USD,2025-05-24T16:08:56,ATM withdrawal,
2112,205,6,2884.49,USD,2025-04-28T23:23:15,Interest credit,
2113,309,2,-3400.97,USD,2022-03-01T10:26:25,ATM withdrawal,
2114,515,1,4811.54,USD,2023-04-05T11:51:52,Deposit,
2115,176,6,2255.02,USD,2024-03-06T11:56:11,Interest credit,
2116,8,5,-1218.0,USD,2022-03-20T06:25:07,Monthly fee,
2117,10,1,4461.79,USD,2025-07-07T13:40:59,Deposit,
2118,21,5,-549.5,USD,2022-02-17T03:57:36,Monthly fee,
2119,350,1,237.16,USD,2025-02-16T23:30:10,Deposit,
2120,405,5,-4360.37,USD,2022-10-21T14:06:26,Monthly fee,
2121,467,5,-4002.68,USD,2022-01-20T11:36:15,Monthly fee,
2122,342,5,-396.13,USD,2024-10-15T23:10:15,Monthly fee,
2123,508,5,-929.38,USD,2024-08-06T09:09:41,Monthly fee,
2124,334,1,3123.35,USD,2025-04-05T22:20:39,Deposit,
2125,504,5,-2145.79,USD,2023-10-30T02:36:34,Monthly fee,
2126,304,6,3407.94,USD,2024-02-06T12:13:58,Interest credit,
2127,113,6,152.8,USD,2023-02-22T05:41:35,Interest credit,
2128,524,5,-3356.75,USD,2025-03-18T15:35:53,Monthly fee,
2129,311,1,3471.42,USD,2024-10-08T04:27:48,Deposit,
2130,232,5,-672.14,USD,2025-02-02T04:56:58,Monthly fee,
2131,515,1,3396.8,USD,2024-12-20T05:55:13,Deposit,
2132,100,5,-966.95,USD,2025-09-18T22:02:42,Monthly fee,
2133,156,5,-749.29,USD,2022-01-24T20:08:49,Monthly fee,
2134,530,1,1452.96,USD,2025-10-04T13:36:44,Deposit,
2135,47,6,2719.08,USD,2023-10-10T07:16:24,Interest credit,
2136,508,1,2934.81,USD,2024-06-27T21:32:47,Deposit,
2137,338,1,3772.91,USD,2022-05-25T12:04:15,Deposit,
2138,121,2,-4697.79,USD,2024-07-29T16:34:42,ATM withdrawal,
2139,548,1,2175.55,USD,2023-01-12T12:27:59,Deposit,
2140,413,6,1346.35,USD,2022-10-14T05:56:15,Interest credit,
2141,234,5,-1526.12,USD,2023-10-01T12:04:05,Monthly fee,
2142,472,5,-1512.94,USD,2024-01-24T23:29:52,Monthly fee,
2143,69,1,2208.25,USD,2022-01-22T09:39:16,Deposit,
2144,317,1,1820.2,USD,2023-01-30T12:07:16,Deposit,
2145,343,1,3438.54,USD,2025-08-07T17:56:48,Deposit,
2146,224,1,4572.63,USD,2023-04-15T04:06:53,Deposit,
2147,540,1,3499.96,USD,2024-08-27T01:19:52,Deposit,
2148,107,5,-1968.91,USD,2022-08-11T00:03:59,Monthly fee,
2149,499,2,-2162.04,USD,2024-08-13T12:32:43,ATM withdrawal,
2150,361,1,2107.52,USD,2023-08-20T23:56:58,Deposit,
2151,59,6,1443.27,USD,2022-04-16T10:35:48,Interest credit,
2152,295,5,-1738.55,USD,2022-10-03T16:56:10,Monthly fee,
2153,494,2,-3112.2,USD,2022-11-24T17:39:34,ATM withdrawal,
2154,78,1,4224.11,USD,2024-06-04T09:51:55,Deposit,
2155,488,2,-3355.32,USD,2024-12-10T23:15:50,ATM withdrawal,
2156,159,5,-3982.51,USD,2023-10-21T15:19:44,Monthly fee,
2157,375,1,3767.27,USD,2023-03-25T06:58:31,Deposit,
2158,361,2,-1121.83,USD,2024-01-22T17:11:49,ATM withdrawal,
2159,213,1,2513.07,USD,2022-08-17T12:37:16,Deposit,
2160,393,6,3831.41,USD,2024-06-04T17:56:49,Interest credit,
2161,140,2,-1553.17,USD,2024-07-23T13:33:02,ATM withdrawal,
2162,484,2,-1652.26,USD,2025-09-18T18:28:22,ATM withdrawal,
2163,75,2,-469.4,USD,2023-07-25T13:12:27,ATM withdrawal,
2164,511,6,4776.57,USD,2022-08-01T06:43:27,Interest credit,
2165,13,6,742.0,USD,2023-08-07T22:37:17,Interest credit,
2166,273,6,3139.71,USD,2023-01-11T15:08:19,Interest credit,
2167,364,5,-3336.23,USD,2024-03-09T19:37:37,Monthly fee,
2168,548,6,1566.16,USD,2022-08-03T19:18:33,Interest credit,
2169,256,2,-3589.28,USD,2024-03-25T06:39:36,ATM withdrawal,
2170,442,1,4913.76,USD,2023-10-01T08:31:07,Deposit,
2171,374,6,2481.08,USD,2022-06-04T18:16:59,Interest credit,
2172,280,5,-3115.53,USD,2025-11-27T19:25:05,Monthly fee,
2173,270,1,4384.45,USD,2024-07-19T14:52:19,Deposit,
2174,87,5,-520.04,USD,2022-10-19T12:16:52,Monthly fee,
2175,30,5,-4248.57,USD,2023-05-21T11:08:38,Monthly fee,
2176,227,2,-678.75,USD,2024-08-05T12:37:44,ATM withdrawal,
2177,498,2,-3480.32,USD,2022-05-01T10:50:29,ATM withdrawal,
2178,185,1,2552.91,USD,2023-07-26T10:52:56,Deposit,
2179,227,2,-3288.7,USD,2022-07-08T12:39:04,ATM withdrawal,
2180,480,5,-2865.75,USD,2023-03-31T20:45:39,Monthly fee,
2181,285,5,-3214.92,USD,2022-12-07T14:45:37,Monthly fee,
2182,103,1,1774.48,USD,2023-06-25T15:03:03,Deposit,
2183,426,6,4811.03,USD,2022-01-10T20:08:51,Interest credit,
2184,428,2,-129.36,USD,2023-12-09T23:26:41,ATM withdrawal,
2185,253,2,-4599.49,USD,2023-06-15T01:49:37,ATM withdrawal,
2186,464,6,737.4,USD,2025-01-18T05:28:05,Interest credit,
2187,164,2,-4628.31,USD,2024-04-20T07:07:01,ATM withdrawal,
2188,416,6,4539.48,USD,2024-02-05T09:02:28,Interest credit,
2189,505,5,-2697.26,USD,2024-12-21T23:48:54,Monthly fee,
2190,76,6,4320.46,USD,2022-11-07T00:17:13,Interest credit,
2191,168,1,679.35,USD,2024-08-03T15:13:07,Deposit,
2192,467,6,1483.69,USD,2022-12-11T21:30:34,Interest credit,
2193,272,2,-2393.56,USD,2025-10-26T17:30:10,ATM withdrawal,
2194,277,2,-2308.86,USD,2024-10-23T02:17:01,ATM withdrawal,
2195,392,5,-4164.01,USD,2023-11-10T17:00:52,Monthly fee,
2196,379,2,-541.89,USD,2023-09-02T14:03:23,ATM withdrawal,
2197,270,6,1695.2,USD,2025-12-08T08:02:30,Interest credit,
2198,222,2,-2690.22,USD,2023-08-30T11:24:52,ATM withdrawal,
2199,524,2,-722.12,USD,2024-12-10T02:40:58,ATM withdrawal,
2200,492,1,4186.35,USD,2022-03-14T17:11:09,Deposit,
2201,123,5,-285.29,USD,2023-02-20T08:36:44,Monthly fee,
2202,492,6,1796.64,USD,2025-07-30T20:39:50,Interest credit,
2203,254,2,-1923.05,USD,2025-01-16T07:22:32,ATM withdrawal,
2204,289,5,-1373.15,USD,2022-03-08T21:34:26,Monthly fee,
2205,500,1,1051.38,USD,2025-10-15T04:48:14,Deposit,
2206,108,1,3062.5,USD,2024-10-20T22:25:42,Deposit,
2207,288,6,1580.5,USD,2024-12-03T23:54:15,Interest credit,
2208,250,5,-1892.22,USD,2023-05-20T16:33:42,Monthly fee,
2209,171,2,-908.92,USD,2022-01-19T12:59:43,ATM withdrawal,
2210,484,6,2282.92,USD,2023-04-29T01:34:52,Interest credit,
2211,320,2,-2897.24,USD,2024-11-01T10:58:03,ATM withdrawal,
2212,462,6,199.75,USD,2022-10-14T06:27:34,Interest credit,
2213,92,1,3602.05,USD,2023-06-15T13:50:14,Deposit,
2214,397,2,-711.6,USD,2022-02-09T02:56:59,ATM withdrawal,
2215,353,5,-1881.27,USD,2022-09-25T02:16:46,Monthly fee,
2216,94,2,-3201.12,USD,2025-01-03T20:40:26,ATM withdrawal,
2217,458,2,-524.0,USD,2025-04-23T08:46:07,ATM withdrawal,
2218,263,2,-3224.62,USD,2025-10-11T10:43:06,ATM withdrawal,
2219,121,5,-3499.08,USD,2024-10-29T01:53:11,Monthly fee,
2220,7,2,-3248.78,USD,2022-07-08T10:40:49,ATM withdrawal,
2221,171,1,3337.61,USD,2025-08-12T17:00:36,Deposit,
2222,421,1,784.92,USD,2025-06-06T04:03:07,Deposit,
2223,305,2,-1626.12,USD,2025-05-02T15:50:14,ATM withdrawal,
2224,13,1,2052.13,USD,2024-08-22T04:30:56,Deposit,
2225,194,1,521.51,USD,2025-11-29T10:35:19,Deposit,
2226,371,6,975.38,USD,2025-10-30T08:53:22,Interest credit,
2227,296,1,3690.69,USD,2023-04-09T13:00:25,Deposit,
2228,336,6,2535.42,USD,2023-10-20T08:40:00,Interest credit,
2229,534,5,-3423.03,USD,2022-07-17T14:45:30,Monthly fee,
2230,187,6,654.95,USD,2022-11-02T18:11:14,Interest credit,
2231,290,6,2405.81,USD,2025-01-09T09:17:26,Interest credit,
2232,77,6,952.17,USD,2024-07-15T09:15:01,Interest credit,
2233,455,6,3631.53,USD,2025-07-14T21:45:24,Interest credit,
2234,457,5,-3154.47,USD,2022-01-27T03:40:33,Monthly fee,
2235,308,6,3997.25,USD,2025-08-18T13:58:24,Interest credit,
2236,375,2,-1725.3,USD,2024-02-09T00:28:05,ATM withdrawal,
2237,150,5,-4513.92,USD,2022-04-20T17:16:42,Monthly fee,
2238,487,6,1796.54,USD,2022-11-13T00:49:43,Interest credit,
2239,356,6,874.79,USD,2025-11-06T09:48:29,Interest credit,
2240,128,1,941.58,USD,2025-07-29T16:33:52,Deposit,
2241,73,5,-3160.65,USD,2023-05-06T14:06:03,Monthly fee,
2242,294,5,-3215.96,USD,2023-01-19T12:03:37,Monthly fee,
2243,412,1,4377.05,USD,2022-02-23T23:29:20,Deposit,
2244,57,6,3460.33,USD,2025-03-29T14:21:49,Interest credit,
2245,149,2,-4066.61,USD,2024-07-22T16:00:26,ATM withdrawal,
2246,420,6,2222.23,USD,2023-09-16T16:04:32,Interest credit,
2247,205,1,3536.18,USD,2022-05-18T12:12:44,Deposit,
2248,442,5,-631.39,USD,2024-05-19T07:59:13,Monthly fee,
2249,448,1,2737.84,USD,2025-04-15T03:15:20,Deposit,
2250,349,6,1822.32,USD,2022-11-29T14:09:35,Interest credit,
2251,505,1,3287.72,USD,2024-10-29T08:43:07,Deposit,
2252,312,6,1903.3,USD,2025-10-13T07:32:02,Interest credit,
2253,162,6,4068.42,USD,2024-09-27T01:50:54,Interest credit,
2254,297,6,353.06,USD,2024-05-22T14:43:30,Interest credit,
2255,90,6,4405.7,USD,2023-07-25T02:33:07,Interest credit,
2256,270,6,264.49,USD,2025-09-17T21:36:37,Interest credit,
2257,90,2,-2932.18,USD,2023-04-01T13:57:12,ATM withdrawal,
2258,149,2,-2595.89,USD,2025-09-16T05:38:28,ATM withdrawal,
2259,523,1,3924.47,USD,2022-05-30T06:48:19,Deposit,
2260,498,2,-3738.86,USD,2022-03-28T18:27:31,ATM withdrawal,
2261,251,6,1939.7,USD,2023-12-08T02:39:27,Interest credit,
2262,384,2,-2220.85,USD,2024-03-05T14:01:15,ATM withdrawal,
2263,178,6,1511.97,USD,2025-05-04T02:19:14,Interest credit,
2264,243,6,3372.17,USD,2022-01-02T10:56:14,Interest credit,
2265,15,2,-1067.17,USD,2024-02-09T01:57:06,ATM withdrawal,
2266,301,6,4914.79,USD,2024-09-30T03:22:04,Interest credit,
2267,85,2,-4387.74,USD,2022-04-18T07:10:47,ATM withdrawal,
2268,174,5,-3611.54,USD,2025-06-07T02:15:24,Monthly fee,
2269,40,5,-4438.82,USD,2024-07-08T08:22:23,Monthly fee,
2270,460,6,2184.3,USD,2023-05-22T18:55:19,Interest credit,
2271,19,1,2857.33,USD,2022-09-24T15:21:32,Deposit,
2272,281,2,-2446.1,USD,2024-01-26T18:19:57,ATM withdrawal,
2273,463,2,-4248.66,USD,2024-08-08T21:56:51,ATM withdrawal,
2274,54,1,4822.32,USD,2022-11-05T08:41:24,Deposit,
2275,475,5,-3063.28,USD,2024-09-18T19:40:24,Monthly fee,
2276,211,2,-2375.27,USD,2025-11-12T02:38:12,ATM withdrawal,
2277,327,1,4337.04,USD,2022-03-04T17:29:58,Deposit,
2278,114,6,1569.98,USD,2024-12-17T03:29:03,Interest credit,
2279,209,6,1980.19,USD,2023-03-21T10:10:18,Interest credit,
2280,157,1,2142.91,USD,2023-07-18T10:15:51,Deposit,
2281,266,5,-1719.66,USD,2022-11-29T20:40:51,Monthly fee,
2282,476,2,-1395.23,USD,2025-08-02T14:22:48,ATM withdrawal,
2283,208,6,3151.91,USD,2025-04-08T22:47:08,Interest credit,
2284,35,1,1415.34,USD,2024-11-26T04:57:39,Deposit,
2285,172,2,-4825.23,USD,2025-06-04T05:23:43,ATM withdrawal,
2286,391,6,4856.78,USD,2023-10-21T00:24:26,Interest credit,
2287,27,1,4277.44,USD,2022-06-25T12:22:21,Deposit,
2288,539,6,1772.48,USD,2022-06-17T11:58:01,Interest credit,
2289,244,5,-1824.15,USD,2025-02-05T03:51:54,Monthly fee,
2290,58,1,2082.92,USD,2025-09-02T00:22:27,Deposit,
2291,496,6,3293.87,USD,2023-01-16T20:06:12,Interest credit,
2292,447,1,205.55,USD,2023-07-14T23:46:54,Deposit,
2293,219,1,4585.86,USD,2024-05-20T07:46:38,Deposit,
2294,240,6,2650.43,USD,2023-05-15T13:37:44,Interest credit,
2295,117,1,3018.51,USD,2025-06-24T23:57:31,Deposit,
2296,540,6,848.59,USD,2022-05-13T18:06:51,Interest credit,
2297,393,2,-3350.79,USD,2025-11-10T21:48:39,ATM withdrawal,
2298,113,6,1655.71,USD,2024-05-08T17:02:01,Interest credit,
2299,277,6,924.49,USD,2023-10-31T06:21:30,Interest credit,
2300,33,1,3066.16,USD,2023-11-08T16:28:56,Deposit,
2301,83,6,4530.92,USD,2023-01-17T00:03:42,Interest credit,
2302,360,5,-4705.53,USD,2024-01-18T00:41:56,Monthly fee,
2303,112,6,4713.84,USD,2025-03-31T00:58:03,Interest credit,
2304,333,2,-2949.07,USD,2023-06-24T04:14:08,ATM withdrawal,
2305,364,5,-3320.94,USD,2023-02-18T20:12:16,Monthly fee,
2306,176,2,-874.77,USD,2022-06-21T05:43:19,ATM withdrawal,
2307,204,1,709.55,USD,2024-11-21T21:40:58,Deposit,
2308,208,2,-3463.45,USD,2023-03-23T12:40:04,ATM withdrawal,
2309,245,2,-702.59,USD,2024-10-03T13:46:37,ATM withdrawal,
2310,16,5,-4111.89,USD,2025-10-11T22:30:41,Monthly fee,
2311,270,5,-2485.0,USD,2025-09-02T07:00:38,Monthly fee,
2312,526,1,609.46,USD,2022-03-04T23:28:58,Deposit,
2313,14,6,2098.94,USD,2024-02-19T15:33:19,Interest credit,
2314,348,2,-4935.94,USD,2023-02-10T09:40:41,ATM withdrawal,
2315,196,2,-1756.48,USD,2024-07-31T16:19:14,ATM withdrawal,
2316,467,1,3906.3,USD,2025-10-22T02:32:48,Deposit,
2317,47,2,-992.96,USD,2024-03-27T02:13:25,ATM withdrawal,
2318,218,6,3529.03,USD,2023-10-31T00:26:01,Interest credit,
2319,321,1,1107.36,USD,2024-02-06T03:57:50,Deposit,
2320,116,6,1185.38,USD,2025-09-14T15:35:48,Interest credit,
2321,295,5,-3403.78,USD,2024-07-12T20:15:26,Monthly fee,
2322,173,5,-4439.24,USD,2023-05-09T00:15:17,Monthly fee,
2323,129,6,3922.95,USD,2022-01-08T05:28:53,Interest credit,
2324,242,2,-4624.22,USD,2024-04-02T19:38:08,ATM withdrawal,
2325,462,2,-3184.94,USD,2024-08-08T00:08:11,ATM withdrawal,
2326,310,1,86.2,USD,2024-09-28T10:05:54,Deposit,
2327,72,1,3895.75,USD,2025-03-10T07:38:40,Deposit,
2328,271,1,2875.95,USD,2025-03-24T13:22:26,Deposit,
2329,480,5,-3160.03,USD,2023-07-17T23:22:38,Monthly fee,
2330,537,1,3794.39,USD,2024-06-23T02:13:56,Deposit,
2331,39,2,-808.89,USD,2025-04-29T04:50:35,ATM withdrawal,
2332,299,5,-872.66,USD,2022-12-08T03:13:34,Monthly fee,
2333,300,2,-1091.75,USD,2022-07-11T07:56:53,ATM withdrawal,
2334,236,1,4420.69,USD,2025-08-17T01:18:46,Deposit,
2335,170,5,-1880.03,USD,2023-01-24T00:48:08,Monthly fee,
2336,204,1,2908.79,USD,2024-10-28T15:41:11,Deposit,
2337,28,2,-124.45,USD,2024-07-16T11:09:03,ATM withdrawal,
2338,21,2,-1631.3,USD,2024-03-15T19:13:05,ATM withdrawal,
2339,524,6,40.25,USD,2025-12-17T05:14:52,Interest credit,
2340,120,5,-1212.73,USD,2024-09-09T09:19:14,Monthly fee,
2341,506,2,-39.94,USD,2023-04-12T11:39:26,ATM withdrawal,
2342,136,6,2071.15,USD,2022-01-30T01:47:37,Interest credit,
2343,502,6,3823.34,USD,2025-07-23T05:20:08,Interest credit,
2344,469,2,-3038.06,USD,2024-03-01T15:49:16,ATM withdrawal,
2345,91,2,-4743.51,USD,2022-07-13T08:09:55,ATM withdrawal,
2346,9,2,-4860.38,USD,2024-01-13T12:39:19,ATM withdrawal,
2347,65,5,-1244.82,USD,2023-09-01T00:06:15,Monthly fee,
2348,541,6,3495.84,USD,2023-09-25T05:39:23,Interest credit,
2349,247,2,-3604.43,USD,2024-08-04T03:32:59,ATM withdrawal,
2350,262,2,-2680.76,USD,2023-08-01T00:50:34,ATM withdrawal,
2351,546,5,-2060.89,USD,2023-03-31T16:00:11,Monthly fee,
2352,344,2,-349.72,USD,2022-04-15T01:52:18,ATM withdrawal,
2353,93,6,1338.41,USD,2025-02-09T22:23:45,Interest credit,
2354,96,5,-1763.01,USD,2024-04-10T08:34:58,Monthly fee,
2355,489,1,945.53,USD,2022-10-05T03:33:29,Deposit,
2356,16,2,-3069.7,USD,2022-03-25T23:42:35,ATM withdrawal,
2357,530,5,-827.47,USD,2023-04-20T21:54:23,Monthly fee,
2358,272,1,680.32,USD,2022-05-22T13:36:34,Deposit,
2359,47,6,2761.22,USD,2023-04-11T10:40:24,Interest credit,
2360,209,6,4303.46,USD,2022-10-20T08:43:18,Interest credit,
2361,444,2,-4781.96,USD,2023-11-15T11:26:07,ATM withdrawal,
2362,374,6,3285.73,USD,2022-09-20T07:21:42,Interest credit,
2363,353,1,4879.73,USD,2022-09-28T14:17:44,Deposit,
2364,304,6,4641.17,USD,2025-10-28T05:29:02,Interest credit,
2365,362,5,-4621.53,USD,2023-07-24T12:06:28,Monthly fee,
2366,230,5,-1136.57,USD,2022-04-25T13:45:32,Monthly fee,
2367,294,5,-2494.75,USD,2025-10-26T00:27:46,Monthly fee,
2368,502,5,-28.7,USD,2022-05-10T21:10:24,Monthly fee,
2369,31,2,-3180.63,USD,2024-07-21T20:03:01,ATM withdrawal,
2370,459,1,542.56,USD,2024-05-28T09:32:03,Deposit,
2371,149,2,-728.95,USD,2024-01-01T21:48:32,ATM withdrawal,
2372,407,1,314.49,USD,2025-01-15T17:59:54,Deposit,
2373,102,5,-2627.84,USD,2025-01-13T20:38:19,Monthly fee,
2374,397,5,-1314.42,USD,2025-12-03T02:11:17,Monthly fee,
2375,179,2,-2994.74,USD,2022-05-02T13:49:39,ATM withdrawal,
2376,85,2,-3933.92,USD,2023-01-07T23:07:30,ATM withdrawal,
2377,163,5,-4116.84,USD,2025-11-09T02:35:26,Monthly fee,
2378,441,6,2588.09,USD,2022-10-21T06:51:57,Interest credit,
2379,417,6,1618.95,USD,2024-07-19T13:45:23,Interest credit,
2380,298,6,1124.63,USD,2025-02-14T15:52:41,Interest credit,
2381,543,5,-1673.82,USD,2024-06-29T03:57:52,Monthly fee,
2382,83,6,3478.03,USD,2023-08-02T22:33:57,Interest credit,
2383,117,6,95.32,USD,2024-06-06T06:13:30,Interest credit,
2384,467,5,-4753.78,USD,2022-11-09T22:26:49,Monthly fee,
2385,454,2,-824.63,USD,2024-02-29T23:33:07,ATM withdrawal,
2386,240,6,332.81,USD,2025-09-08T23:39:14,Interest credit,
2387,409,5,-241.7,USD,2025-11-18T12:08:02,Monthly fee,
2388,181,2,-4747.4,USD,2025-12-30T00:30:19,ATM withdrawal,
2389,330,6,912.16,USD,2023-07-25T02:41:15,Interest credit,
2390,147,5,-1721.05,USD,2022-08-11T23:08:15,Monthly fee,
2391,75,5,-3303.5,USD,2022-06-21T08:10:05,Monthly fee,
2392,360,2,-1716.56,USD,2023-06-07T10:47:49,ATM withdrawal,
2393,121,5,-1099.46,USD,2023-03-23T17:59:09,Monthly fee,
2394,354,1,287.73,USD,2024-02-22T21:38:57,Deposit,
2395,130,1,1746.5,USD,2022-05-03T06:16:44,Deposit,
2396,77,5,-2963.03,USD,2025-06-25T21:48:08,Monthly fee,
2397,193,5,-2901.4,USD,2022-11-08T16:15:22,Monthly fee,
2398,139,6,308.22,USD,2022-01-23T14:30:41,Interest credit,
2399,77,5,-3004.08,USD,2024-09-07T12:18:09,Monthly fee,
2400,238,6,4989.74,USD,2022-08-07T15:56:53,Interest credit,
2401,48,2,-3905.14,USD,2022-09-27T09:11:11,ATM withdrawal,
2402,233,5,-352.3,USD,2024-07-30T20:29:37,Monthly fee,
2403,156,1,4792.52,USD,2022-08-04T14:03:02,Deposit,
2404,374,2,-1442.69,USD,2025-06-27T12:00:39,ATM withdrawal,
2405,25,1,800.61,USD,2024-08-24T03:30:10,Deposit,
2406,39,5,-4534.79,USD,2022-11-17T14:49:02,Monthly fee,
2407,278,2,-4961.72,USD,2023-12-21T05:07:05,ATM withdrawal,
2408,502,1,2363.74,USD,2024-12-06T13:46:11,Deposit,
2409,354,6,3477.1,USD,2022-07-05T11:26:15,Interest credit,
2410,433,6,1367.04,USD,2025-10-02T12:40:42,Interest credit,
2411,347,1,1425.56,USD,2023-10-26T12:36:24,Deposit,
2412,6,6,4653.29,USD,2022-11-24T16:22:14,Interest credit,
2413,396,6,4101.45,USD,2025-05-23T05:35:40,Interest credit,
2414,69,6,4822.64,USD,2022-05-31T22:12:58,Interest credit,
2415,421,2,-1756.95,USD,2023-08-15T06:07:14,ATM withdrawal,
2416,250,1,465.4,USD,2022-10-17T21:59:31,Deposit,
2417,54,6,3605.05,USD,2023-08-09T10:19:30,Interest credit,
2418,542,2,-4485.6,USD,2025-03-15T23:41:36,ATM withdrawal,
2419,21,5,-4243.28,USD,2024-08-28T19:45:05,Monthly fee,
2420,19,2,-204.61,USD,2023-03-06T07:53:30,ATM withdrawal,
2421,119,6,359.55,USD,2024-11-17T10:45:00,Interest credit,
2422,165,6,1996.77,USD,2022-04-18T13:16:18,Interest credit,
2423,7,2,-3799.45,USD,2025-12-08T10:30:28,ATM withdrawal,
2424,436,1,1458.5,USD,2022-01-26T12:37:47,Deposit,
2425,158,6,115.73,USD,2023-12-06T09:09:35,Interest credit,
2426,425,2,-1741.5,USD,2024-09-27T08:02:52,ATM withdrawal,
2427,516,5,-538.84,USD,2023-09-22T08:19:18,Monthly fee,
2428,77,2,-4922.93,USD,2024-12-15T17:53:08,ATM withdrawal,
2429,324,2,-3595.21,USD,2025-09-15T11:21:09,ATM withdrawal,
2430,402,2,-2301.81,USD,2023-05-18T17:49:03,ATM withdrawal,
2431,393,1,2479.04,USD,2025-06-19T19:32:36,Deposit,
2432,46,5,-4256.69,USD,2023-03-04T17:44:05,Monthly fee,
2433,55,1,1986.25,USD,2022-08-09T00:20:38,Deposit,
2434,361,1,2310.51,USD,2024-04-05T03:16:00,Deposit,
2435,270,6,2532.7,USD,2022-08-20T21:27:38,Interest credit,
2436,61,6,4698.67,USD,2023-05-10T07:35:09,Interest credit,
2437,110,1,3002.92,USD,2022-04-20T01:39:06,Deposit,
2438,120,5,-3016.6,USD,2024-12-12T19:08:07,Monthly fee,
2439,392,5,-4402.39,USD,2025-03-21T16:53:38,Monthly fee,
2440,287,6,3112.29,USD,2025-06-11T16:53:41,Interest credit,
2441,226,6,4585.2,USD,2023-06-11T12:38:00,Interest credit,
2442,432,1,74.81,USD,2024-05-25T01:14:57,Deposit,
2443,240,2,-4598.95,USD,2022-10-30T21:54:13,ATM withdrawal,
2444,170,2,-1202.27,USD,2023-03-10T14:20:20,ATM withdrawal,
2445,509,2,-2328.1,USD,2022-03-18T10:39:08,ATM withdrawal,
2446,325,1,3255.16,USD,2025-01-18T20:53:34,Deposit,
2447,455,2,-236.28,USD,2025-06-17T12:23:55,ATM withdrawal,
2448,452,6,2033.82,USD,2024-08-10T17:58:50,Interest credit,
2449,517,6,618.51,USD,2022-01-21T16:40:16,Interest credit,
2450,515,2,-3016.81,USD,2022-09-26T00:58:02,ATM withdrawal,
2451,402,6,1067.56,USD,2025-06-18T10:27:32,Interest credit,
2452,385,5,-2199.46,USD,2024-10-23T18:48:49,Monthly fee,
2453,249,6,2329.39,USD,2025-08-01T00:27:47,Interest credit,
2454,68,6,4590.21,USD,2022-01-17T00:13:33,Interest credit,
2455,79,5,-3242.31,USD,2023-06-12T06:56:35,Monthly fee,
2456,3,1,1770.94,USD,2023-02-23T02:22:58,Deposit,
2457,7,1,3761.76,USD,2025-11-21T17:13:23,Deposit,
2458,195,5,-3439.09,USD,2023-10-20T20:57:35,Monthly fee,
2459,301,2,-1655.45,USD,2024-03-25T02:17:58,ATM withdrawal,
2460,65,6,4732.7,USD,2023-09-10T06:56:55,Interest credit,
2461,463,6,145.81,USD,2024-12-04T23:12:11,Interest credit,
2462,368,6,3398.0,USD,2024-11-13T03:44:24,Interest credit,
2463,364,2,-3225.24,USD,2024-01-20T04:16:43,ATM withdrawal,
2464,417,2,-3784.87,USD,2024-05-25T01:16:48,ATM withdrawal,
2465,189,5,-2865.79,USD,2025-04-06T00:16:47,Monthly fee,
2466,8,1,3073.83,USD,2023-05-11T18:50:20,Deposit,
2467,522,1,3535.73,USD,2024-11-08T23:18:15,Deposit,
2468,191,5,-4078.62,USD,2023-09-22T11:31:45,Monthly fee,
2469,319,2,-1563.33,USD,2023-01-10T10:37:22,ATM withdrawal,
2470,78,2,-4704.06,USD,2025-02-14T12:48:37,ATM withdrawal,
2471,342,2,-2923.44,USD,2025-12-27T07:55:47,ATM withdrawal,
2472,514,2,-519.63,USD,2022-04-11T13:09:34,ATM withdrawal,
2473,391,5,-682.41,USD,2025-10-31T01:02:45,Monthly fee,
2474,469,2,-1684.25,USD,2022-03-08T02:12:11,ATM withdrawal,
2475,361,6,118.75,USD,2023-09-16T09:51:54,Interest credit,
2476,87,5,-2551.26,USD,2022-11-01T08:48:13,Monthly fee,
2477,19,2,-4403.32,USD,2025-06-12T10:32:33,ATM withdrawal,
2478,374,5,-4505.4,USD,2023-03-04T19:54:14,Monthly fee,
2479,501,5,-845.45,USD,2024-03-27T00:34:22,Monthly fee,
2480,364,1,681.88,USD,2025-09-21T12:10:48,Deposit,
2481,384,1,1332.91,USD,2025-10-17T07:53:49,Deposit,
2482,325,2,-3949.0,USD,2024-01-09T19:51:20,ATM withdrawal,
2483,418,1,2327.25,USD,2022-11-28T00:30:03,Deposit,
2484,254,6,3512.85,USD,2025-06-20T17:52:50,Interest credit,
2485,516,2,-2373.73,USD,2024-03-07T07:57:52,ATM withdrawal,
2486,50,1,1728.72,USD,2025-08-28T05:30:58,Deposit,
2487,495,2,-2343.32,USD,2025-01-15T02:07:34,ATM withdrawal,
2488,309,5,-2733.59,USD,2024-12-29T18:54:01,Monthly fee,
2489,366,2,-2874.38,USD,2025-01-16T09:18:03,ATM withdrawal,
2490,24,1,4251.19,USD,2022-12-10T10:51:20,Deposit,
2491,529,6,2554.99,USD,2023-10-26T14:12:07,Interest credit,
2492,217,1,900.18,USD,2022-03-05T07:28:48,Deposit,
2493,252,5,-1510.9,USD,2024-01-19T20:14:12,Monthly fee,
2494,259,1,4012.84,USD,2022-07-16T13:17:50,Deposit,
2495,472,5,-3323.22,USD,2025-12-25T13:59:02,Monthly fee,
2496,235,2,-2499.95,USD,2025-06-24T17:24:22,ATM withdrawal,
2497,518,5,-359.39,USD,2022-09-25T22:56:44,Monthly fee,
2498,72,5,-2006.51,USD,2023-06-17T17:57:06,Monthly fee,
2499,211,2,-4833.54,USD,2022-12-08T00:50:51,ATM withdrawal,
2500,401,1,1768.07,USD,2025-11-02T10:55:01,Deposit,
2501,82,1,2191.09,USD,2025-05-17T16:45:28,Deposit,
2502,322,1,4235.05,USD,2023-09-05T14:40:44,Deposit,
2503,33,1,4305.92,USD,2024-03-30T05:08:20,Deposit,
2504,46,1,4686.28,USD,2024-10-07T10:39:04,Deposit,
2505,477,5,-4016.55,USD,2025-08-13T18:02:38,Monthly fee,
2506,183,2,-4236.34,USD,2023-03-29T13:56:01,ATM withdrawal,
2507,316,5,-2426.6,USD,2024-08-08T23:48:40,Monthly fee,
2508,20,6,2168.68,USD,2024-01-05T15:39:24,Interest credit,
2509,329,2,-2365.51,USD,2025-03-28T17:15:04,ATM withdrawal,
2510,98,2,-3659.12,USD,2023-10-29T18:32:55,ATM withdrawal,
2511,163,2,-4578.02,USD,2022-06-25T16:45:38,ATM withdrawal,
2512,549,6,3954.09,USD,2022-08-14T13:09:43,Interest credit,
2513,299,5,-1346.78,USD,2022-05-25T12:38:26,Monthly fee,
2514,85,2,-2444.86,USD,2023-05-15T08:01:52,ATM withdrawal,
2515,289,6,2606.79,USD,2023-04-06T03:20:45,Interest credit,
2516,46,2,-4874.28,USD,2025-07-04T14:40:18,ATM withdrawal,
2517,248,2,-4689.78,USD,2022-08-26T18:06:43,ATM withdrawal,
2518,390,5,-1390.66,USD,2025-04-26T08:58:34,Monthly fee,
2519,25,6,677.29,USD,2025-03-29T21:20:51,Interest credit,
2520,135,6,3068.78,USD,2024-10-21T20:52:25,Interest credit,
2521,61,6,789.19,USD,2022-05-05T19:12:12,Interest credit,
2522,225,1,746.43,USD,2024-05-05T17:11:51,Deposit,
2523,146,1,1609.5,USD,2024-11-10T09:21:50,Deposit,
2524,166,1,1036.89,USD,2025-03-19T14:32:20,Deposit,
2525,458,5,-4329.73,USD,2023-04-03T04:24:24,Monthly fee,
2526,88,1,1053.01,USD,2022-11-15T03:07:33,Deposit,
2527,423,2,-42.22,USD,2023-10-17T01:43:08,ATM withdrawal,
2528,381,5,-333.78,USD,2022-04-07T18:48:40,Monthly fee,
2529,402,2,-3046.76,USD,2023-01-04T21:26:18,ATM withdrawal,
2530,511,6,87.65,USD,2022-02-11T06:18:21,Interest credit,
2531,387,2,-365.91,USD,2024-01-06T10:08:31,ATM withdrawal,
2532,263,2,-4782.48,USD,2022-08-14T12:36:59,ATM withdrawal,
2533,106,5,-3795.01,USD,2023-12-29T18:50:55,Monthly fee,
2534,312,1,3316.2,USD,2022-02-01T08:20:16,Deposit,
2535,51,6,1614.33,USD,2024-10-14T16:47:53,Interest credit,
2536,151,2,-1507.12,USD,2025-09-04T19:32:33,ATM withdrawal,
2537,397,6,2018.87,USD,2025-09-13T03:55:33,Interest credit,
2538,455,1,4224.25,USD,2024-06-16T08:39:49,Deposit,
2539,13,1,2080.65,USD,2025-02-01T01:09:55,Deposit,
2540,34,2,-578.77,USD,2024-01-28T13:57:29,ATM withdrawal,
2541,473,5,-932.2,USD,2024-04-21T06:23:39,Monthly fee,
2542,162,5,-3672.42,USD,2023-09-09T11:57:01,Monthly fee,
2543,462,6,4916.55,USD,2023-09-20T14:33:57,Interest credit,
2544,525,1,3988.29,USD,2024-01-31T19:15:39,Deposit,
2545,549,6,2458.18,USD,2024-01-13T21:57:42,Interest credit,
2546,121,5,-671.11,USD,2024-10-21T00:31:47,Monthly fee,
2547,303,2,-797.54,USD,2022-11-27T00:49:12,ATM withdrawal,
2548,481,2,-3991.46,USD,2022-01-25T00:06:19,ATM withdrawal,
2549,330,2,-4661.09,USD,2022-12-29T07:08:48,ATM withdrawal,
2550,112,5,-673.03,USD,2022-03-11T08:48:06,Monthly fee,
2551,500,2,-3594.11,USD,2023-11-03T07:32:18,ATM withdrawal,
2552,197,1,4387.46,USD,2022-05-25T22:32:19,Deposit,
2553,421,6,63.06,USD,2022-02-22T07:45:21,Interest credit,
2554,113,5,-2988.82,USD,2025-09-01T06:13:59,Monthly fee,
2555,239,1,1239.37,USD,2023-02-04T12:47:02,Deposit,
2556,365,6,745.54,USD,2022-04-18T21:28:12,Interest credit,
2557,91,1,1809.27,USD,2025-10-08T22:26:31,Deposit,
2558,423,2,-4666.72,USD,2024-10-26T13:22:34,ATM withdrawal,
2559,136,6,1175.23,USD,2022-02-23T03:45:24,Interest credit,
2560,80,1,948.65,USD,2025-10-07T06:33:28,Deposit,
2561,282,2,-1992.32,USD,2025-10-13T09:00:46,ATM withdrawal,
2562,363,5,-3781.46,USD,2024-01-03T11:04:21,Monthly fee,
2563,412,2,-4991.57,USD,2022-11-17T05:38:52,ATM withdrawal,
2564,74,1,818.77,USD,2025-07-10T00:38:04,Deposit,
2565,87,6,2351.84,USD,2022-02-28T02:36:53,Interest credit,
2566,539,2,-4187.37,USD,2024-08-06T20:50:07,ATM withdrawal,
2567,468,5,-2024.87,USD,2024-11-28T10:40:35,Monthly fee,
2568,449,6,2187.06,USD,2022-11-13T02:45:28,Interest credit,
2569,502,5,-4967.8,USD,2023-06-13T09:06:22,Monthly fee,
2570,387,5,-2251.43,USD,2023-03-15T15:57:57,Monthly fee,
2571,344,2,-1468.5,USD,2024-12-27T02:13:09,ATM withdrawal,
2572,120,1,3918.67,USD,2023-01-06T19:43:23,Deposit,
2573,361,5,-3339.24,USD,2023-10-11T14:59:12,Monthly fee,
2574,333,2,-1955.69,USD,2022-03-13T14:06:44,ATM withdrawal,
2575,312,1,992.17,USD,2022-03-27T08:27:59,Deposit,
2576,381,2,-2494.21,USD,2022-04-24T23:16:22,ATM withdrawal,
2577,443,5,-1608.24,USD,2023-03-09T02:40:11,Monthly fee,
2578,58,2,-2643.08,USD,2022-12-28T13:20:06,ATM withdrawal,
2579,157,5,-2257.2,USD,2025-03-19T18:08:25,Monthly fee,
2580,230,2,-2250.22,USD,2025-09-02T01:38:22,ATM withdrawal,
2581,125,1,1095.34,USD,2025-10-30T19:55:52,Deposit,
2582,86,2,-4194.17,USD,2022-11-16T14:46:27,ATM withdrawal,
2583,102,5,-2767.26,USD,2022-11-06T11:44:05,Monthly fee,
2584,90,6,3466.49,USD,2023-01-07T05:15:07,Interest credit,
2585,337,2,-4885.63,USD,2025-12-01T06:10:39,ATM withdrawal,
2586,495,5,-2457.09,USD,2023-02-14T09:58:56,Monthly fee,
2587,30,6,4271.69,USD,2025-01-01T02:17:52,Interest credit,
2588,548,5,-1546.21,USD,2024-04-03T04:40:49,Monthly fee,
2589,451,5,-2605.03,USD,2022-08-06T17:29:12,Monthly fee,
2590,119,6,3625.4,USD,2023-10-06T04:37:30,Interest credit,
2591,443,5,-815.59,USD,2024-11-07T08:41:55,Monthly fee,
2592,400,5,-625.65,USD,2022-11-10T12:04:31,Monthly fee,
2593,361,6,4162.59,USD,2022-11-01T14:44:45,Interest credit,
2594,291,2,-3289.31,USD,2022-04-13T20:03:14,ATM withdrawal,
2595,123,6,611.88,USD,2022-10-10T16:05:06,Interest credit,
2596,109,1,2452.08,USD,2023-09-07T00:18:45,Deposit,
2597,509,6,1154.71,USD,2023-09-05T16:03:23,Interest credit,
2598,139,1,3629.02,USD,2024-08-06T23:00:08,Deposit,
2599,48,6,4585.16,USD,2025-03-03T15:49:03,Interest credit,
2600,82,6,3396.16,USD,2022-09-13T13:08:37,Interest credit,
2601,324,1,4594.7,USD,2024-07-13T15:07:37,Deposit,
2602,406,6,2174.19,USD,2023-06-09T02:43:25,Interest credit,
2603,394,1,2028.57,USD,2025-01-27T10:55:35,Deposit,
2604,537,5,-3932.65,USD,2023-10-02T08:42:08,Monthly fee,
2605,294,5,-295.9,USD,2023-07-13T23:39:47,Monthly fee,
2606,520,6,1460.63,USD,2023-12-27T07:32:27,Interest credit,
2607,300,5,-537.11,USD,2024-05-03T10:56:11,Monthly fee,
2608,506,6,2110.84,USD,2024-06-29T07:06:21,Interest credit,
2609,378,2,-1583.48,USD,2023-07-07T02:44:29,ATM withdrawal,
2610,218,2,-447.67,USD,2022-11-06T12:34:06,ATM withdrawal,
2611,423,5,-124.31,USD,2024-03-11T06:19:20,Monthly fee,
2612,540,5,-2086.51,USD,2025-11-10T18:31:58,Monthly fee,
2613,497,1,11.46,USD,2024-01-23T20:24:32,Deposit,
2614,188,6,4585.77,USD,2023-04-29T09:11:52,Interest credit,
2615,312,2,-1033.98,USD,2025-06-16T05:33:55,ATM withdrawal,
2616,533,6,62.8,USD,2022-02-03T10:08:22,Interest credit,
2617,85,2,-1974.73,USD,2024-09-02T05:20:34,ATM withdrawal,
2618,413,1,2536.21,USD,2022-07-21T02:40:16,Deposit,
2619,11,5,-4826.74,USD,2024-10-24T14:16:09,Monthly fee,
2620,423,1,1738.08,USD,2023-10-01T14:07:51,Deposit,
2621,175,1,3840.62,USD,2024-02-09T04:30:23,Deposit,
2622,466,2,-1209.35,USD,2025-12-23T05:02:01,ATM withdrawal,
2623,431,1,569.22,USD,2025-08-14T21:39:50,Deposit,
2624,229,6,2770.74,USD,2023-12-09T04:39:44,Interest credit,
2625,481,5,-4904.49,USD,2025-01-10T00:10:55,Monthly fee,
2626,199,2,-3176.8,USD,2024-01-05T05:15:20,ATM withdrawal,
2627,529,5,-3409.6,USD,2025-05-08T13:15:51,Monthly fee,
2628,220,5,-1959.45,USD,2024-07-11T09:37:04,Monthly fee,
2629,403,1,1587.45,USD,2023-10-25T13:06:12,Deposit,
2630,439,1,3971.72,USD,2023-09-29T15:41:20,Deposit,
2631,120,1,1455.02,USD,2023-07-05T04:20:35,Deposit,
2632,267,6,1874.53,USD,2025-04-28T18:13:12,Interest credit,
2633,251,5,-2386.93,USD,2024-07-06T13:35:50,Monthly fee,
2634,369,2,-2541.41,USD,2023-07-10T18:39:50,ATM withdrawal,
2635,277,1,2618.73,USD,2023-07-08T23:28:29,Deposit,
2636,152,6,3074.6,USD,2024-07-16T04:32:01,Interest credit,
2637,143,6,4882.58,USD,2022-05-31T09:00:01,Interest credit,
2638,292,6,4615.47,USD,2022-04-18T16:31:38,Interest credit,
2639,103,6,1183.54,USD,2022-08-14T16:33:21,Interest credit,
2640,461,5,-748.51,USD,2024-01-15T05:58:07,Monthly fee,
2641,400,5,-4496.76,USD,2025-08-21T01:44:05,Monthly fee,
2642,114,1,2628.54,USD,2025-11-07T20:38:20,Deposit,
2643,259,5,-672.39,USD,2022-06-17T20:08:07,Monthly fee,
2644,374,5,-3934.13,USD,2023-05-19T06:15:35,Monthly fee,
2645,110,6,4841.62,USD,2025-10-04T17:16:09,Interest credit,
2646,449,6,4539.15,USD,2022-04-03T03:29:29,Interest credit,
2647,27,6,3110.17,USD,2022-04-17T22:51:21,Interest credit,
2648,235,2,-2340.02,USD,2025-11-04T03:38:40,ATM withdrawal,
2649,242,6,1140.44,USD,2025-06-03T16:51:50,Interest credit,
2650,417,5,-4596.77,USD,2023-06-16T20:57:57,Monthly fee,
2651,222,6,1257.75,USD,2023-01-12T18:24:45,Interest credit,
2652,57,5,-1563.68,USD,2023-11-29T05:04:37,Monthly fee,
2653,42,2,-1980.81,USD,2022-09-12T05:20:34,ATM withdrawal,
2654,282,1,1479.12,USD,2024-10-09T13:51:03,Deposit,
2655,520,2,-4054.67,USD,2022-02-25T14:15:21,ATM withdrawal,
2656,286,6,244.3,USD,2024-09-26T18:29:45,Interest credit,
2657,261,1,3173.73,USD,2024-08-23T13:33:22,Deposit,
2658,392,5,-1295.09,USD,2025-05-02T22:09:20,Monthly fee,
2659,348,2,-1238.07,USD,2024-12-26T16:24:36,ATM withdrawal,
2660,327,5,-2035.66,USD,2022-05-04T00:08:11,Monthly fee,
2661,16,6,2112.52,USD,2024-03-09T11:12:04,Interest credit,
2662,510,5,-3441.06,USD,2025-06-16T10:36:26,Monthly fee,
2663,137,6,1324.55,USD,2023-03-19T07:19:42,Interest credit,
2664,126,2,-2730.91,USD,2023-05-08T09:52:58,ATM withdrawal,
2665,244,6,122.06,USD,2024-08-02T10:11:25,Interest credit,
2666,427,5,-2390.4,USD,2023-04-13T19:04:24,Monthly fee,
2667,107,2,-3109.86,USD,2024-02-17T17:50:38,ATM withdrawal,
2668,237,2,-642.1,USD,2024-03-12T12:59:52,ATM withdrawal,
2669,91,6,4796.47,USD,2025-06-29T16:17:33,Interest credit,
2670,107,1,2295.4,USD,2022-11-01T10:07:11,Deposit,
2671,333,6,1528.04,USD,2022-08-31T11:50:13,Interest credit,
2672,184,5,-2167.64,USD,2022-04-17T20:24:54,Monthly fee,
2673,233,1,3131.51,USD,2022-01-12T16:21:22,Deposit,
2674,279,2,-180.41,USD,2024-03-12T00:39:40,ATM withdrawal,
2675,256,6,270.74,USD,2025-12-15T15:35:36,Interest credit,
2676,265,2,-1696.63,USD,2022-01-14T12:06:56,ATM withdrawal,
2677,499,6,908.45,USD,2023-02-24T16:08:02,Interest credit,
2678,467,5,-366.51,USD,2023-05-06T09:35:49,Monthly fee,
2679,441,5,-4903.02,USD,2025-04-25T13:45:35,Monthly fee,
2680,116,1,1221.83,USD,2022-05-05T04:10:16,Deposit,
2681,4,1,2436.53,USD,2025-10-22T05:35:05,Deposit,
2682,327,5,-3790.84,USD,2023-09-24T06:04:09,Monthly fee,
2683,267,6,2445.14,USD,2022-01-20T22:00:55,Interest credit,
2684,296,1,4922.02,USD,2023-05-15T14:35:06,Deposit,
2685,292,1,589.01,USD,2024-02-06T16:29:45,Deposit,
2686,230,6,4474.53,USD,2024-04-24T22:55:14,Interest credit,
2687,271,1,1858.73,USD,2022-06-12T06:02:02,Deposit,
2688,358,6,934.78,USD,2025-03-03T11:13:11,Interest credit,
2689,464,1,2541.19,USD,2023-04-10T07:52:07,Deposit,
2690,419,6,597.96,USD,2022-10-08T19:56:37,Interest credit,
2691,426,1,3297.44,USD,2023-11-14T09:35:05,Deposit,
2692,295,5,-4086.87,USD,2025-08-23T22:15:14,Monthly fee,
2693,353,2,-3332.02,USD,2023-10-08T12:03:09,ATM withdrawal,
2694,223,2,-1508.2,USD,2024-10-12T09:58:25,ATM withdrawal,
2695,540,6,4852.62,USD,2022-09-29T15:05:35,Interest credit,
2696,359,5,-3684.86,USD,2023-04-16T14:03:13,Monthly fee,
2697,360,6,4439.13,USD,2025-05-12T14:55:53,Interest credit,
2698,17,6,2533.55,USD,2023-08-17T03:29:32,Interest credit,
2699,429,6,3088.07,USD,2023-04-04T19:49:57,Interest credit,
2700,221,6,2982.5,USD,2025-03-15T09:47:47,Interest credit,
2701,338,6,929.95,USD,2022-09-26T01:13:57,Interest credit,
2702,325,2,-611.07,USD,2023-09-12T17:58:06,ATM withdrawal,
2703,122,5,-4659.79,USD,2024-12-19T20:05:15,Monthly fee,
2704,547,2,-1222.93,USD,2023-03-10T16:27:12,ATM withdrawal,
2705,296,2,-1079.87,USD,2023-10-25T22:43:44,ATM withdrawal,
2706,138,5,-3038.11,USD,2024-09-25T23:51:07,Monthly fee,
2707,46,5,-501.79,USD,2024-03-25T05:51:58,Monthly fee,
2708,341,1,4371.43,USD,2023-05-27T20:00:59,Deposit,
2709,73,6,1375.53,USD,2022-03-27T23:17:01,Interest credit,
2710,234,6,3769.22,USD,2025-09-08T12:08:07,Interest credit,
2711,114,1,2186.5,USD,2022-03-17T08:15:53,Deposit,
2712,516,1,543.5,USD,2025-08-17T16:09:04,Deposit,
2713,115,2,-5.4,USD,2022-10-28T08:59:18,ATM withdrawal,
2714,66,5,-3754.81,USD,2022-05-22T21:57:26,Monthly fee,
2715,430,5,-4885.03,USD,2022-06-11T10:52:01,Monthly fee,
2716,377,6,3711.09,USD,2023-11-08T12:33:52,Interest credit,
2717,89,1,3239.05,USD,2023-06-02T07:04:21,Deposit,
2718,229,2,-3007.48,USD,2022-07-12T08:37:14,ATM withdrawal,
2719,138,2,-3895.91,USD,2023-03-02T11:45:39,ATM withdrawal,
2720,412,2,-1390.24,USD,2025-12-27T15:52:10,ATM withdrawal,
2721,440,2,-3653.1,USD,2024-06-29T03:57:38,ATM withdrawal,
2722,240,1,2105.95,USD,2022-12-07T14:43:57,Deposit,
2723,453,2,-32.29,USD,2024-08-31T22:08:43,ATM withdrawal,
2724,259,1,1172.62,USD,2023-08-11T16:48:57,Deposit,
2725,42,1,4425.53,USD,2022-12-05T21:22:52,Deposit,
2726,295,1,2160.33,USD,2023-07-06T23:40:42,Deposit,
2727,391,6,2115.26,USD,2022-05-13T15:09:30,Interest credit,
2728,512,5,-3778.13,USD,2022-11-18T18:07:08,Monthly fee,
2729,209,6,1625.8,USD,2023-11-12T13:18:16,Interest credit,
2730,112,5,-2935.1,USD,2022-01-10T00:04:47,Monthly fee,
2731,377,1,1097.62,USD,2025-02-21T05:16:00,Deposit,
2732,244,1,2923.47,USD,2022-10-10T21:32:14,Deposit,
2733,317,2,-1933.97,USD,2023-09-08T11:24:27,ATM withdrawal,
2734,206,1,2969.43,USD,2025-08-24T01:24:27,Deposit,
2735,321,1,4660.22,USD,2023-08-11T19:17:01,Deposit,
2736,401,6,4192.38,USD,2023-09-10T09:26:54,Interest credit,
2737,378,1,1660.47,USD,2022-07-12T15:42:36,Deposit,
2738,156,2,-4912.56,USD,2022-01-26T04:33:32,ATM withdrawal,
2739,208,5,-2892.7,USD,2025-09-09T04:58:34,Monthly fee,
2740,274,5,-1661.76,USD,2022-03-26T15:19:53,Monthly fee,
2741,176,2,-4360.09,USD,2022-02-11T06:45:31,ATM withdrawal,
2742,281,5,-155.46,USD,2022-04-18T00:04:00,Monthly fee,
2743,337,6,2654.61,USD,2025-03-27T15:30:38,Interest credit,
2744,52,2,-4693.24,USD,2024-06-04T08:57:58,ATM withdrawal,
2745,386,5,-1510.85,USD,2025-10-03T04:53:07,Monthly fee,
2746,413,6,4152.69,USD,2024-12-07T19:50:10,Interest credit,
2747,513,6,2820.98,USD,2025-04-09T14:52:37,Interest credit,
2748,240,5,-2502.59,USD,2023-10-17T19:27:56,Monthly fee,
2749,193,5,-2371.13,USD,2022-09-21T21:12:46,Monthly fee,
2750,87,5,-637.69,USD,2025-10-08T12:02:23,Monthly fee,
2751,469,5,-2736.96,USD,2023-10-04T14:20:33,Monthly fee,
2752,123,1,183.05,USD,2024-01-26T09:19:29,Deposit,
2753,369,1,902.12,USD,2024-01-31T15:15:30,Deposit,
2754,275,1,3521.43,USD,2022-10-28T00:51:43,Deposit,
2755,229,2,-4275.29,USD,2024-11-27T15:54:41,ATM withdrawal,
2756,53,6,4736.62,USD,2025-03-29T12:45:04,Interest credit,
2757,491,2,-3987.26,USD,2025-09-19T04:23:42,ATM withdrawal,
2758,60,1,3935.01,USD,2024-01-09T14:14:10,Deposit,
2759,183,2,-925.31,USD,2025-12-10T04:25:56,ATM withdrawal,
2760,38,1,2270.04,USD,2024-01-06T09:09:25,Deposit,
2761,544,2,-839.62,USD,2025-06-11T18:52:40,ATM withdrawal,
2762,82,2,-1366.46,USD,2023-03-03T09:35:12,ATM withdrawal,
2763,39,6,397.72,USD,2024-11-24T08:49:21,Interest credit,
2764,416,6,722.63,USD,2024-11-12T11:30:12,Interest credit,
2765,24,2,-3537.4,USD,2023-03-07T21:47:37,ATM withdrawal,
2766,298,5,-2402.95,USD,2024-06-24T02:17:25,Monthly fee,
2767,483,2,-1033.5,USD,2025-04-21T23:46:03,ATM withdrawal,
2768,158,1,1217.69,USD,2024-06-25T01:07:33,Deposit,
2769,218,2,-2431.65,USD,2022-01-23T06:07:27,ATM withdrawal,
2770,296,6,3992.6,USD,2023-05-11T08:05:34,Interest credit,
2771,544,1,4796.8,USD,2024-01-09T20:28:41,Deposit,
2772,440,5,-4875.29,USD,2024-02-05T01:09:06,Monthly fee,
2773,524,6,4728.21,USD,2023-11-29T19:35:08,Interest credit,
2774,89,5,-589.48,USD,2022-06-22T15:26:48,Monthly fee,
2775,252,6,446.49,USD,2025-09-01T19:01:35,Interest credit,
2776,359,5,-4599.43,USD,2025-07-15T07:56:03,Monthly fee,
2777,200,2,-4884.18,USD,2023-03-31T11:20:21,ATM withdrawal,
2778,370,2,-2989.35,USD,2023-01-06T00:49:56,ATM withdrawal,
2779,333,6,84.08,USD,2025-07-26T13:45:48,Interest credit,
2780,301,2,-16.17,USD,2022-12-22T04:54:23,ATM withdrawal,
2781,504,2,-3092.61,USD,2024-04-29T14:51:03,ATM withdrawal,
2782,457,1,218.27,USD,2025-12-17T00:59:06,Deposit,
2783,88,2,-3157.41,USD,2022-01-09T07:08:10,ATM withdrawal,
2784,217,2,-1252.54,USD,2025-12-24T09:14:12,ATM withdrawal,
2785,506,5,-1596.56,USD,2024-05-30T22:54:21,Monthly fee,
2786,409,1,3954.67,USD,2024-03-10T15:45:19,Deposit,
2787,103,2,-408.55,USD,2024-03-20T07:32:10,ATM withdrawal,
2788,257,5,-2920.96,USD,2024-02-23T05:10:14,Monthly fee,
2789,500,2,-1395.42,USD,2025-01-05T08:13:36,ATM withdrawal,
2790,438,1,2988.44,USD,2025-04-20T12:44:03,Deposit,
2791,470,2,-2904.66,USD,2022-06-12T00:22:06,ATM withdrawal,
2792,362,1,3708.44,USD,2022-05-23T20:55:03,Deposit,
2793,544,1,2064.14,USD,2024-01-29T06:44:55,Deposit,
2794,350,5,-3656.29,USD,2022-05-10T11:41:12,Monthly fee,
2795,159,1,3574.51,USD,2022-12-16T17:14:41,Deposit,
2796,382,2,-1364.53,USD,2025-08-25T08:40:38,ATM withdrawal,
2797,340,1,3523.52,USD,2023-10-16T05:45:46,Deposit,
2798,546,1,268.86,USD,2024-05-03T08:53:33,Deposit,
2799,419,1,4757.3,USD,2023-10-05T14:42:29,Deposit,
2800,217,2,-1344.01,USD,2025-12-22T19:41:25,ATM withdrawal,
2801,273,2,-4746.73,USD,2025-04-21T13:12:49,ATM withdrawal,
2802,541,6,2547.2,USD,2022-07-31T05:45:26,Interest credit,
2803,387,2,-4159.29,USD,2022-03-11T10:19:28,ATM withdrawal,
2804,413,5,-4842.31,USD,2022-12-12T23:18:39,Monthly fee,
2805,279,5,-713.96,USD,2025-02-25T05:53:34,Monthly fee,
2806,93,2,-777.13,USD,2024-01-15T02:52:10,ATM withdrawal,
2807,385,6,3955.87,USD,2025-05-01T02:30:41,Interest credit,
2808,550,2,-4210.25,USD,2022-11-18T19:29:55,ATM withdrawal,
2809,190,1,1199.51,USD,2025-06-14T22:01:35,Deposit,
2810,404,6,101.45,USD,2022-09-22T18:25:14,Interest credit,
2811,76,6,1781.44,USD,2022-04-09T03:45:11,Interest credit,
2812,282,1,1482.73,USD,2025-09-23T00:47:43,Deposit,
2813,214,5,-4905.24,USD,2022-07-18T15:26:00,Monthly fee,
2814,500,1,1006.4,USD,2024-10-20T15:30:53,Deposit,
2815,222,6,1491.83,USD,2023-06-21T14:52:01,Interest credit,
2816,279,2,-221.38,USD,2025-01-18T13:51:25,ATM withdrawal,
2817,305,6,3716.67,USD,2024-05-07T06:23:44,Interest credit,
2818,275,2,-73.45,USD,2025-11-27T02:50:09,ATM withdrawal,
2819,133,6,3023.98,USD,2022-08-30T10:15:42,Interest credit,
2820,332,5,-4063.9,USD,2022-09-07T16:30:51,Monthly fee,
2821,14,5,-3763.76,USD,2025-06-25T17:52:10,Monthly fee,
2822,151,1,3771.54,USD,2022-10-12T23:23:58,Deposit,
2823,228,2,-4312.91,USD,2023-07-17T00:45:49,ATM withdrawal,
2824,534,5,-3175.63,USD,2025-08-21T15:18:36,Monthly fee,
2825,204,2,-1328.63,USD,2022-06-13T13:08:56,ATM withdrawal,
2826,249,2,-1605.2,USD,2022-09-30T16:31:17,ATM withdrawal,
2827,316,1,705.37,USD,2022-08-19T06:13:08,Deposit,
2828,156,6,2117.79,USD,2022-02-11T06:37:11,Interest credit,
2829,127,1,4934.49,USD,2024-04-21T10:32:48,Deposit,
2830,39,6,1293.65,USD,2023-03-13T20:32:23,Interest credit,
2831,340,1,698.44,USD,2025-04-06T16:27:25,Deposit,
2832,242,1,2586.59,USD,2022-03-03T10:32:15,Deposit,
2833,9,6,1956.38,USD,2022-03-01T21:18:24,Interest credit,
2834,205,5,-120.28,USD,2024-08-28T07:47:06,Monthly fee,
2835,550,5,-4442.36,USD,2023-04-29T14:29:23,Monthly fee,
2836,246,2,-1759.98,USD,2025-10-02T22:16:40,ATM withdrawal,
2837,46,5,-4979.32,USD,2025-09-02T20:15:58,Monthly fee,
2838,198,2,-3226.61,USD,2025-10-23T20:47:15,ATM withdrawal,
2839,202,5,-4364.76,USD,2024-03-16T18:48:33,Monthly fee,
2840,298,5,-1219.98,USD,2024-11-25T19:01:10,Monthly fee,
2841,332,5,-2497.53,USD,2022-07-03T21:58:11,Monthly fee,
2842,485,1,4137.94,USD,2024-03-17T12:16:48,Deposit,
2843,317,5,-4949.64,USD,2024-04-12T15:50:35,Monthly fee,
2844,386,2,-1994.32,USD,2024-10-21T11:45:20,ATM withdrawal,
2845,113,2,-2403.78,USD,2022-04-19T23:06:06,ATM withdrawal,
2846,541,2,-2108.27,USD,2024-03-20T07:51:55,ATM withdrawal,
2847,509,1,3932.86,USD,2025-09-02T23:20:21,Deposit,
2848,316,5,-2050.65,USD,2023-11-21T03:21:17,Monthly fee,
2849,92,5,-883.7,USD,2023-03-28T22:34:26,Monthly fee,
2850,78,5,-1578.66,USD,2025-05-29T09:07:14,Monthly fee,
2851,175,2,-4004.39,USD,2024-11-20T02:17:45,ATM withdrawal,
2852,35,1,3181.4,USD,2022-08-12T21:07:36,Deposit,
2853,26,5,-178.52,USD,2023-09-12T23:19:46,Monthly fee,
2854,175,1,2101.21,USD,2023-10-12T16:44:46,Deposit,
2855,36,1,176.44,USD,2024-03-23T22:14:58,Deposit,
2856,340,5,-509.77,USD,2024-10-02T04:25:12,Monthly fee,
2857,299,5,-1789.42,USD,2024-05-02T11:53:35,Monthly fee,
2858,163,5,-2473.0,USD,2025-02-15T04:44:46,Monthly fee,
2859,324,5,-1788.46,USD,2024-10-18T04:09:03,Monthly fee,
2860,380,1,609.75,USD,2022-06-25T12:01:01,Deposit,
2861,144,6,2594.38,USD,2025-10-13T18:27:30,Interest credit,
2862,470,6,2167.77,USD,2022-09-06T18:11:03,Interest credit,
2863,136,6,2011.84,USD,2024-06-19T14:21:22,Interest credit,
2864,370,6,3115.98,USD,2023-09-01T23:14:06,Interest credit,
2865,194,6,4899.57,USD,2024-06-29T02:05:25,Interest credit,
2866,169,5,-1018.13,USD,2023-01-02T04:38:52,Monthly fee,
2867,233,6,838.6,USD,2025-03-22T20:05:34,Interest credit,
2868,488,2,-4417.22,USD,2025-08-06T21:52:29,ATM withdrawal,
2869,349,2,-4929.17,USD,2024-07-18T20:08:30,ATM withdrawal,
2870,363,1,1087.21,USD,2023-11-01T16:47:24,Deposit,
2871,147,1,2361.59,USD,2023-02-25T16:36:58,Deposit,
2872,258,6,3332.27,USD,2025-10-03T17:21:19,Interest credit,
2873,54,6,2928.88,USD,2023-12-09T07:39:13,Interest credit,
2874,281,1,520.67,USD,2023-03-24T13:19:52,Deposit,
2875,417,2,-3235.7,USD,2025-01-17T10:03:24,ATM withdrawal,
2876,409,6,3447.11,USD,2022-01-13T12:48:54,Interest credit,
2877,273,6,1541.54,USD,2025-12-28T10:23:45,Interest credit,
2878,17,2,-2381.46,USD,2022-01-26T03:57:58,ATM withdrawal,
2879,420,1,1617.92,USD,2024-09-29T23:02:17,Deposit,
2880,492,6,3342.25,USD,2022-09-29T07:30:46,Interest credit,
2881,181,6,3539.51,USD,2024-01-11T15:25:53,Interest credit,
2882,532,5,-2172.07,USD,2022-11-07T19:26:22,Monthly fee,
2883,218,1,3101.34,USD,2023-08-05T15:05:31,Deposit,
2884,450,5,-4395.57,USD,2022-07-17T13:33:27,Monthly fee,
2885,500,5,-3445.79,USD,2024-12-12T18:39:25,Monthly fee,
2886,122,5,-4232.21,USD,2025-09-08T20:27:00,Monthly fee,
2887,18,1,1277.26,USD,2023-02-22T11:47:34,Deposit,
2888,234,5,-3602.22,USD,2022-08-06T00:03:26,Monthly fee,
2889,483,1,3952.61,USD,2024-07-03T20:27:01,Deposit,
2890,253,5,-3794.64,USD,2024-01-21T07:01:02,Monthly fee,
2891,470,2,-1407.53,USD,2024-01-07T04:30:17,ATM withdrawal,
2892,158,1,4944.65,USD,2025-01-05T03:15:12,Deposit,
2893,61,5,-1208.88,USD,2024-12-12T01:07:48,Monthly fee,
2894,57,6,4372.23,USD,2023-12-22T06:29:19,Interest credit,
2895,110,2,-3626.86,USD,2022-02-06T00:59:10,ATM withdrawal,
2896,434,6,1336.11,USD,2025-11-01T16:24:04,Interest credit,
2897,535,5,-657.92,USD,2022-03-02T12:09:55,Monthly fee,
2898,302,6,2512.81,USD,2025-09-29T00:53:10,Interest credit,
2899,147,5,-4878.56,USD,2024-05-29T11:50:20,Monthly fee,
2900,153,2,-113.71,USD,2023-01-23T17:18:54,ATM withdrawal,
2901,537,1,1172.04,USD,2022-12-23T11:06:22,Deposit,
2902,478,1,1960.67,USD,2022-05-09T19:21:45,Deposit,
2903,305,6,2288.48,USD,2023-01-24T19:00:48,Interest credit,
2904,296,5,-535.91,USD,2024-01-22T21:02:28,Monthly fee,
2905,72,1,1041.06,USD,2023-02-14T20:42:22,Deposit,
2906,69,5,-2183.48,USD,2024-01-10T09:29:25,Monthly fee,
2907,377,5,-2686.23,USD,2025-02-09T10:56:19,Monthly fee,
2908,470,6,895.09,USD,2024-05-21T18:52:14,Interest credit,
2909,291,6,4672.58,USD,2023-03-11T14:01:58,Interest credit,
2910,190,1,3535.88,USD,2024-09-04T12:50:07,Deposit,
2911,490,5,-1006.05,USD,2024-05-12T09:46:58,Monthly fee,
2912,86,6,802.95,USD,2025-10-08T05:23:23,Interest credit,
2913,123,5,-1751.27,USD,2024-11-07T10:01:07,Monthly fee,
2914,186,1,3059.68,USD,2022-01-21T03:03:10,Deposit,
2915,388,2,-4347.43,USD,2025-04-08T21:02:00,ATM withdrawal,
2916,105,1,2243.79,USD,2023-04-23T18:17:35,Deposit,
2917,254,5,-6.89,USD,2023-03-12T19:02:27,Monthly fee,
2918,1,6,3283.84,USD,2022-05-15T17:59:52,Interest credit,
2919,473,2,-4056.89,USD,2025-05-03T15:03:12,ATM withdrawal,
2920,267,5,-279.67,USD,2024-02-02T17:53:48,Monthly fee,
2921,516,2,-3327.89,USD,2022-12-18T08:16:58,ATM withdrawal,
2922,410,5,-3141.62,USD,2023-03-01T19:40:48,Monthly fee,
2923,483,5,-907.34,USD,2023-10-27T15:31:37,Monthly fee,
2924,523,2,-52.81,USD,2025-08-11T04:06:17,ATM withdrawal,
2925,329,2,-2543.33,USD,2023-02-08T07:10:05,ATM withdrawal,
2926,222,1,347.4,USD,2025-04-30T06:35:49,Deposit,
2927,394,2,-687.39,USD,2024-08-12T05:15:21,ATM withdrawal,
2928,431,1,324.12,USD,2023-08-13T06:26:06,Deposit,
2929,290,6,4069.21,USD,2024-03-05T04:37:28,Interest credit,
2930,154,2,-1789.96,USD,2023-03-05T02:59:34,ATM withdrawal,
2931,264,5,-4369.46,USD,2025-12-17T12:38:02,Monthly fee,
2932,307,2,-1682.89,USD,2023-02-13T09:31:06,ATM withdrawal,
2933,441,1,536.56,USD,2024-08-24T14:05:03,Deposit,
2934,443,6,1837.1,USD,2022-03-23T12:23:59,Interest credit,
2935,28,1,732.05,USD,2024-01-28T12:46:19,Deposit,
2936,86,5,-3815.12,USD,2024-08-23T14:07:53,Monthly fee,
2937,259,2,-411.39,USD,2022-02-16T10:19:15,ATM withdrawal,
2938,339,1,960.39,USD,2022-07-25T16:14:45,Deposit,
2939,268,6,3502.66,USD,2025-03-19T04:50:09,Interest credit,
2940,105,1,3594.65,USD,2025-01-24T01:28:28,Deposit,
2941,381,5,-3049.95,USD,2025-07-10T19:05:43,Monthly fee,
2942,179,2,-593.26,USD,2024-08-04T13:53:37,ATM withdrawal,
2943,440,1,4686.92,USD,2023-04-11T17:55:15,Deposit,
2944,268,6,4831.13,USD,2024-12-11T13:09:26,Interest credit,
2945,282,6,3930.81,USD,2024-03-22T03:21:41,Interest credit,
2946,54,1,2663.42,USD,2022-02-14T10:00:15,Deposit,
2947,335,1,4419.72,USD,2025-06-30T00:41:31,Deposit,
2948,548,6,346.99,USD,2022-07-17T22:54:16,Interest credit,
2949,23,6,2156.96,USD,2022-02-11T07:19:42,Interest credit,
2950,476,1,175.35,USD,2022-09-26T12:12:30,Deposit,
2951,308,6,3954.38,USD,2024-02-08T04:08:42,Interest credit,
2952,356,1,3210.15,USD,2023-06-18T14:27:10,Deposit,
2953,96,2,-4712.31,USD,2025-01-17T23:13:47,ATM withdrawal,
2954,327,2,-72.6,USD,2024-03-15T16:50:16,ATM withdrawal,
2955,454,1,2210.09,USD,2025-04-23T18:08:23,Deposit,
2956,495,5,-602.14,USD,2024-07-26T02:16:18,Monthly fee,
2957,26,2,-1430.81,USD,2025-01-04T14:20:54,ATM withdrawal,
2958,415,6,1011.03,USD,2025-11-23T03:46:06,Interest credit,
2959,49,1,2328.17,USD,2024-02-29T00:59:54,Deposit,
2960,187,6,3062.83,USD,2025-10-27T04:26:04,Interest credit,
2961,353,5,-188.46,USD,2025-06-23T16:58:57,Monthly fee,
2962,376,6,3012.2,USD,2022-06-19T00:14:37,Interest credit,
2963,207,5,-2799.6,USD,2022-04-29T01:15:12,Monthly fee,
2964,320,5,-1054.45,USD,2025-03-21T06:07:40,Monthly fee,
2965,488,5,-3607.83,USD,2022-10-23T02:27:23,Monthly fee,
2966,514,1,429.02,USD,2024-09-03T18:48:05,Deposit,
2967,204,6,4169.68,USD,2024-06-27T21:33:41,Interest credit,
2968,350,2,-4138.11,USD,2024-06-25T19:09:34,ATM withdrawal,
2969,61,6,4443.58,USD,2025-06-19T12:42:34,Interest credit,
2970,137,5,-2612.46,USD,2024-10-05T20:54:11,Monthly fee,
2971,505,1,1092.24,USD,2022-07-09T21:20:47,Deposit,
2972,528,2,-1642.07,USD,2025-01-08T09:51:13,ATM withdrawal,
2973,286,2,-472.38,USD,2022-08-29T05:06:44,ATM withdrawal,
2974,188,2,-2938.2,USD,2023-06-16T11:19:56,ATM withdrawal,
2975,480,1,3227.24,USD,2023-10-18T09:58:15,Deposit,
2976,215,2,-471.41,USD,2023-10-19T18:44:22,ATM withdrawal,
2977,301,2,-707.55,USD,2025-11-26T08:18:45,ATM withdrawal,
2978,221,2,-873.39,USD,2024-08-13T16:41:41,ATM withdrawal,
2979,113,1,1654.98,USD,2022-03-02T17:37:35,Deposit,
2980,277,1,3722.3,USD,2025-11-09T23:05:25,Deposit,
2981,473,2,-1224.12,USD,2023-03-15T12:37:15,ATM withdrawal,
2982,382,1,3690.37,USD,2022-03-31T14:13:32,Deposit,
2983,383,1,1590.07,USD,2023-03-24T09:40:13,Deposit,
2984,371,6,2389.37,USD,2025-04-28T09:04:22,Interest credit,
2985,295,1,4448.19,USD,2023-09-10T13:06:28,Deposit,
2986,284,5,-1599.13,USD,2023-02-05T15:35:48,Monthly fee,
2987,40,1,2603.88,USD,2022-07-19T22:20:05,Deposit,
2988,233,1,31.35,USD,2023-01-23T09:02:37,Deposit,
2989,429,1,878.18,USD,2025-08-14T18:36:10,Deposit,
2990,387,2,-3420.32,USD,2023-04-12T12:07:34,ATM withdrawal,
2991,114,5,-2198.25,USD,2024-08-13T14:26:18,Monthly fee,
2992,135,2,-2339.46,USD,2024-10-24T10:02:28,ATM withdrawal,
2993,31,5,-2306.76,USD,2023-12-15T05:12:48,Monthly fee,
2994,10,2,-4177.41,USD,2025-11-18T22:20:40,ATM withdrawal,
2995,21,1,895.27,USD,2022-12-09T18:00:52,Deposit,
2996,52,1,3769.46,USD,2025-12-15T05:51:17,Deposit,
2997,242,5,-535.4,USD,2023-12-28T21:32:58,Monthly fee,
2998,155,2,-423.15,USD,2022-12-08T02:48:23,ATM withdrawal,
2999,78,1,223.2,USD,2025-01-11T00:44:38,Deposit,
3000,352,1,1942.53,USD,2024-02-03T19:50:45,Deposit,
3001,232,5,-1981.61,USD,2022-07-12T22:17:55,Monthly fee,
3002,60,1,2744.71,USD,2022-07-20T09:43:22,Deposit,
3003,133,6,61.13,USD,2025-01-02T18:09:51,Interest credit,
3004,90,6,3695.42,USD,2023-06-21T15:46:01,Interest credit,
3005,493,5,-3002.65,USD,2023-11-12T05:08:18,Monthly fee,
3006,271,6,1998.03,USD,2023-04-15T18:07:24,Interest credit,
3007,31,1,2246.8,USD,2025-03-10T09:05:44,Deposit,
3008,429,5,-3397.16,USD,2024-08-09T00:47:57,Monthly fee,
3009,75,5,-634.49,USD,2025-06-24T11:03:48,Monthly fee,
3010,428,2,-3786.14,USD,2023-11-20T09:07:40,ATM withdrawal,
3011,444,6,2631.16,USD,2025-07-15T10:14:01,Interest credit,
3012,284,5,-1572.91,USD,2024-08-10T11:41:37,Monthly fee,
3013,526,1,2776.56,USD,2025-07-10T12:15:53,Deposit,
3014,140,5,-3786.91,USD,2023-03-05T06:20:00,Monthly fee,
3015,550,5,-453.56,USD,2022-08-24T04:57:29,Monthly fee,
3016,267,1,1920.52,USD,2024-05-11T23:50:39,Deposit,
3017,543,5,-871.73,USD,2022-02-20T10:27:42,Monthly fee,
3018,424,1,1670.82,USD,2025-03-24T18:36:46,Deposit,
3019,199,2,-4390.83,USD,2025-08-11T02:36:29,ATM withdrawal,
3020,279,6,1876.82,USD,2024-03-18T06:40:33,Interest credit,
3021,152,5,-2047.37,USD,2022-04-05T05:49:33,Monthly fee,
3022,455,6,463.52,USD,2025-12-02T19:28:45,Interest credit,
3023,424,1,1110.09,USD,2025-02-28T03:01:08,Deposit,
3024,41,6,3580.31,USD,2022-03-08T05:34:37,Interest credit,
3025,239,6,1667.41,USD,2022-02-06T01:47:42,Interest credit,
3026,256,1,3053.5,USD,2024-12-25T10:29:35,Deposit,
3027,163,5,-2621.26,USD,2022-10-16T05:01:32,Monthly fee,
3028,387,5,-634.98,USD,2022-04-19T14:31:18,Monthly fee,
3029,536,6,246.21,USD,2023-12-26T13:57:14,Interest credit,
3030,487,1,453.68,USD,2025-11-15T21:40:24,Deposit,
3031,55,6,748.66,USD,2024-06-23T07:11:41,Interest credit,
3032,513,5,-1866.23,USD,2024-10-05T14:37:56,Monthly fee,
3033,488,5,-2781.92,USD,2023-06-06T23:54:00,Monthly fee,
3034,535,5,-828.55,USD,2023-01-05T16:26:05,Monthly fee,
3035,541,2,-2198.62,USD,2024-04-16T00:24:21,ATM withdrawal,
3036,490,6,2548.56,USD,2025-12-17T19:58:38,Interest credit,
3037,447,6,738.48,USD,2022-12-31T09:06:52,Interest credit,
3038,473,6,2534.95,USD,2022-03-30T08:10:33,Interest credit,
3039,502,2,-1639.17,USD,2025-03-13T16:25:56,ATM withdrawal,
3040,451,2,-3469.36,USD,2022-09-07T19:22:18,ATM withdrawal,
3041,127,5,-2366.17,USD,2024-08-31T13:10:25,Monthly fee,
3042,390,6,4192.48,USD,2024-12-30T18:08:23,Interest credit,
3043,498,6,3958.69,USD,2023-12-14T10:54:21,Interest credit,
3044,68,5,-2157.29,USD,2024-01-10T19:37:32,Monthly fee,
3045,235,1,1346.67,USD,2022-04-27T19:59:38,Deposit,
3046,354,2,-795.7,USD,2025-01-14T18:55:53,ATM withdrawal,
3047,243,1,4361.54,USD,2024-01-14T21:15:02,Deposit,
3048,335,6,3831.54,USD,2024-01-25T08:34:13,Interest credit,
3049,237,1,2129.0,USD,2022-08-11T19:06:31,Deposit,
3050,292,2,-1821.6,USD,2022-06-18T16:54:42,ATM withdrawal,
3051,437,6,3727.89,USD,2025-09-27T13:24:42,Interest credit,
3052,486,1,4165.15,USD,2024-07-14T20:23:55,Deposit,
3053,129,5,-4278.59,USD,2025-10-10T01:39:29,Monthly fee,
3054,360,6,544.74,USD,2023-05-20T20:49:56,Interest credit,
3055,236,5,-4633.3,USD,2023-06-17T21:42:37,Monthly fee,
3056,373,1,4940.83,USD,2023-09-01T09:55:04,Deposit,
3057,367,1,53.47,USD,2024-05-28T01:12:00,Deposit,
3058,511,5,-1196.18,USD,2024-02-10T07:53:17,Monthly fee,
3059,539,6,417.27,USD,2024-05-27T10:34:32,Interest credit,
3060,485,2,-1463.59,USD,2022-03-05T20:16:35,ATM withdrawal,
3061,403,2,-2716.12,USD,2023-06-26T02:12:30,ATM withdrawal,
3062,17,6,2610.78,USD,2022-02-28T07:55:42,Interest credit,
3063,195,1,3828.88,USD,2022-06-29T08:04:07,Deposit,
3064,519,2,-4554.61,USD,2025-07-17T01:27:44,ATM withdrawal,
3065,45,6,2639.22,USD,2025-12-28T23:05:30,Interest credit,
3066,452,6,1370.33,USD,2025-08-11T12:31:01,Interest credit,
3067,352,6,3988.05,USD,2022-12-12T00:22:02,Interest credit,
3068,63,1,4409.98,USD,2022-03-16T02:33:41,Deposit,
3069,156,6,4698.76,USD,2025-11-12T12:11:03,Interest credit,
3070,121,1,3077.0,USD,2022-01-17T12:53:34,Deposit,
3071,492,1,3751.06,USD,2025-05-27T01:37:03,Deposit,
3072,316,2,-1233.57,USD,2024-04-17T23:40:54,ATM withdrawal,
3073,424,2,-3521.67,USD,2023-12-17T12:19:21,ATM withdrawal,
3074,37,5,-3872.64,USD,2025-12-11T15:37:43,Monthly fee,
3075,301,2,-3223.03,USD,2025-05-09T04:08:00,ATM withdrawal,
3076,171,1,4794.25,USD,2025-07-03T20:53:20,Deposit,
3077,134,1,2364.67,USD,2024-04-26T08:43:55,Deposit,
3078,255,5,-2841.41,USD,2022-11-08T11:26:59,Monthly fee,
3079,126,2,-3444.65,USD,2024-08-20T01:07:50,ATM withdrawal,
3080,351,6,4208.1,USD,2024-09-10T09:19:05,Interest credit,
3081,432,6,764.92,USD,2023-08-10T22:20:46,Interest credit,
3082,527,5,-3397.81,USD,2024-11-25T22:40:57,Monthly fee,
3083,276,6,3231.38,USD,2024-05-23T20:48:41,Interest credit,
3084,229,6,4818.2,USD,2022-07-20T15:43:20,Interest credit,
3085,385,2,-3361.16,USD,2025-07-27T12:34:54,ATM withdrawal,
3086,66,5,-3346.62,USD,2024-01-20T10:42:01,Monthly fee,
3087,89,5,-1679.83,USD,2024-07-21T00:00:18,Monthly fee,
3088,17,1,2428.33,USD,2023-01-24T20:14:29,Deposit,
3089,343,1,520.53,USD,2022-12-15T16:40:26,Deposit,
3090,80,2,-602.75,USD,2024-12-04T16:13:39,ATM withdrawal,
3091,348,5,-2239.82,USD,2022-07-05T13:01:06,Monthly fee,
3092,438,1,3304.94,USD,2025-06-24T23:45:46,Deposit,
3093,379,5,-4729.81,USD,2023-12-13T22:15:20,Monthly fee,
3094,141,5,-1188.82,USD,2022-01-29T19:19:09,Monthly fee,
3095,30,6,1790.71,USD,2025-04-13T18:57:20,Interest credit,
3096,288,5,-23.21,USD,2022-01-25T23:37:37,Monthly fee,
3097,325,2,-3274.6,USD,2024-11-27T04:52:07,ATM withdrawal,
3098,343,5,-4287.74,USD,2025-04-01T20:44:46,Monthly fee,
3099,437,2,-4950.18,USD,2024-10-30T07:38:44,ATM withdrawal,
3100,491,6,687.93,USD,2023-11-26T03:34:58,Interest credit,
3101,513,2,-971.13,USD,2025-07-18T18:21:15,ATM withdrawal,
3102,310,1,4948.82,USD,2023-01-01T12:14:38,Deposit,
3103,428,5,-2962.98,USD,2024-01-24T09:16:37,Monthly fee,
3104,498,1,2239.98,USD,2023-10-16T09:23:12,Deposit,
3105,547,2,-783.26,USD,2025-08-18T23:17:01,ATM withdrawal,
3106,124,6,171.91,USD,2024-10-25T22:36:20,Interest credit,
3107,497,5,-4509.29,USD,2024-12-13T04:27:31,Monthly fee,
3108,542,2,-2799.73,USD,2024-06-21T11:37:33,ATM withdrawal,
3109,464,6,2624.54,USD,2022-04-01T14:36:35,Interest credit,
3110,71,1,4188.28,USD,2022-09-07T22:14:06,Deposit,
3111,315,6,2914.08,USD,2022-11-20T18:53:39,Interest credit,
3112,225,2,-4888.66,USD,2024-10-22T12:47:43,ATM withdrawal,
3113,222,5,-1793.46,USD,2024-09-21T05:14:24,Monthly fee,
3114,255,6,754.35,USD,2023-11-10T23:45:32,Interest credit,
3115,295,1,533.33,USD,2025-08-03T08:53:23,Deposit,
3116,499,5,-2642.86,USD,2024-07-29T07:57:34,Monthly fee,
3117,419,1,1838.27,USD,2025-11-19T14:19:20,Deposit,
3118,99,1,1670.04,USD,2023-08-24T14:52:04,Deposit,
3119,540,6,3739.91,USD,2022-02-08T20:02:01,Interest credit,
3120,204,1,4498.88,USD,2023-05-18T10:42:08,Deposit,
3121,487,5,-4855.76,USD,2024-08-07T20:11:33,Monthly fee,
3122,403,2,-648.7,USD,2025-07-02T09:51:53,ATM withdrawal,
3123,505,2,-2123.66,USD,2022-03-18T22:43:02,ATM withdrawal,
3124,152,5,-3600.81,USD,2025-12-03T11:41:22,Monthly fee,
3125,189,1,1482.03,USD,2024-04-06T20:06:29,Deposit,
3126,172,6,160.13,USD,2025-02-11T18:07:13,Interest credit,
3127,527,6,3902.65,USD,2022-09-14T03:31:43,Interest credit,
3128,135,2,-2016.87,USD,2024-06-07T19:24:27,ATM withdrawal,
3129,518,5,-3905.5,USD,2025-01-22T15:37:18,Monthly fee,
3130,249,1,2262.25,USD,2023-02-09T04:08:01,Deposit,
3131,418,2,-1397.34,USD,2025-12-19T17:01:29,ATM withdrawal,
3132,165,6,1424.98,USD,2023-11-19T16:43:23,Interest credit,
3133,394,2,-4282.38,USD,2022-09-19T16:31:47,ATM withdrawal,
3134,272,2,-4459.33,USD,2023-08-17T04:55:03,ATM withdrawal,
3135,339,1,818.41,USD,2022-04-24T18:53:00,Deposit,
3136,362,1,2798.35,USD,2023-03-08T22:54:44,Deposit,
3137,292,5,-288.95,USD,2024-07-14T07:23:00,Monthly fee,
3138,184,6,4554.18,USD,2025-03-09T05:21:44,Interest credit,
3139,166,6,344.28,USD,2024-01-31T02:23:54,Interest credit,
3140,262,1,2618.09,USD,2025-01-19T20:08:56,Deposit,
3141,183,6,164.84,USD,2022-10-20T02:55:13,Interest credit,
3142,440,1,1084.26,USD,2025-03-30T18:50:10,Deposit,
3143,214,2,-4656.27,USD,2025-04-16T21:32:45,ATM withdrawal,
3144,455,5,-4901.39,USD,2025-10-19T20:18:21,Monthly fee,
3145,98,2,-736.56,USD,2024-05-11T20:43:42,ATM withdrawal,
3146,3,6,4065.12,USD,2024-05-08T13:00:28,Interest credit,
3147,414,5,-1446.68,USD,2025-10-02T04:48:00,Monthly fee,
3148,465,1,2471.18,USD,2022-07-30T07:41:23,Deposit,
3149,160,2,-4542.26,USD,2022-06-30T05:35:39,ATM withdrawal,
3150,513,5,-589.02,USD,2024-11-06T23:27:47,Monthly fee,
3151,3,5,-1348.02,USD,2023-02-13T02:56:06,Monthly fee,
3152,169,6,4564.48,USD,2023-12-25T14:17:32,Interest credit,
3153,288,6,2011.38,USD,2024-10-09T09:24:45,Interest credit,
3154,334,5,-125.41,USD,2024-07-13T10:42:04,Monthly fee,
3155,274,2,-1276.31,USD,2023-11-20T08:32:09,ATM withdrawal,
3156,327,1,4732.45,USD,2024-01-17T23:48:04,Deposit,
3157,82,5,-1535.11,USD,2025-03-15T08:28:44,Monthly fee,
3158,383,1,3434.84,USD,2024-05-16T11:13:16,Deposit,
3159,176,5,-1504.99,USD,2022-11-09T04:48:32,Monthly fee,
3160,24,2,-3531.05,USD,2024-05-12T00:10:36,ATM withdrawal,
3161,492,5,-3875.11,USD,2022-02-19T10:29:38,Monthly fee,
3162,435,6,3348.06,USD,2023-02-09T06:48:22,Interest credit,
3163,167,1,503.52,USD,2025-02-01T19:29:25,Deposit,
3164,93,1,263.78,USD,2025-05-11T14:53:27,Deposit,
3165,206,1,821.84,USD,2024-11-27T13:27:55,Deposit,
3166,353,2,-1826.68,USD,2025-12-10T21:35:04,ATM withdrawal,
3167,363,6,3097.47,USD,2022-08-07T21:28:10,Interest credit,
3168,83,5,-2604.83,USD,2025-02-14T17:10:40,Monthly fee,
3169,242,5,-1727.56,USD,2025-10-02T11:06:01,Monthly fee,
3170,251,5,-2023.73,USD,2024-06-16T07:03:32,Monthly fee,
3171,7,5,-2717.1,USD,2022-01-09T16:05:11,Monthly fee,
3172,497,2,-4242.5,USD,2025-11-26T08:27:00,ATM withdrawal,
3173,43,1,3773.5,USD,2022-07-02T11:27:59,Deposit,
3174,426,2,-4702.51,USD,2022-09-04T23:51:04,ATM withdrawal,
3175,27,5,-2725.59,USD,2023-11-30T14:44:38,Monthly fee,
3176,197,2,-4168.06,USD,2024-11-26T03:56:09,ATM withdrawal,
3177,257,1,524.62,USD,2023-08-09T15:25:24,Deposit,
3178,408,5,-2743.19,USD,2024-06-02T02:53:21,Monthly fee,
3179,109,1,574.56,USD,2023-10-18T05:58:36,Deposit,
3180,454,1,2281.68,USD,2023-02-20T23:00:17,Deposit,
3181,193,1,4647.22,USD,2022-05-23T06:32:54,Deposit,
3182,456,5,-40.38,USD,2025-03-01T06:04:40,Monthly fee,
3183,3,6,3574.07,USD,2022-08-03T15:14:21,Interest credit,
3184,354,6,618.16,USD,2024-09-06T15:28:10,Interest credit,
3185,117,6,1913.92,USD,2023-08-15T01:57:50,Interest credit,
3186,81,6,4859.84,USD,2023-10-19T18:21:12,Interest credit,
3187,262,5,-1350.78,USD,2025-06-07T15:08:34,Monthly fee,
3188,32,2,-2477.27,USD,2023-10-19T18:22:52,ATM withdrawal,
3189,440,1,1961.67,USD,2024-12-31T19:52:35,Deposit,
3190,206,6,3351.07,USD,2022-02-05T03:19:35,Interest credit,
3191,128,1,4567.84,USD,2022-12-13T15:01:48,Deposit,
3192,245,6,4368.97,USD,2024-04-10T11:44:30,Interest credit,
3193,408,1,3709.24,USD,2022-03-30T11:08:52,Deposit,
3194,511,2,-951.77,USD,2024-10-18T11:19:58,ATM withdrawal,
3195,202,5,-1532.86,USD,2024-09-14T17:43:03,Monthly fee,
3196,122,5,-864.63,USD,2025-09-07T00:31:18,Monthly fee,
3197,547,6,2832.55,USD,2025-06-25T06:21:32,Interest credit,
3198,535,2,-2854.38,USD,2025-02-04T08:28:38,ATM withdrawal,
3199,115,6,4499.48,USD,2023-10-24T18:41:05,Interest credit,
3200,291,5,-1298.06,USD,2022-02-04T07:11:45,Monthly fee,
3201,201,1,749.76,USD,2025-07-23T16:41:56,Deposit,
3202,116,5,-4116.47,USD,2024-09-27T08:08:57,Monthly fee,
3203,337,1,1802.55,USD,2025-05-16T12:20:19,Deposit,
3204,339,2,-4021.87,USD,2023-03-21T14:44:11,ATM withdrawal,
3205,24,5,-576.44,USD,2024-11-05T18:12:38,Monthly fee,
3206,274,2,-1334.29,USD,2024-12-08T10:59:01,ATM withdrawal,
3207,297,1,62.09,USD,2022-02-10T12:31:00,Deposit,
3208,539,6,4935.94,USD,2022-09-16T08:01:32,Interest credit,
3209,131,2,-4719.28,USD,2023-03-18T20:59:03,ATM withdrawal,
3210,32,2,-2346.54,USD,2023-04-19T16:20:09,ATM withdrawal,
3211,183,5,-2472.35,USD,2022-10-19T22:25:43,Monthly fee,
3212,509,2,-339.17,USD,2022-12-10T11:31:57,ATM withdrawal,
3213,78,5,-2265.2,USD,2023-04-21T23:07:30,Monthly fee,
3214,337,2,-3968.82,USD,2023-04-10T19:28:34,ATM withdrawal,
3215,392,1,1106.95,USD,2022-08-27T16:55:17,Deposit,
3216,246,6,2680.88,USD,2022-11-24T18:32:41,Interest credit,
3217,193,2,-2061.56,USD,2022-06-01T18:21:28,ATM withdrawal,
3218,111,6,2741.52,USD,2023-03-02T00:03:44,Interest credit,
3219,199,1,3146.97,USD,2024-02-16T09:16:05,Deposit,
3220,330,6,2744.18,USD,2025-11-07T15:54:19,Interest credit,
3221,534,2,-3284.61,USD,2025-01-23T14:20:57,ATM withdrawal,
3222,550,2,-4577.36,USD,2025-10-31T06:48:06,ATM withdrawal,
3223,250,1,3729.61,USD,2022-09-23T02:20:45,Deposit,
3224,504,2,-4067.43,USD,2022-11-13T00:34:13,ATM withdrawal,
3225,421,1,4272.98,USD,2024-02-13T22:11:09,Deposit,
3226,516,6,2950.12,USD,2024-08-25T07:05:04,Interest credit,
3227,16,2,-297.74,USD,2023-08-27T16:53:07,ATM withdrawal,
3228,417,1,322.52,USD,2023-05-27T13:11:35,Deposit,
3229,379,6,3932.32,USD,2022-05-08T03:23:34,Interest credit,
3230,418,6,544.66,USD,2024-05-01T11:10:41,Interest credit,
3231,444,2,-4261.91,USD,2022-01-20T05:42:53,ATM withdrawal,
3232,417,6,3074.27,USD,2022-04-05T06:08:41,Interest credit,
3233,454,2,-2817.12,USD,2025-03-03T13:27:24,ATM withdrawal,
3234,183,1,2888.79,USD,2023-02-21T14:59:18,Deposit,
3235,69,2,-2727.94,USD,2023-03-05T23:37:59,ATM withdrawal,
3236,74,6,1727.52,USD,2024-02-14T15:13:48,Interest credit,
3237,348,1,3416.49,USD,2022-12-25T04:44:55,Deposit,
3238,11,5,-2472.0,USD,2025-10-15T22:49:14,Monthly fee,
3239,23,1,2966.09,USD,2023-06-24T18:43:01,Deposit,
3240,458,5,-4803.42,USD,2024-12-22T05:17:06,Monthly fee,
3241,219,2,-1765.96,USD,2024-08-15T04:01:30,ATM withdrawal,
3242,65,1,551.32,USD,2025-12-23T15:14:46,Deposit,
3243,284,2,-2341.18,USD,2022-12-21T01:33:36,ATM withdrawal,
3244,378,1,3076.63,USD,2025-09-06T03:23:50,Deposit,
3245,77,6,4205.43,USD,2025-09-18T17:50:37,Interest credit,
3246,517,6,666.92,USD,2022-02-09T13:34:26,Interest credit,
3247,493,2,-2053.48,USD,2023-07-17T07:40:34,ATM withdrawal,
3248,273,1,3845.51,USD,2022-12-01T07:22:37,Deposit,
3249,534,2,-4912.38,USD,2022-05-07T04:54:36,ATM withdrawal,
3250,43,1,4959.19,USD,2024-03-31T11:56:06,Deposit,
3251,372,1,2318.1,USD,2024-10-04T14:48:48,Deposit,
3252,164,2,-3355.76,USD,2023-03-05T21:27:25,ATM withdrawal,
3253,429,5,-2193.8,USD,2024-12-12T21:50:42,Monthly fee,
3254,299,6,4545.25,USD,2025-08-28T00:13:15,Interest credit,
3255,367,1,1335.05,USD,2024-10-31T22:03:44,Deposit,
3256,105,5,-3458.58,USD,2024-07-06T12:22:02,Monthly fee,
3257,403,1,1235.8,USD,2024-07-19T11:56:44,Deposit,
3258,514,5,-2045.41,USD,2025-09-24T06:53:58,Monthly fee,
3259,425,2,-4436.36,USD,2022-09-28T05:37:39,ATM withdrawal,
3260,126,5,-4940.07,USD,2025-07-23T10:44:31,Monthly fee,
3261,386,2,-3244.27,USD,2023-06-07T06:55:15,ATM withdrawal,
3262,510,1,873.48,USD,2024-04-27T07:02:27,Deposit,
3263,121,2,-4670.71,USD,2024-06-30T22:54:42,ATM withdrawal,
3264,479,1,1985.43,USD,2025-06-10T16:53:30,Deposit,
3265,548,1,4683.75,USD,2025-08-05T02:35:29,Deposit,
3266,68,6,4403.13,USD,2025-09-02T18:36:12,Interest credit,
3267,274,1,278.63,USD,2023-11-29T12:31:48,Deposit,
3268,169,5,-644.66,USD,2024-07-11T08:08:02,Monthly fee,
3269,454,5,-895.65,USD,2024-08-04T03:48:29,Monthly fee,
3270,65,2,-2198.52,USD,2023-12-04T12:51:19,ATM withdrawal,
3271,429,6,3732.64,USD,2022-08-19T08:52:14,Interest credit,
3272,423,5,-4661.38,USD,2025-03-22T07:53:24,Monthly fee,
3273,86,6,1577.4,USD,2025-05-09T00:56:32,Interest credit,
3274,526,6,3449.9,USD,2022-01-27T01:55:09,Interest credit,
3275,378,1,4628.54,USD,2025-02-12T05:35:07,Deposit,
3276,404,1,840.15,USD,2023-10-30T07:15:16,Deposit,
3277,299,1,4254.22,USD,2022-08-23T00:10:11,Deposit,
3278,35,1,1122.97,USD,2022-10-03T02:26:01,Deposit,
3279,143,2,-4595.82,USD,2025-06-06T06:29:00,ATM withdrawal,
3280,499,2,-4657.12,USD,2023-05-17T07:09:36,ATM withdrawal,
3281,201,2,-3326.64,USD,2022-04-17T00:09:51,ATM withdrawal,
3282,209,2,-2716.3,USD,2023-10-24T05:07:09,ATM withdrawal,
3283,275,1,208.88,USD,2022-10-10T04:17:06,Deposit,
3284,495,5,-3713.18,USD,2024-04-09T01:01:25,Monthly fee,
3285,276,2,-1256.96,USD,2025-11-15T13:38:01,ATM withdrawal,
3286,174,1,4322.83,USD,2022-12-25T14:25:37,Deposit,
3287,23,5,-4488.05,USD,2022-04-06T21:35:11,Monthly fee,
3288,17,2,-3869.89,USD,2024-06-05T23:55:39,ATM withdrawal,
3289,136,6,2757.56,USD,2025-10-25T19:31:10,Interest credit,
3290,340,2,-2885.59,USD,2023-01-23T22:57:31,ATM withdrawal,
3291,297,5,-1132.12,USD,2023-06-30T01:04:47,Monthly fee,
3292,191,6,2714.42,USD,2025-06-09T01:58:59,Interest credit,
3293,550,5,-2085.0,USD,2023-02-11T04:41:00,Monthly fee,
3294,422,5,-4782.69,USD,2023-04-10T03:09:16,Monthly fee,
3295,531,2,-3805.36,USD,2024-12-25T05:28:38,ATM withdrawal,
3296,51,6,3153.86,USD,2023-10-10T09:21:28,Interest credit,
3297,244,5,-3358.89,USD,2023-11-05T08:07:13,Monthly fee,
3298,139,2,-2182.94,USD,2022-05-28T13:11:53,ATM withdrawal,
3299,377,2,-1120.57,USD,2025-09-16T21:35:04,ATM withdrawal,
3300,473,2,-3426.81,USD,2023-01-29T22:40:16,ATM withdrawal,
3301,307,5,-728.36,USD,2022-01-31T08:22:49,Monthly fee,
3302,152,5,-732.23,USD,2022-05-02T11:10:26,Monthly fee,
3303,504,2,-2594.17,USD,2024-11-11T19:00:41,ATM withdrawal,
3304,463,6,3622.15,USD,2023-05-25T03:40:44,Interest credit,
3305,487,6,1146.35,USD,2025-09-21T19:21:18,Interest credit,
3306,43,1,4058.99,USD,2022-12-17T04:00:45,Deposit,
3307,163,6,3851.11,USD,2025-02-18T17:50:26,Interest credit,
3308,369,1,789.95,USD,2022-01-04T10:31:01,Deposit,
3309,164,6,957.0,USD,2022-02-12T21:14:33,Interest credit,
3310,188,1,276.28,USD,2025-10-04T01:13:37,Deposit,
3311,13,1,551.35,USD,2025-02-19T01:03:36,Deposit,
3312,178,2,-566.23,USD,2022-01-08T06:54:34,ATM withdrawal,
3313,543,6,2560.89,USD,2023-11-16T03:57:18,Interest credit,
3314,108,6,2521.19,USD,2022-11-25T13:23:18,Interest credit,
3315,57,1,4364.59,USD,2024-03-17T05:47:18,Deposit,
3316,143,5,-4612.45,USD,2024-01-21T11:58:14,Monthly fee,
3317,523,6,251.69,USD,2024-09-06T18:05:20,Interest credit,
3318,310,2,-4864.96,USD,2022-12-25T22:47:55,ATM withdrawal,
3319,53,5,-2747.54,USD,2023-02-13T04:45:33,Monthly fee,
3320,233,6,317.87,USD,2024-02-07T16:58:30,Interest credit,
3321,338,5,-1276.14,USD,2025-06-03T12:13:11,Monthly fee,
3322,272,2,-4987.93,USD,2024-03-13T12:03:19,ATM withdrawal,
3323,497,2,-2997.17,USD,2024-11-11T08:09:11,ATM withdrawal,
3324,25,1,77.67,USD,2023-08-21T07:50:06,Deposit,
3325,41,1,2172.28,USD,2022-05-05T19:28:46,Deposit,
3326,27,6,2298.5,USD,2022-04-03T08:46:15,Interest credit,
3327,12,2,-1368.85,USD,2025-06-15T06:59:22,ATM withdrawal,
3328,33,1,1858.08,USD,2022-12-25T06:14:49,Deposit,
3329,359,6,1420.97,USD,2023-12-31T03:35:48,Interest credit,
3330,126,2,-4686.83,USD,2023-05-28T05:43:34,ATM withdrawal,
3331,527,1,1814.68,USD,2025-09-09T08:28:46,Deposit,
3332,247,1,1632.44,USD,2024-08-08T18:58:41,Deposit,
3333,109,5,-3294.67,USD,2023-11-17T15:09:35,Monthly fee,
3334,495,6,2752.89,USD,2025-08-20T03:33:48,Interest credit,
3335,105,6,641.43,USD,2025-02-11T05:24:07,Interest credit,
3336,204,6,717.11,USD,2023-04-25T20:18:42,Interest credit,
3337,122,1,2318.39,USD,2025-10-05T20:12:44,Deposit,
3338,328,2,-763.66,USD,2024-01-09T09:17:46,ATM withdrawal,
3339,29,5,-3643.15,USD,2023-07-03T20:24:15,Monthly fee,
3340,144,1,2771.13,USD,2024-06-27T00:00:55,Deposit,
3341,401,2,-2149.24,USD,2024-05-13T03:53:02,ATM withdrawal,
3342,307,5,-4327.45,USD,2024-05-07T01:40:31,Monthly fee,
3343,505,6,3423.22,USD,2022-11-19T16:26:31,Interest credit,
3344,299,2,-1161.73,USD,2025-06-21T20:59:35,ATM withdrawal,
3345,534,5,-4100.79,USD,2022-11-15T10:48:50,Monthly fee,
3346,525,1,1537.66,USD,2025-09-05T12:44:10,Deposit,
3347,365,2,-1775.92,USD,2023-10-21T17:01:55,ATM withdrawal,
3348,254,1,3923.88,USD,2023-03-29T19:47:21,Deposit,
3349,221,1,4893.14,USD,2023-02-03T02:13:22,Deposit,
3350,133,1,1516.79,USD,2024-11-02T10:42:30,Deposit,
3351,347,1,2253.05,USD,2023-04-26T02:38:52,Deposit,
3352,190,6,648.87,USD,2025-04-18T14:49:44,Interest credit,
3353,253,1,1496.21,USD,2024-07-14T05:27:41,Deposit,
3354,377,5,-935.52,USD,2024-11-19T21:27:47,Monthly fee,
3355,403,1,4098.41,USD,2025-03-13T21:59:59,Deposit,
3356,270,6,4489.24,USD,2022-07-30T03:27:00,Interest credit,
3357,118,1,2425.53,USD,2025-09-27T10:58:10,Deposit,
3358,364,5,-3198.46,USD,2025-01-22T12:07:41,Monthly fee,
3359,338,1,4634.6,USD,2024-01-10T10:07:05,Deposit,
3360,51,1,4313.51,USD,2023-02-03T00:25:43,Deposit,
3361,119,5,-1481.45,USD,2022-07-11T01:20:29,Monthly fee,
3362,477,1,1242.8,USD,2024-08-03T03:13:48,Deposit,
3363,114,1,4546.88,USD,2025-04-14T09:40:08,Deposit,
3364,467,1,228.04,USD,2023-02-10T13:52:24,Deposit,
3365,442,1,2173.3,USD,2022-11-08T17:44:47,Deposit,
3366,484,1,3806.9,USD,2025-04-11T08:45:57,Deposit,
3367,345,6,4847.63,USD,2022-05-06T12:36:40,Interest credit,
3368,348,5,-3249.99,USD,2025-04-27T18:51:06,Monthly fee,
3369,339,2,-3766.41,USD,2023-06-30T05:30:44,ATM withdrawal,
3370,322,1,3040.97,USD,2022-07-28T12:51:40,Deposit,
3371,107,5,-989.88,USD,2025-07-05T21:56:57,Monthly fee,
3372,401,5,-1397.67,USD,2023-03-30T02:24:10,Monthly fee,
3373,227,1,4928.71,USD,2023-05-24T00:01:19,Deposit,
3374,360,2,-4335.26,USD,2022-03-30T16:48:10,ATM withdrawal,
3375,208,5,-21.62,USD,2025-06-21T12:32:34,Monthly fee,
3376,525,2,-338.14,USD,2023-08-16T18:25:12,ATM withdrawal,
3377,522,6,2479.91,USD,2025-01-14T08:58:52,Interest credit,
3378,272,5,-334.21,USD,2022-11-04T03:55:38,Monthly fee,
3379,69,6,3824.71,USD,2024-02-22T04:55:09,Interest credit,
3380,114,6,2715.22,USD,2025-04-11T09:08:57,Interest credit,
3381,423,1,986.77,USD,2022-01-30T00:48:46,Deposit,
3382,217,1,801.68,USD,2022-08-21T10:19:08,Deposit,
3383,361,5,-3502.71,USD,2024-11-04T07:49:37,Monthly fee,
3384,105,1,716.16,USD,2022-03-09T10:37:31,Deposit,
3385,14,1,936.64,USD,2023-06-19T21:17:57,Deposit,
3386,156,2,-1986.2,USD,2025-12-02T04:20:26,ATM withdrawal,
3387,502,2,-4923.58,USD,2023-01-03T22:10:38,ATM withdrawal,
3388,126,6,521.6,USD,2023-05-27T23:11:03,Interest credit,
3389,332,5,-4423.19,USD,2022-01-04T19:12:17,Monthly fee,
3390,235,6,3582.16,USD,2025-08-04T17:26:36,Interest credit,
3391,109,5,-2753.94,USD,2023-03-17T00:25:50,Monthly fee,
3392,420,5,-4299.01,USD,2024-03-23T21:36:12,Monthly fee,
3393,21,1,3623.33,USD,2025-05-30T01:15:32,Deposit,
3394,493,5,-3207.48,USD,2024-04-30T14:24:56,Monthly fee,
3395,83,2,-1333.28,USD,2025-02-13T04:14:12,ATM withdrawal,
3396,281,5,-1180.54,USD,2022-02-12T22:16:30,Monthly fee,
3397,93,5,-864.54,USD,2022-09-30T23:51:00,Monthly fee,
3398,356,1,3680.45,USD,2023-01-31T19:22:18,Deposit,
3399,101,5,-2848.51,USD,2022-08-16T13:07:41,Monthly fee,
3400,92,1,752.84,USD,2023-06-08T04:20:58,Deposit,
3401,422,1,4818.19,USD,2024-03-19T05:57:15,Deposit,
3402,138,6,3723.08,USD,2024-05-06T04:23:05,Interest credit,
3403,198,6,2387.05,USD,2024-08-28T12:42:38,Interest credit,
3404,5,5,-1810.68,USD,2025-05-15T00:55:32,Monthly fee,
3405,289,2,-542.21,USD,2023-03-20T08:19:26,ATM withdrawal,
3406,274,2,-291.92,USD,2024-07-11T09:59:38,ATM withdrawal,
3407,515,2,-240.98,USD,2024-08-29T20:25:32,ATM withdrawal,
3408,77,2,-2346.01,USD,2024-10-23T16:45:39,ATM withdrawal,
3409,1,1,3211.51,USD,2022-10-28T12:56:39,Deposit,
3410,362,1,4723.11,USD,2025-05-30T01:54:52,Deposit,
3411,430,2,-3033.79,USD,2023-09-16T09:09:01,ATM withdrawal,
3412,380,2,-4485.09,USD,2023-02-16T01:27:47,ATM withdrawal,
3413,346,6,4447.8,USD,2022-07-29T04:35:31,Interest credit,
3414,363,2,-1097.54,USD,2025-09-22T09:32:01,ATM withdrawal,
3415,20,1,985.66,USD,2024-06-14T01:52:58,Deposit,
3416,316,5,-2479.41,USD,2022-09-23T03:17:11,Monthly fee,
3417,345,5,-3697.1,USD,2025-01-03T05:29:06,Monthly fee,
3418,32,5,-1600.82,USD,2024-03-18T18:11:10,Monthly fee,
3419,437,2,-1784.66,USD,2025-02-24T22:55:19,ATM withdrawal,
3420,487,1,2408.02,USD,2022-11-16T03:30:55,Deposit,
3421,438,5,-3123.92,USD,2023-12-22T07:02:16,Monthly fee,
3422,275,2,-3849.05,USD,2022-06-27T20:56:39,ATM withdrawal,
3423,480,5,-4227.72,USD,2024-03-16T07:56:50,Monthly fee,
3424,370,1,2400.67,USD,2022-01-04T01:39:28,Deposit,
3425,294,1,2339.97,USD,2023-05-16T07:36:31,Deposit,
3426,223,5,-4991.72,USD,2022-02-20T18:00:57,Monthly fee,
3427,205,2,-4942.31,USD,2024-12-02T13:44:32,ATM withdrawal,
3428,247,5,-2879.3,USD,2023-06-07T22:24:39,Monthly fee,
3429,250,6,1884.88,USD,2024-03-07T07:37:04,Interest credit,
3430,52,1,2914.79,USD,2024-10-22T22:00:56,Deposit,
3431,489,2,-3141.8,USD,2022-07-13T16:37:49,ATM withdrawal,
3432,364,1,1363.53,USD,2022-05-12T19:31:44,Deposit,
3433,210,5,-4493.58,USD,2024-12-12T12:02:28,Monthly fee,
3434,91,6,3777.8,USD,2024-09-23T10:18:23,Interest credit,
3435,19,6,3188.13,USD,2024-01-14T22:25:32,Interest credit,
3436,438,1,1477.45,USD,2024-09-30T15:59:44,Deposit,
3437,55,1,437.73,USD,2025-07-14T06:35:50,Deposit,
3438,546,5,-2883.96,USD,2025-10-08T17:29:59,Monthly fee,
3439,74,1,1253.53,USD,2023-01-19T02:07:31,Deposit,
3440,57,5,-2906.7,USD,2023-08-25T12:24:37,Monthly fee,
3441,400,1,4870.17,USD,2023-06-14T21:30:37,Deposit,
3442,468,2,-4392.52,USD,2025-04-04T04:25:38,ATM withdrawal,
3443,274,1,1133.94,USD,2023-05-22T23:23:08,Deposit,
3444,364,5,-3158.82,USD,2025-07-18T21:01:22,Monthly fee,
3445,298,5,-1164.21,USD,2023-09-26T04:56:06,Monthly fee,
3446,293,2,-4100.28,USD,2025-11-11T13:47:26,ATM withdrawal,
3447,358,1,2793.9,USD,2025-04-30T18:49:58,Deposit,
3448,261,1,995.08,USD,2025-09-17T23:16:02,Deposit,
3449,143,1,2168.82,USD,2024-09-25T17:40:13,Deposit,
3450,218,2,-1901.53,USD,2022-09-08T00:01:14,ATM withdrawal,
3451,345,5,-2381.16,USD,2025-03-04T03:53:21,Monthly fee,
3452,380,1,1608.99,USD,2022-12-21T03:37:33,Deposit,
3453,200,6,3495.06,USD,2023-03-14T22:01:34,Interest credit,
3454,83,6,711.05,USD,2024-03-26T00:30:27,Interest credit,
3455,91,2,-1384.68,USD,2022-04-13T09:16:04,ATM withdrawal,
3456,341,6,2714.46,USD,2022-10-07T23:41:52,Interest credit,
3457,62,6,776.49,USD,2025-10-23T19:36:39,Interest credit,
3458,301,5,-4293.94,USD,2025-07-13T01:50:58,Monthly fee,
3459,124,2,-1928.23,USD,2023-01-07T18:14:48,ATM withdrawal,
3460,391,6,1263.21,USD,2024-11-03T20:26:23,Interest credit,
3461,420,1,160.53,USD,2022-12-04T23:11:37,Deposit,
3462,351,6,129.28,USD,2023-09-04T18:57:12,Interest credit,
3463,355,5,-1064.38,USD,2022-08-29T15:24:03,Monthly fee,
3464,492,6,1969.75,USD,2025-05-04T19:15:56,Interest credit,
3465,429,1,4633.37,USD,2024-01-04T05:02:37,Deposit,
3466,543,5,-1884.24,USD,2023-05-17T09:31:28,Monthly fee,
3467,479,5,-529.03,USD,2023-09-06T13:55:12,Monthly fee,
3468,224,5,-3402.19,USD,2022-09-09T19:02:05,Monthly fee,
3469,182,1,4956.64,USD,2025-04-02T02:19:12,Deposit,
3470,265,2,-3838.89,USD,2024-06-27T08:32:03,ATM withdrawal,
3471,70,5,-1801.74,USD,2024-07-26T05:03:22,Monthly fee,
3472,395,5,-687.21,USD,2024-07-21T02:38:08,Monthly fee,
3473,430,1,2322.94,USD,2022-03-14T20:03:36,Deposit,
3474,397,6,26.21,USD,2023-04-29T06:56:33,Interest credit,
3475,541,1,2146.8,USD,2024-07-30T07:49:53,Deposit,
3476,204,2,-4954.15,USD,2024-09-16T16:43:39,ATM withdrawal,
3477,82,6,758.66,USD,2023-11-24T05:35:47,Interest credit,
3478,109,5,-4463.15,USD,2022-07-16T06:27:38,Monthly fee,
3479,174,6,494.76,USD,2025-12-14T00:01:11,Interest credit,
3480,216,6,4280.01,USD,2022-02-02T08:14:04,Interest credit,
3481,213,5,-1777.97,USD,2025-11-24T11:04:26,Monthly fee,
3482,211,2,-896.03,USD,2025-06-03T19:28:43,ATM withdrawal,
3483,118,1,1854.86,USD,2023-10-21T08:44:39,Deposit,
3484,80,1,382.56,USD,2024-12-30T00:39:35,Deposit,
3485,93,6,2185.28,USD,2025-11-03T00:46:49,Interest credit,
3486,111,1,780.83,USD,2022-08-17T09:30:06,Deposit,
3487,273,2,-2761.07,USD,2023-08-30T01:06:50,ATM withdrawal,
3488,93,5,-4079.55,USD,2023-08-04T00:58:43,Monthly fee,
3489,207,2,-4670.54,USD,2025-06-08T13:53:37,ATM withdrawal,
3490,57,1,4398.52,USD,2024-07-29T01:21:20,Deposit,
3491,209,1,3103.22,USD,2022-10-03T23:31:28,Deposit,
3492,85,6,2927.19,USD,2024-04-20T17:56:12,Interest credit,
3493,61,1,2225.22,USD,2024-05-14T05:25:03,Deposit,
3494,260,2,-4453.0,USD,2024-09-09T21:19:23,ATM withdrawal,
3495,252,6,3000.96,USD,2025-08-15T12:39:52,Interest credit,
3496,427,2,-1983.68,USD,2025-11-09T01:45:25,ATM withdrawal,
3497,148,1,1538.0,USD,2024-07-09T19:40:23,Deposit,
3498,550,2,-213.61,USD,2023-04-05T10:03:01,ATM withdrawal,
3499,221,6,1924.11,USD,2022-03-22T01:11:52,Interest credit,
3500,532,5,-1641.8,USD,2023-03-04T17:55:17,Monthly fee,
3501,450,1,37.64,USD,2024-05-09T16:41:53,Deposit,
3502,506,2,-3888.59,USD,2024-08-16T07:27:28,ATM withdrawal,
3503,153,2,-3480.34,USD,2022-04-30T21:07:45,ATM withdrawal,
3504,32,5,-4627.11,USD,2025-03-28T14:22:42,Monthly fee,
3505,107,2,-157.69,USD,2022-12-06T00:53:31,ATM withdrawal,
3506,229,1,4190.17,USD,2022-06-09T12:12:18,Deposit,
3507,513,1,418.58,USD,2023-11-26T00:08:49,Deposit,
3508,474,2,-4755.94,USD,2023-11-08T20:28:50,ATM withdrawal,
3509,468,2,-2170.4,USD,2025-05-23T10:34:45,ATM withdrawal,
3510,317,2,-4521.04,USD,2022-08-19T22:10:31,ATM withdrawal,
3511,195,5,-2808.7,USD,2025-01-20T21:09:18,Monthly fee,
3512,200,5,-2629.69,USD,2022-11-10T04:33:58,Monthly fee,
3513,8,5,-2242.28,USD,2022-12-12T21:55:13,Monthly fee,
3514,395,2,-1189.32,USD,2022-06-18T13:45:06,ATM withdrawal,
3515,256,5,-3997.96,USD,2022-10-20T09:34:55,Monthly fee,
3516,352,5,-3912.05,USD,2022-12-28T10:25:32,Monthly fee,
3517,457,1,2629.2,USD,2022-03-24T12:44:53,Deposit,
3518,212,5,-4268.09,USD,2024-09-09T04:50:37,Monthly fee,
3519,516,2,-221.35,USD,2023-12-09T09:05:15,ATM withdrawal,
3520,480,2,-4968.95,USD,2022-12-31T19:06:11,ATM withdrawal,
3521,450,1,2000.51,USD,2023-08-04T07:07:40,Deposit,
3522,412,5,-4628.03,USD,2025-08-09T17:59:03,Monthly fee,
3523,62,6,2614.47,USD,2022-06-02T21:04:51,Interest credit,
3524,438,1,4365.76,USD,2025-07-12T01:55:54,Deposit,
3525,65,2,-728.26,USD,2022-08-06T04:22:34,ATM withdrawal,
3526,316,6,3837.74,USD,2023-04-30T16:29:51,Interest credit,
3527,319,5,-2534.21,USD,2025-11-23T07:48:41,Monthly fee,
3528,419,1,3515.52,USD,2022-12-08T10:02:36,Deposit,
3529,108,2,-1870.97,USD,2024-08-14T22:42:35,ATM withdrawal,
3530,94,2,-2352.33,USD,2023-07-02T05:51:52,ATM withdrawal,
3531,109,5,-3939.04,USD,2023-10-11T15:01:36,Monthly fee,
3532,384,2,-4313.06,USD,2022-05-05T08:25:51,ATM withdrawal,
3533,5,5,-3107.73,USD,2025-04-30T18:10:25,Monthly fee,
3534,123,1,126.92,USD,2023-09-03T09:46:58,Deposit,
3535,498,6,3346.51,USD,2022-08-12T22:52:18,Interest credit,
3536,273,2,-1478.79,USD,2023-12-13T01:05:14,ATM withdrawal,
3537,426,1,4157.39,USD,2023-09-19T21:49:58,Deposit,
3538,380,6,4019.76,USD,2023-06-12T22:44:23,Interest credit,
3539,173,2,-1583.02,USD,2024-11-15T19:29:08,ATM withdrawal,
3540,324,5,-20.32,USD,2024-01-18T04:17:04,Monthly fee,
3541,102,1,2599.92,USD,2025-08-09T02:20:19,Deposit,
3542,11,2,-866.91,USD,2025-11-03T21:12:18,ATM withdrawal,
3543,420,6,843.68,USD,2024-07-11T05:23:46,Interest credit,
3544,302,2,-1768.02,USD,2024-01-30T22:38:37,ATM withdrawal,
3545,325,6,938.76,USD,2023-03-01T09:33:47,Interest credit,
3546,384,5,-3304.66,USD,2022-04-09T04:15:43,Monthly fee,
3547,32,6,4708.53,USD,2025-05-03T12:43:29,Interest credit,
3548,162,6,1896.56,USD,2025-03-19T16:08:56,Interest credit,
3549,525,5,-3121.12,USD,2023-07-05T01:26:08,Monthly fee,
3550,55,5,-4981.73,USD,2023-03-25T09:07:00,Monthly fee,
3551,156,2,-3592.06,USD,2022-02-05T03:50:42,ATM withdrawal,
3552,201,1,3711.68,USD,2022-05-23T07:08:24,Deposit,
3553,248,2,-2990.61,USD,2025-02-05T13:32:19,ATM withdrawal,
3554,418,6,2086.26,USD,2024-04-08T15:12:17,Interest credit,
3555,525,1,4346.98,USD,2025-11-03T07:57:36,Deposit,
3556,89,2,-845.82,USD,2022-06-17T19:00:16,ATM withdrawal,
3557,198,6,167.02,USD,2023-10-11T13:36:03,Interest credit,
3558,275,2,-2067.99,USD,2025-12-07T09:44:46,ATM withdrawal,
3559,261,5,-3623.29,USD,2025-09-17T12:48:39,Monthly fee,
3560,267,5,-692.61,USD,2022-05-16T22:04:00,Monthly fee,
3561,421,6,75.94,USD,2025-06-04T20:02:23,Interest credit,
3562,214,1,1150.43,USD,2024-04-19T20:05:55,Deposit,
3563,347,1,3163.4,USD,2025-02-11T14:06:02,Deposit,
3564,264,1,3384.05,USD,2023-09-18T08:59:27,Deposit,
3565,268,6,1148.12,USD,2025-03-27T17:37:09,Interest credit,
3566,145,5,-197.23,USD,2022-05-15T09:46:16,Monthly fee,
3567,497,1,3483.65,USD,2025-09-09T10:40:31,Deposit,
3568,225,5,-2534.82,USD,2023-11-12T08:07:27,Monthly fee,
3569,250,1,2559.09,USD,2022-11-24T14:59:22,Deposit,
3570,40,1,2069.8,USD,2025-10-13T18:53:10,Deposit,
3571,106,5,-952.04,USD,2025-09-02T00:43:58,Monthly fee,
3572,16,5,-4597.15,USD,2025-12-19T13:45:30,Monthly fee,
3573,293,1,3873.36,USD,2024-07-01T19:53:48,Deposit,
3574,57,2,-3384.2,USD,2023-04-25T01:56:15,ATM withdrawal,
3575,241,6,1791.42,USD,2025-08-05T21:53:47,Interest credit,
3576,524,1,3880.56,USD,2025-12-10T00:44:06,Deposit,
3577,140,1,2299.64,USD,2025-06-04T18:45:18,Deposit,
3578,291,5,-4386.87,USD,2022-05-24T17:04:13,Monthly fee,
3579,261,1,310.95,USD,2025-05-05T00:27:07,Deposit,
3580,398,1,4143.8,USD,2025-01-17T10:13:26,Deposit,
3581,79,1,2074.53,USD,2022-02-27T14:25:55,Deposit,
3582,387,6,4903.3,USD,2023-01-15T10:45:33,Interest credit,
3583,126,2,-2376.86,USD,2022-08-04T15:30:15,ATM withdrawal,
3584,162,6,2697.07,USD,2023-11-01T22:56:41,Interest credit,
3585,507,1,306.61,USD,2023-12-07T23:08:32,Deposit,
3586,298,1,2049.63,USD,2025-09-16T22:35:51,Deposit,
3587,435,2,-372.94,USD,2024-10-21T11:23:08,ATM withdrawal,
3588,325,6,2293.56,USD,2025-12-12T15:34:28,Interest credit,
3589,3,5,-4501.52,USD,2023-09-08T03:58:05,Monthly fee,
3590,434,6,2982.85,USD,2022-07-11T02:58:22,Interest credit,
3591,213,5,-108.83,USD,2025-07-31T10:09:49,Monthly fee,
3592,312,2,-2125.24,USD,2025-05-17T19:26:42,ATM withdrawal,
3593,442,6,2058.75,USD,2024-05-24T19:50:36,Interest credit,
3594,11,1,4932.01,USD,2025-02-16T05:32:51,Deposit,
3595,122,6,4109.69,USD,2022-01-25T08:07:48,Interest credit,
3596,250,6,2953.2,USD,2025-12-23T20:27:17,Interest credit,
3597,43,5,-4568.94,USD,2024-09-12T01:13:35,Monthly fee,
3598,241,5,-479.27,USD,2023-05-04T02:56:06,Monthly fee,
3599,75,5,-1785.12,USD,2025-07-29T15:03:04,Monthly fee,
3600,228,1,4655.02,USD,2025-09-10T15:32:19,Deposit,
3601,21,2,-3752.44,USD,2023-12-11T12:00:43,ATM withdrawal,
3602,297,2,-4604.2,USD,2022-02-20T03:12:02,ATM withdrawal,
3603,155,2,-987.72,USD,2025-08-01T07:41:22,ATM withdrawal,
3604,278,1,1236.71,USD,2024-07-12T02:14:54,Deposit,
3605,204,5,-4823.48,USD,2023-05-31T15:10:40,Monthly fee,
3606,479,1,658.31,USD,2022-08-16T19:24:58,Deposit,
3607,321,6,1164.69,USD,2024-01-28T02:20:42,Interest credit,
3608,295,6,245.31,USD,2024-02-29T13:03:28,Interest credit,
3609,446,6,1335.17,USD,2022-07-04T04:17:13,Interest credit,
3610,297,6,3210.81,USD,2025-02-24T07:16:33,Interest credit,
3611,335,5,-2965.99,USD,2023-11-30T03:43:21,Monthly fee,
3612,502,1,129.14,USD,2024-11-09T07:09:27,Deposit,
3613,483,2,-2028.36,USD,2024-06-08T07:47:57,ATM withdrawal,
3614,61,1,2197.94,USD,2025-05-28T16:40:09,Deposit,
3615,93,1,3076.23,USD,2025-07-01T05:31:35,Deposit,
3616,250,2,-902.47,USD,2023-11-12T19:46:44,ATM withdrawal,
3617,385,2,-4467.51,USD,2023-10-14T03:04:27,ATM withdrawal,
3618,80,1,4909.72,USD,2024-02-26T11:05:20,Deposit,
3619,97,2,-2578.36,USD,2022-12-17T05:26:09,ATM withdrawal,
3620,202,6,3817.57,USD,2024-11-12T17:14:52,Interest credit,
3621,282,6,4231.26,USD,2023-11-10T04:02:46,Interest credit,
3622,310,2,-4440.2,USD,2022-10-25T12:52:43,ATM withdrawal,
3623,478,1,3687.15,USD,2024-11-01T16:23:05,Deposit,
3624,364,6,2886.18,USD,2022-03-19T19:19:53,Interest credit,
3625,528,6,4420.08,USD,2024-12-18T16:51:08,Interest credit,
3626,83,6,2671.01,USD,2024-10-14T12:26:06,Interest credit,
3627,372,5,-1790.87,USD,2024-11-28T23:00:42,Monthly fee,
3628,438,1,4593.57,USD,2024-06-22T01:01:05,Deposit,
3629,221,6,1572.16,USD,2022-10-29T05:00:04,Interest credit,
3630,432,2,-1808.36,USD,2024-03-17T19:06:15,ATM withdrawal,
3631,415,5,-3229.6,USD,2023-01-09T21:51:21,Monthly fee,
3632,365,6,2720.73,USD,2022-12-29T03:45:10,Interest credit,
3633,133,5,-1044.24,USD,2023-10-21T08:52:06,Monthly fee,
3634,268,2,-189.5,USD,2025-07-31T18:16:11,ATM withdrawal,
3635,406,6,4568.67,USD,2024-03-29T06:57:09,Interest credit,
3636,334,1,1774.94,USD,2022-07-06T01:45:16,Deposit,
3637,230,1,2713.06,USD,2023-08-20T10:14:05,Deposit,
3638,35,1,857.5,USD,2025-06-02T01:18:28,Deposit,
3639,381,5,-3503.13,USD,2024-09-11T13:38:05,Monthly fee,
3640,477,1,4766.97,USD,2023-12-08T18:20:04,Deposit,
3641,520,5,-4892.07,USD,2025-04-03T22:06:30,Monthly fee,
3642,154,5,-2367.81,USD,2022-06-25T04:28:07,Monthly fee,
3643,156,6,859.47,USD,2023-09-15T02:38:52,Interest credit,
3644,499,2,-4064.13,USD,2023-04-25T06:03:27,ATM withdrawal,
3645,373,5,-4825.75,USD,2025-06-25T14:49:25,Monthly fee,
3646,72,2,-1782.28,USD,2022-09-26T22:08:00,ATM withdrawal,
3647,158,2,-4601.37,USD,2024-06-27T19:27:06,ATM withdrawal,
3648,502,6,4754.21,USD,2022-02-26T01:05:52,Interest credit,
3649,177,1,2757.49,USD,2023-12-03T22:04:28,Deposit,
3650,187,5,-2732.54,USD,2025-12-28T19:35:15,Monthly fee,
3651,227,1,463.63,USD,2024-11-11T18:27:35,Deposit,
3652,252,5,-1515.1,USD,2024-01-25T04:43:20,Monthly fee,
3653,407,5,-109.65,USD,2024-03-02T00:40:21,Monthly fee,
3654,406,5,-4510.57,USD,2022-10-08T19:00:03,Monthly fee,
3655,524,5,-4737.72,USD,2025-03-24T02:21:31,Monthly fee,
3656,183,6,4668.58,USD,2022-01-07T13:44:15,Interest credit,
3657,423,2,-766.68,USD,2025-01-04T05:55:49,ATM withdrawal,
3658,166,5,-65.77,USD,2023-05-16T16:25:20,Monthly fee,
3659,196,1,650.79,USD,2023-10-10T17:17:33,Deposit,
3660,272,2,-4954.88,USD,2025-03-16T08:05:33,ATM withdrawal,
3661,280,5,-1384.34,USD,2024-06-02T22:48:10,Monthly fee,
3662,46,5,-4286.22,USD,2023-01-19T09:21:46,Monthly fee,
3663,512,6,937.72,USD,2023-01-29T02:51:15,Interest credit,
3664,167,1,542.78,USD,2024-11-09T01:32:55,Deposit,
3665,164,2,-4312.19,USD,2025-01-16T01:29:17,ATM withdrawal,
3666,220,5,-3831.05,USD,2025-08-14T14:53:11,Monthly fee,
3667,47,2,-4612.65,USD,2022-06-22T21:27:21,ATM withdrawal,
3668,126,5,-4401.96,USD,2024-05-24T20:54:29,Monthly fee,
3669,243,2,-2197.07,USD,2022-05-30T01:29:08,ATM withdrawal,
3670,450,6,3297.51,USD,2025-02-14T22:44:31,Interest credit,
3671,428,5,-4812.44,USD,2025-05-26T15:15:09,Monthly fee,
3672,298,6,139.3,USD,2025-09-20T15:48:58,Interest credit,
3673,37,5,-91.86,USD,2022-10-06T22:05:06,Monthly fee,
3674,141,5,-57.46,USD,2024-01-28T16:52:55,Monthly fee,
3675,224,6,3563.66,USD,2022-12-12T10:49:04,Interest credit,
3676,470,1,3191.48,USD,2023-07-27T20:59:52,Deposit,
3677,362,5,-3246.74,USD,2022-10-30T12:56:29,Monthly fee,
3678,262,6,2840.21,USD,2023-04-29T09:19:12,Interest credit,
3679,183,2,-4964.45,USD,2025-02-02T06:28:53,ATM withdrawal,
3680,175,1,4647.02,USD,2022-01-17T05:43:31,Deposit,
3681,216,2,-632.06,USD,2022-03-04T09:19:35,ATM withdrawal,
3682,296,1,3214.11,USD,2022-01-25T08:22:13,Deposit,
3683,308,5,-1375.31,USD,2023-01-14T05:31:46,Monthly fee,
3684,137,1,2470.05,USD,2024-09-18T05:17:49,Deposit,
3685,249,2,-1315.61,USD,2024-07-06T05:43:01,ATM withdrawal,
3686,272,5,-1437.71,USD,2024-09-28T12:58:51,Monthly fee,
3687,150,2,-1685.7,USD,2024-01-23T18:38:19,ATM withdrawal,
3688,296,2,-3736.85,USD,2024-10-13T11:36:24,ATM withdrawal,
3689,374,5,-2978.85,USD,2024-10-05T13:49:56,Monthly fee,
3690,257,1,4826.25,USD,2022-02-20T00:32:51,Deposit,
3691,450,1,270.18,USD,2022-10-28T07:21:49,Deposit,
3692,113,6,2820.93,USD,2022-08-10T16:11:42,Interest credit,
3693,271,5,-4179.81,USD,2024-03-02T21:18:37,Monthly fee,
3694,330,6,4412.51,USD,2024-02-25T21:42:21,Interest credit,
3695,412,6,61.21,USD,2025-09-22T00:31:27,Interest credit,
3696,145,5,-3996.0,USD,2023-10-03T02:57:15,Monthly fee,
3697,62,6,563.77,USD,2022-10-16T14:46:14,Interest credit,
3698,300,5,-4124.29,USD,2025-05-11T21:19:39,Monthly fee,
3699,306,1,3842.62,USD,2023-08-15T22:19:10,Deposit,
3700,447,5,-3380.66,USD,2025-04-05T20:20:14,Monthly fee,
3701,451,1,1843.9,USD,2023-12-21T08:39:18,Deposit,
3702,85,5,-2563.66,USD,2023-09-22T08:38:07,Monthly fee,
3703,350,1,869.71,USD,2022-11-18T23:38:21,Deposit,
3704,69,5,-3312.69,USD,2025-02-25T19:28:24,Monthly fee,
3705,528,1,378.52,USD,2025-12-09T10:22:00,Deposit,
3706,535,1,1553.77,USD,2022-05-07T16:28:27,Deposit,
3707,121,5,-2328.44,USD,2025-02-09T00:03:19,Monthly fee,
3708,517,6,4686.97,USD,2025-03-27T01:33:42,Interest credit,
3709,14,2,-1887.53,USD,2024-10-16T23:32:09,ATM withdrawal,
3710,165,5,-2867.93,USD,2025-05-18T07:19:08,Monthly fee,
3711,512,5,-4518.65,USD,2024-07-09T16:18:29,Monthly fee,
3712,329,2,-825.51,USD,2022-05-11T11:21:04,ATM withdrawal,
3713,324,6,932.54,USD,2025-07-29T09:39:39,Interest credit,
3714,240,6,702.69,USD,2025-05-16T10:51:58,Interest credit,
3715,139,1,1365.97,USD,2022-03-11T03:25:03,Deposit,
3716,296,2,-4163.36,USD,2023-04-17T23:55:31,ATM withdrawal,
3717,380,6,3456.09,USD,2023-01-10T18:32:19,Interest credit,
3718,400,5,-2546.22,USD,2023-12-01T14:26:01,Monthly fee,
3719,380,1,3292.83,USD,2023-10-22T15:23:38,Deposit,
3720,483,5,-3557.82,USD,2025-06-23T05:52:36,Monthly fee,
3721,85,1,3110.16,USD,2022-03-25T11:17:32,Deposit,
3722,258,6,3631.44,USD,2022-12-20T18:59:05,Interest credit,
3723,548,2,-1807.47,USD,2022-04-16T11:34:57,ATM withdrawal,
3724,203,1,2222.1,USD,2025-01-20T04:43:52,Deposit,
3725,2,5,-1259.01,USD,2022-10-06T12:01:09,Monthly fee,
3726,286,5,-634.14,USD,2022-09-05T02:30:45,Monthly fee,
3727,234,5,-3074.18,USD,2022-11-12T23:28:16,Monthly fee,
3728,256,6,2800.38,USD,2023-09-24T17:23:02,Interest credit,
3729,454,1,337.79,USD,2025-12-05T09:08:51,Deposit,
3730,179,2,-1624.95,USD,2023-10-12T23:01:17,ATM withdrawal,
3731,314,1,1860.53,USD,2025-12-22T03:03:52,Deposit,
3732,442,2,-166.24,USD,2025-08-13T01:09:00,ATM withdrawal,
3733,117,1,4458.67,USD,2023-06-10T02:09:23,Deposit,
3734,523,6,3443.45,USD,2023-08-21T19:41:25,Interest credit,
3735,1,2,-3214.77,USD,2023-10-04T01:39:10,ATM withdrawal,
3736,32,1,530.0,USD,2025-01-14T16:20:21,Deposit,
3737,168,6,429.79,USD,2022-10-14T16:49:44,Interest credit,
3738,140,6,205.8,USD,2024-02-11T03:08:23,Interest credit,
3739,131,6,2904.77,USD,2024-04-11T00:16:02,Interest credit,
3740,187,6,553.01,USD,2025-11-16T06:49:00,Interest credit,
3741,120,1,252.98,USD,2025-10-02T08:37:53,Deposit,
3742,359,2,-1714.26,USD,2023-06-19T01:55:00,ATM withdrawal,
3743,217,5,-3345.84,USD,2022-08-18T21:46:35,Monthly fee,
3744,522,2,-1389.99,USD,2023-10-10T15:24:53,ATM withdrawal,
3745,291,5,-2215.83,USD,2025-09-16T18:58:29,Monthly fee,
3746,159,6,3498.57,USD,2025-09-28T23:37:40,Interest credit,
3747,73,1,2029.25,USD,2025-11-15T23:05:26,Deposit,
3748,265,6,1912.9,USD,2025-10-05T20:13:11,Interest credit,
3749,446,6,1119.93,USD,2025-12-18T23:05:32,Interest credit,
3750,139,6,2519.66,USD,2025-08-06T14:24:34,Interest credit,
3751,154,5,-1855.51,USD,2025-07-31T09:32:53,Monthly fee,
3752,327,1,1972.65,USD,2023-01-09T13:14:21,Deposit,
3753,451,5,-1485.43,USD,2024-11-10T09:21:11,Monthly fee,
3754,307,1,4134.19,USD,2023-06-29T03:26:34,Deposit,
3755,202,2,-605.3,USD,2023-06-28T05:07:42,ATM withdrawal,
3756,316,6,895.0,USD,2023-05-02T16:02:55,Interest credit,
3757,195,2,-2254.98,USD,2023-10-30T10:19:17,ATM withdrawal,
3758,9,2,-2425.47,USD,2023-08-29T02:57:59,ATM withdrawal,
3759,178,5,-1122.82,USD,2022-01-13T23:21:33,Monthly fee,
3760,164,1,3595.69,USD,2024-09-02T19:53:00,Deposit,
3761,268,2,-1927.39,USD,2025-10-17T13:06:43,ATM withdrawal,
3762,251,6,3248.62,USD,2024-05-01T06:19:40,Interest credit,
3763,535,5,-666.03,USD,2025-01-06T10:43:09,Monthly fee,
3764,323,1,1042.03,USD,2025-11-03T03:59:09,Deposit,
3765,27,1,1139.1,USD,2022-12-11T23:30:47,Deposit,
3766,408,5,-1845.95,USD,2025-03-12T12:20:40,Monthly fee,
3767,161,1,3701.71,USD,2024-09-02T15:55:46,Deposit,
3768,18,1,841.09,USD,2022-08-19T01:20:36,Deposit,
3769,218,1,4021.66,USD,2022-04-22T12:19:51,Deposit,
3770,126,6,2499.57,USD,2022-02-14T05:47:05,Interest credit,
3771,309,2,-4023.07,USD,2025-07-06T19:03:50,ATM withdrawal,
3772,479,2,-1382.87,USD,2022-07-25T00:29:29,ATM withdrawal,
3773,137,5,-3384.22,USD,2022-09-25T03:51:02,Monthly fee,
3774,347,2,-287.02,USD,2024-05-30T22:00:55,ATM withdrawal,
3775,524,5,-988.88,USD,2025-07-24T04:53:39,Monthly fee,
3776,93,2,-1873.13,USD,2023-01-27T18:49:52,ATM withdrawal,
3777,279,1,3423.19,USD,2022-08-29T16:53:49,Deposit,
3778,496,2,-2341.4,USD,2022-12-23T19:12:14,ATM withdrawal,
3779,85,6,1724.82,USD,2022-05-24T06:27:12,Interest credit,
3780,119,1,1818.88,USD,2024-02-19T20:38:51,Deposit,
3781,358,5,-4500.75,USD,2025-05-02T21:04:47,Monthly fee,
3782,470,1,4744.99,USD,2025-02-09T10:58:21,Deposit,
3783,506,6,1183.47,USD,2022-09-11T23:45:27,Interest credit,
3784,189,5,-1117.62,USD,2024-05-24T08:01:41,Monthly fee,
3785,177,2,-2256.85,USD,2025-03-21T06:58:03,ATM withdrawal,
3786,274,5,-3568.44,USD,2025-11-20T14:57:17,Monthly fee,
3787,100,2,-3077.14,USD,2025-02-12T13:01:46,ATM withdrawal,
3788,255,6,2403.62,USD,2025-03-04T00:54:21,Interest credit,
3789,266,2,-1598.24,USD,2023-03-25T02:30:40,ATM withdrawal,
3790,25,2,-2469.41,USD,2024-09-20T05:06:52,ATM withdrawal,
3791,469,6,3632.38,USD,2025-01-10T14:32:09,Interest credit,
3792,398,5,-50.45,USD,2025-07-06T06:05:47,Monthly fee,
3793,176,2,-1868.39,USD,2023-08-04T16:47:14,ATM withdrawal,
3794,446,6,787.09,USD,2023-04-11T19:24:31,Interest credit,
3795,116,2,-4806.01,USD,2023-03-18T18:21:12,ATM withdrawal,
3796,6,2,-358.03,USD,2023-11-21T18:22:11,ATM withdrawal,
3797,160,2,-4516.52,USD,2025-04-28T20:53:14,ATM withdrawal,
3798,109,5,-2989.66,USD,2025-09-18T21:05:02,Monthly fee,
3799,366,1,2724.4,USD,2023-11-18T01:41:30,Deposit,
3800,494,2,-823.85,USD,2022-07-27T01:46:35,ATM withdrawal,
3801,115,6,46.28,USD,2024-11-24T19:35:21,Interest credit,
3802,50,1,4584.98,USD,2023-03-28T16:35:53,Deposit,
3803,103,1,3722.58,USD,2023-03-30T04:57:02,Deposit,
3804,238,6,114.41,USD,2024-03-20T00:12:14,Interest credit,
3805,506,5,-2818.96,USD,2024-03-31T02:10:25,Monthly fee,
3806,2,6,665.87,USD,2024-10-25T01:59:30,Interest credit,
3807,256,5,-4189.51,USD,2024-05-29T19:24:38,Monthly fee,
3808,3,1,244.29,USD,2023-03-19T02:36:48,Deposit,
3809,247,6,2907.74,USD,2025-07-29T23:46:43,Interest credit,
3810,517,1,1356.64,USD,2024-04-05T00:00:31,Deposit,
3811,84,5,-2933.47,USD,2023-03-18T10:39:44,Monthly fee,
3812,164,1,889.33,USD,2023-03-07T21:50:03,Deposit,
3813,317,6,2650.4,USD,2022-03-11T10:20:49,Interest credit,
3814,48,1,1490.02,USD,2023-07-24T07:00:06,Deposit,
3815,107,1,3133.34,USD,2024-05-29T15:01:50,Deposit,
3816,354,1,690.94,USD,2022-05-31T01:30:20,Deposit,
3817,252,5,-991.57,USD,2025-10-22T09:43:56,Monthly fee,
3818,172,2,-2136.72,USD,2025-10-02T06:59:49,ATM withdrawal,
3819,491,5,-1865.78,USD,2023-06-27T19:06:08,Monthly fee,
3820,184,6,3965.27,USD,2023-09-28T05:19:36,Interest credit,
3821,84,5,-3906.93,USD,2023-11-16T19:25:07,Monthly fee,
3822,520,5,-4158.2,USD,2023-10-23T20:50:34,Monthly fee,
3823,347,5,-3663.47,USD,2023-04-02T19:35:59,Monthly fee,
3824,248,1,423.4,USD,2024-05-22T03:11:30,Deposit,
3825,146,5,-907.18,USD,2022-09-23T16:54:05,Monthly fee,
3826,68,5,-4175.09,USD,2022-02-10T14:07:26,Monthly fee,
3827,545,2,-4798.29,USD,2022-10-24T03:57:31,ATM withdrawal,
3828,115,1,1398.95,USD,2024-08-09T10:13:02,Deposit,
3829,94,5,-3893.58,USD,2022-04-27T10:22:28,Monthly fee,
3830,38,1,1380.09,USD,2025-09-11T00:09:49,Deposit,
3831,454,6,2264.77,USD,2025-06-24T21:58:36,Interest credit,
3832,128,2,-1375.08,USD,2023-07-17T00:17:58,ATM withdrawal,
3833,145,2,-646.92,USD,2022-12-13T00:02:38,ATM withdrawal,
3834,339,5,-412.39,USD,2024-11-06T09:08:50,Monthly fee,
3835,480,6,2371.81,USD,2023-08-30T04:26:15,Interest credit,
3836,235,2,-4853.25,USD,2023-02-19T05:22:26,ATM withdrawal,
3837,186,1,4404.1,USD,2025-07-18T14:17:05,Deposit,
3838,319,1,3549.76,USD,2024-01-26T03:27:58,Deposit,
3839,132,6,2338.49,USD,2022-11-07T19:04:25,Interest credit,
3840,127,6,2943.89,USD,2023-07-26T18:53:26,Interest credit,
3841,90,6,4388.49,USD,2024-03-21T08:35:28,Interest credit,
3842,516,2,-286.33,USD,2025-09-12T18:54:21,ATM withdrawal,
3843,154,1,2495.43,USD,2024-08-25T00:17:50,Deposit,
3844,394,5,-2664.21,USD,2023-02-18T21:54:29,Monthly fee,
3845,83,5,-1055.08,USD,2022-05-04T06:31:26,Monthly fee,
3846,195,1,2437.27,USD,2023-07-24T16:06:45,Deposit,
3847,419,6,1266.38,USD,2022-07-31T04:07:47,Interest credit,
3848,185,6,764.36,USD,2025-03-01T13:29:14,Interest credit,
3849,304,6,1589.73,USD,2023-01-26T20:06:30,Interest credit,
3850,302,1,4866.93,USD,2024-05-20T20:16:29,Deposit,
3851,347,6,121.18,USD,2025-05-27T03:21:29,Interest credit,
3852,377,5,-4953.1,USD,2024-02-04T14:39:27,Monthly fee,
3853,123,5,-3778.6,USD,2025-02-19T05:14:17,Monthly fee,
3854,141,2,-303.51,USD,2024-06-15T16:32:27,ATM withdrawal,
3855,129,2,-1247.48,USD,2023-10-30T07:54:17,ATM withdrawal,
3856,184,2,-600.86,USD,2025-08-11T04:45:35,ATM withdrawal,
3857,430,6,3469.07,USD,2025-09-12T15:13:10,Interest credit,
3858,336,6,263.25,USD,2025-03-27T22:15:55,Interest credit,
3859,289,6,1787.2,USD,2024-02-04T19:32:38,Interest credit,
3860,251,5,-1304.92,USD,2022-11-08T23:32:02,Monthly fee,
3861,102,5,-3373.01,USD,2025-06-20T09:23:04,Monthly fee,
3862,450,6,2961.35,USD,2025-12-03T03:31:04,Interest credit,
3863,356,5,-4091.62,USD,2025-04-13T08:36:54,Monthly fee,
3864,328,1,1868.18,USD,2025-11-01T12:08:59,Deposit,
3865,245,6,3355.07,USD,2024-06-23T13:35:10,Interest credit,
3866,444,2,-2229.27,USD,2025-12-09T00:24:32,ATM withdrawal,
3867,334,6,1255.62,USD,2024-01-18T04:51:04,Interest credit,
3868,337,6,4399.56,USD,2023-08-14T17:39:21,Interest credit,
3869,391,6,1629.77,USD,2023-07-30T13:18:13,Interest credit,
3870,523,6,3433.37,USD,2023-03-21T00:47:28,Interest credit,
3871,5,1,1409.61,USD,2024-04-18T13:03:46,Deposit,
3872,371,2,-671.2,USD,2024-04-20T23:06:53,ATM withdrawal,
3873,140,5,-2428.34,USD,2023-02-05T00:21:10,Monthly fee,
3874,4,6,1342.64,USD,2022-02-23T23:36:04,Interest credit,
3875,82,6,3694.05,USD,2022-01-29T12:27:36,Interest credit,
3876,235,5,-1487.45,USD,2024-11-10T19:06:45,Monthly fee,
3877,24,2,-3934.66,USD,2022-06-28T03:16:46,ATM withdrawal,
3878,30,1,1574.87,USD,2024-12-29T03:25:31,Deposit,
3879,199,2,-1163.77,USD,2025-11-11T18:57:29,ATM withdrawal,
3880,2,5,-3068.54,USD,2024-11-25T06:20:26,Monthly fee,
3881,243,2,-2378.91,USD,2022-04-07T06:25:04,ATM withdrawal,
3882,226,2,-2524.27,USD,2025-08-10T23:31:21,ATM withdrawal,
3883,141,5,-2344.04,USD,2025-01-19T15:22:59,Monthly fee,
3884,186,6,1333.49,USD,2024-06-15T19:43:31,Interest credit,
3885,504,5,-691.77,USD,2023-09-15T04:06:29,Monthly fee,
3886,93,1,2080.26,USD,2023-07-01T22:38:55,Deposit,
3887,341,2,-4273.46,USD,2024-02-14T06:58:59,ATM withdrawal,
3888,318,5,-3266.37,USD,2023-10-04T19:59:02,Monthly fee,
3889,334,2,-4334.19,USD,2024-01-18T20:43:52,ATM withdrawal,
3890,278,1,1381.33,USD,2025-07-18T10:45:07,Deposit,
3891,68,5,-567.68,USD,2022-01-22T02:00:35,Monthly fee,
3892,548,6,4072.2,USD,2022-12-10T12:36:43,Interest credit,
3893,18,5,-4454.56,USD,2023-09-22T14:06:12,Monthly fee,
3894,506,2,-2961.63,USD,2024-02-10T22:24:27,ATM withdrawal,
3895,383,1,3249.31,USD,2023-02-15T15:45:00,Deposit,
3896,196,5,-2478.31,USD,2023-03-30T22:06:49,Monthly fee,
3897,190,5,-4134.34,USD,2025-06-28T15:02:31,Monthly fee,
3898,360,1,1476.56,USD,2025-07-09T15:26:31,Deposit,
3899,318,1,291.47,USD,2022-11-10T17:25:31,Deposit,
3900,257,1,2078.95,USD,2022-03-03T14:15:48,Deposit,
3901,93,5,-231.18,USD,2023-07-07T15:34:35,Monthly fee,
3902,144,5,-1815.75,USD,2025-11-07T13:06:11,Monthly fee,
3903,171,5,-250.57,USD,2024-12-01T04:35:50,Monthly fee,
3904,463,2,-2211.69,USD,2023-08-17T01:24:19,ATM withdrawal,
3905,511,1,2665.57,USD,2024-07-01T01:16:18,Deposit,
3906,84,6,3325.11,USD,2024-09-14T22:12:01,Interest credit,
3907,155,6,3482.98,USD,2024-01-13T20:34:31,Interest credit,
3908,263,2,-4396.55,USD,2022-10-20T23:00:22,ATM withdrawal,
3909,48,1,4814.54,USD,2025-05-01T21:17:42,Deposit,
3910,223,6,1683.37,USD,2024-05-27T23:00:52,Interest credit,
3911,501,5,-1398.11,USD,2023-12-08T08:45:43,Monthly fee,
3912,192,2,-1061.13,USD,2024-06-14T00:26:49,ATM withdrawal,
3913,257,2,-3883.22,USD,2024-06-27T04:37:43,ATM withdrawal,
3914,438,2,-791.42,USD,2022-08-01T10:08:36,ATM withdrawal,
3915,370,6,399.48,USD,2024-07-13T20:02:32,Interest credit,
3916,537,5,-4073.51,USD,2025-01-17T23:45:07,Monthly fee,
3917,524,2,-2163.58,USD,2025-05-21T21:46:40,ATM withdrawal,
3918,15,5,-425.74,USD,2023-01-11T11:56:19,Monthly fee,
3919,496,2,-1493.85,USD,2023-02-22T06:02:48,ATM withdrawal,
3920,202,5,-1700.72,USD,2025-11-20T23:18:53,Monthly fee,
3921,5,5,-961.51,USD,2024-11-03T18:59:18,Monthly fee,
3922,253,6,4317.91,USD,2024-05-10T22:18:31,Interest credit,
3923,40,5,-1551.44,USD,2024-08-26T03:50:37,Monthly fee,
3924,409,1,1128.34,USD,2025-11-16T21:43:53,Deposit,
3925,48,6,2983.18,USD,2024-09-11T22:03:30,Interest credit,
3926,127,2,-99.68,USD,2024-10-26T00:56:09,ATM withdrawal,
3927,521,6,2657.7,USD,2022-11-23T15:44:08,Interest credit,
3928,274,5,-4791.86,USD,2024-05-02T18:21:12,Monthly fee,
3929,380,1,2493.37,USD,2024-08-10T03:55:07,Deposit,
3930,522,2,-719.22,USD,2023-05-23T03:28:09,ATM withdrawal,
3931,238,6,3614.7,USD,2023-02-23T04:56:52,Interest credit,
3932,39,1,233.38,USD,2022-08-03T19:21:38,Deposit,
3933,307,1,2612.0,USD,2025-11-16T15:16:39,Deposit,
3934,364,1,1093.27,USD,2023-06-05T13:28:01,Deposit,
3935,377,6,4440.46,USD,2023-02-17T12:42:17,Interest credit,
3936,116,5,-305.59,USD,2022-12-25T05:24:38,Monthly fee,
3937,357,6,4030.42,USD,2022-12-26T23:00:39,Interest credit,
3938,279,5,-3525.62,USD,2024-03-14T02:49:46,Monthly fee,
3939,58,2,-2633.34,USD,2022-11-01T06:36:32,ATM withdrawal,
3940,300,2,-2378.95,USD,2022-09-14T03:04:32,ATM withdrawal,
3941,210,1,2776.62,USD,2025-11-21T10:56:05,Deposit,
3942,494,5,-3270.77,USD,2022-03-10T19:41:30,Monthly fee,
3943,170,1,1297.53,USD,2025-12-19T12:50:53,Deposit,
3944,101,2,-271.99,USD,2023-07-30T02:08:48,ATM withdrawal,
3945,143,5,-207.18,USD,2024-04-30T18:35:41,Monthly fee,
3946,244,2,-324.4,USD,2023-06-08T22:41:44,ATM withdrawal,
3947,283,5,-4933.43,USD,2025-07-11T13:54:53,Monthly fee,
3948,433,2,-417.03,USD,2024-04-18T17:54:31,ATM withdrawal,
3949,7,5,-3713.08,USD,2022-06-10T03:23:07,Monthly fee,
3950,430,6,2920.97,USD,2023-10-05T06:39:08,Interest credit,
3951,88,1,4235.43,USD,2022-08-10T21:08:18,Deposit,
3952,403,5,-3286.67,USD,2025-09-12T17:03:28,Monthly fee,
3953,52,6,272.11,USD,2024-08-09T15:15:01,Interest credit,
3954,244,2,-4640.52,USD,2022-12-30T05:33:09,ATM withdrawal,
3955,124,1,694.75,USD,2023-12-19T04:12:17,Deposit,
3956,539,5,-4381.21,USD,2024-07-26T22:45:06,Monthly fee,
3957,242,2,-4406.94,USD,2022-11-30T10:28:05,ATM withdrawal,
3958,450,6,3001.83,USD,2024-11-20T11:02:25,Interest credit,
3959,314,1,2972.69,USD,2024-07-20T22:31:14,Deposit,
3960,134,1,1089.05,USD,2022-01-26T15:57:57,Deposit,
3961,120,5,-2893.24,USD,2024-12-06T14:02:53,Monthly fee,
3962,209,6,4956.48,USD,2024-12-20T22:16:49,Interest credit,
3963,285,5,-2372.08,USD,2024-04-12T21:29:27,Monthly fee,
3964,220,1,3743.28,USD,2022-09-04T22:13:43,Deposit,
3965,103,2,-3087.85,USD,2023-03-06T05:11:46,ATM withdrawal,
3966,233,5,-3745.32,USD,2025-09-25T17:02:52,Monthly fee,
3967,43,1,1765.37,USD,2024-05-26T14:07:23,Deposit,
3968,385,6,1054.58,USD,2024-12-26T22:20:27,Interest credit,
3969,530,1,3967.58,USD,2022-03-14T18:40:54,Deposit,
3970,504,2,-1319.75,USD,2025-10-14T05:39:03,ATM withdrawal,
3971,284,5,-58.37,USD,2024-01-09T15:13:08,Monthly fee,
3972,419,6,996.51,USD,2024-01-05T13:09:43,Interest credit,
3973,366,6,743.34,USD,2023-02-22T15:01:37,Interest credit,
3974,97,5,-1557.57,USD,2025-09-21T20:34:33,Monthly fee,
3975,257,5,-4128.03,USD,2023-03-09T02:43:48,Monthly fee,
3976,439,1,1447.43,USD,2024-03-05T21:48:02,Deposit,
3977,112,2,-1024.82,USD,2024-10-10T14:10:56,ATM withdrawal,
3978,401,2,-2980.37,USD,2024-10-31T14:22:03,ATM withdrawal,
3979,303,5,-1167.11,USD,2025-12-14T21:09:57,Monthly fee,
3980,543,2,-4129.24,USD,2023-09-12T17:23:51,ATM withdrawal,
3981,525,1,702.0,USD,2023-11-01T14:25:39,Deposit,
3982,384,2,-3015.77,USD,2024-09-03T04:22:06,ATM withdrawal,
3983,30,6,2189.88,USD,2022-06-26T14:10:34,Interest credit,
3984,331,5,-4523.32,USD,2024-12-29T18:23:41,Monthly fee,
3985,336,2,-2991.97,USD,2023-07-29T11:12:17,ATM withdrawal,
3986,355,2,-1040.75,USD,2024-12-10T23:23:10,ATM withdrawal,
3987,113,5,-2056.38,USD,2022-09-12T02:58:45,Monthly fee,
3988,82,1,4862.16,USD,2024-01-25T11:38:45,Deposit,
3989,474,5,-927.84,USD,2023-05-20T08:06:15,Monthly fee,
3990,150,5,-811.45,USD,2025-11-16T05:32:39,Monthly fee,
3991,218,6,1591.05,USD,2025-06-14T11:26:20,Interest credit,
3992,284,5,-3459.62,USD,2024-04-14T00:14:22,Monthly fee,
3993,414,6,616.68,USD,2024-10-06T06:36:46,Interest credit,
3994,386,5,-326.32,USD,2024-03-20T21:40:46,Monthly fee,
3995,347,6,4846.17,USD,2024-09-17T14:38:16,Interest credit,
3996,99,2,-17.71,USD,2023-01-25T04:23:56,ATM withdrawal,
3997,525,6,1884.77,USD,2024-09-17T00:11:05,Interest credit,
3998,422,6,142.61,USD,2022-05-14T04:57:45,Interest credit,
3999,446,6,3500.06,USD,2022-08-13T15:13:35,Interest credit,
4000,140,2,-1029.51,USD,2025-05-22T15:06:13,ATM withdrawal,
4001,25,2,-3166.78,USD,2024-09-14T02:42:22,ATM withdrawal,
4002,91,2,-4373.2,USD,2023-03-23T04:27:37,ATM withdrawal,
4003,41,1,2718.18,USD,2025-07-09T06:50:26,Deposit,
4004,252,6,1878.31,USD,2023-01-02T15:49:19,Interest credit,
4005,165,1,2701.01,USD,2024-03-30T01:02:11,Deposit,
4006,105,1,4583.54,USD,2025-10-29T09:52:04,Deposit,
4007,414,5,-4950.1,USD,2025-08-16T14:39:26,Monthly fee,
4008,534,2,-1283.41,USD,2025-05-14T07:08:12,ATM withdrawal,
4009,84,6,4880.55,USD,2023-06-18T17:45:19,Interest credit,
4010,517,6,3605.93,USD,2022-08-19T11:09:51,Interest credit,
4011,14,2,-486.32,USD,2023-09-05T14:23:19,ATM withdrawal,
4012,530,1,3973.45,USD,2022-06-24T15:19:31,Deposit,
4013,252,2,-3685.07,USD,2024-05-19T19:18:31,ATM withdrawal,
4014,116,2,-4531.74,USD,2023-07-30T19:39:33,ATM withdrawal,
4015,362,6,4384.32,USD,2024-08-07T04:22:23,Interest credit,
4016,253,6,1583.25,USD,2025-11-03T11:20:25,Interest credit,
4017,6,5,-4937.67,USD,2022-12-30T06:12:33,Monthly fee,
4018,142,5,-541.75,USD,2025-04-11T03:55:14,Monthly fee,
4019,26,6,2714.42,USD,2023-04-08T03:45:52,Interest credit,
4020,187,2,-4552.55,USD,2023-12-03T01:15:16,ATM withdrawal,
4021,88,2,-4475.22,USD,2025-06-13T01:31:47,ATM withdrawal,
4022,47,6,2327.37,USD,2023-12-31T02:20:10,Interest credit,
4023,374,6,913.26,USD,2024-09-28T01:00:32,Interest credit,
4024,481,1,974.85,USD,2022-12-24T19:37:57,Deposit,
4025,82,1,4215.5,USD,2022-08-20T17:56:44,Deposit,
4026,183,6,3030.99,USD,2023-09-15T01:23:41,Interest credit,
4027,514,2,-2462.57,USD,2023-07-27T11:38:39,ATM withdrawal,
4028,536,6,1776.46,USD,2025-06-27T17:37:34,Interest credit,
4029,183,1,2740.1,USD,2024-12-09T05:17:48,Deposit,
4030,326,5,-4540.39,USD,2022-01-30T06:40:06,Monthly fee,
4031,442,2,-4140.25,USD,2024-09-18T23:53:15,ATM withdrawal,
4032,213,5,-2971.93,USD,2025-04-17T17:20:29,Monthly fee,
4033,355,1,665.94,USD,2022-12-28T23:22:52,Deposit,
4034,208,6,2098.05,USD,2025-04-15T16:19:33,Interest credit,
4035,147,2,-3361.51,USD,2022-07-05T01:44:17,ATM withdrawal,
4036,135,1,3297.95,USD,2022-07-08T20:02:05,Deposit,
4037,355,6,1112.2,USD,2025-04-04T03:33:47,Interest credit,
4038,43,6,1743.4,USD,2025-07-06T15:24:41,Interest credit,
4039,285,5,-3105.06,USD,2025-09-19T05:09:54,Monthly fee,
4040,201,2,-169.63,USD,2024-10-20T09:10:57,ATM withdrawal,
4041,196,2,-2749.06,USD,2023-05-16T02:49:44,ATM withdrawal,
4042,41,5,-2872.41,USD,2025-02-23T17:03:26,Monthly fee,
4043,306,5,-190.15,USD,2023-02-17T14:08:04,Monthly fee,
4044,217,6,2154.3,USD,2025-12-28T23:45:07,Interest credit,
4045,381,2,-3675.44,USD,2022-11-29T05:17:37,ATM withdrawal,
4046,444,2,-2611.66,USD,2024-01-22T12:38:28,ATM withdrawal,
4047,98,6,3005.51,USD,2022-06-10T14:56:20,Interest credit,
4048,377,5,-4076.08,USD,2023-05-12T06:02:32,Monthly fee,
4049,111,5,-3382.53,USD,2022-05-22T20:14:01,Monthly fee,
4050,40,1,205.98,USD,2023-11-13T17:40:37,Deposit,
4051,116,1,4278.82,USD,2023-06-04T08:50:14,Deposit,
4052,307,2,-1258.86,USD,2025-09-19T08:04:21,ATM withdrawal,
4053,397,1,970.33,USD,2024-01-10T09:52:24,Deposit,
4054,386,2,-2815.0,USD,2024-06-22T06:52:32,ATM withdrawal,
4055,472,5,-2180.22,USD,2025-10-17T13:07:53,Monthly fee,
4056,75,1,3907.94,USD,2025-05-27T09:41:40,Deposit,
4057,6,5,-3743.09,USD,2022-05-28T04:30:08,Monthly fee,
4058,314,1,3068.87,USD,2024-10-08T11:01:09,Deposit,
4059,522,6,994.19,USD,2025-02-07T02:28:16,Interest credit,
4060,358,5,-3085.13,USD,2025-12-05T11:26:11,Monthly fee,
4061,480,5,-2205.41,USD,2024-07-12T21:29:35,Monthly fee,
4062,202,2,-365.87,USD,2024-12-15T23:24:28,ATM withdrawal,
4063,209,2,-3532.84,USD,2022-10-31T12:20:57,ATM withdrawal,
4064,443,2,-2261.01,USD,2022-04-22T01:18:20,ATM withdrawal,
4065,67,6,3882.77,USD,2024-01-01T19:04:20,Interest credit,
4066,71,6,4734.95,USD,2025-01-14T23:09:28,Interest credit,
4067,238,2,-3456.4,USD,2023-11-26T01:11:07,ATM withdrawal,
4068,314,2,-503.21,USD,2022-10-03T02:39:38,ATM withdrawal,
4069,535,2,-1102.8,USD,2024-06-25T04:09:16,ATM withdrawal,
4070,136,2,-986.95,USD,2023-08-24T08:47:51,ATM withdrawal,
4071,146,1,4535.8,USD,2022-09-05T05:09:46,Deposit,
4072,245,1,789.77,USD,2023-11-24T06:42:00,Deposit,
4073,4,6,4874.72,USD,2023-04-06T04:18:54,Interest credit,
4074,281,5,-4414.82,USD,2023-07-24T01:58:21,Monthly fee,
4075,104,2,-3312.72,USD,2024-07-06T09:40:34,ATM withdrawal,
4076,459,1,1791.57,USD,2023-06-07T16:00:02,Deposit,
4077,367,6,3708.94,USD,2023-11-05T04:52:36,Interest credit,
4078,260,5,-3081.17,USD,2022-04-18T18:44:36,Monthly fee,
4079,532,2,-3977.86,USD,2023-02-08T23:08:56,ATM withdrawal,
4080,90,5,-1035.13,USD,2025-09-25T05:33:55,Monthly fee,
4081,188,2,-1220.88,USD,2022-04-10T02:32:26,ATM withdrawal,
4082,111,6,863.36,USD,2025-08-01T09:22:24,Interest credit,
4083,56,1,2291.4,USD,2024-06-22T04:41:05,Deposit,
4084,66,2,-3280.96,USD,2025-02-08T09:31:40,ATM withdrawal,
4085,63,5,-276.53,USD,2022-12-10T15:16:56,Monthly fee,
4086,202,1,3420.96,USD,2022-04-19T23:44:14,Deposit,
4087,526,2,-3972.69,USD,2025-06-17T23:56:23,ATM withdrawal,
4088,377,2,-1911.95,USD,2023-04-07T02:22:46,ATM withdrawal,
4089,474,2,-2282.43,USD,2022-03-30T07:35:45,ATM withdrawal,
4090,549,5,-2256.97,USD,2022-09-21T20:26:00,Monthly fee,
4091,210,2,-947.42,USD,2024-02-11T00:27:12,ATM withdrawal,
4092,354,1,3919.76,USD,2024-06-16T20:54:00,Deposit,
4093,140,2,-3748.02,USD,2024-07-25T10:02:56,ATM withdrawal,
4094,540,1,86.92,USD,2023-05-16T10:08:55,Deposit,
4095,107,6,4966.37,USD,2022-12-30T04:36:26,Interest credit,
4096,366,2,-4966.18,USD,2022-08-01T03:36:33,ATM withdrawal,
4097,429,5,-3675.31,USD,2024-08-30T02:12:14,Monthly fee,
4098,285,1,2599.9,USD,2022-11-23T19:06:44,Deposit,
4099,386,6,4468.77,USD,2024-02-14T05:20:54,Interest credit,
4100,220,6,3984.49,USD,2022-05-27T06:42:33,Interest credit,
4101,99,5,-2572.43,USD,2024-12-12T12:31:53,Monthly fee,
4102,482,6,372.87,USD,2022-03-03T18:55:02,Interest credit,
4103,249,2,-3266.27,USD,2022-11-28T00:59:28,ATM withdrawal,
4104,408,2,-1824.08,USD,2024-09-13T06:05:24,ATM withdrawal,
4105,380,6,4670.88,USD,2022-11-05T17:20:36,Interest credit,
4106,86,6,4971.9,USD,2022-05-22T11:34:41,Interest credit,
4107,155,1,3104.15,USD,2022-02-04T00:15:51,Deposit,
4108,439,6,2340.86,USD,2023-11-02T17:02:40,Interest credit,
4109,186,6,1152.42,USD,2024-09-29T14:38:39,Interest credit,
4110,462,2,-356.91,USD,2023-12-11T16:55:39,ATM withdrawal,
4111,195,6,1625.39,USD,2023-08-07T20:33:21,Interest credit,
4112,525,6,2607.73,USD,2025-01-12T15:44:14,Interest credit,
4113,190,5,-2383.17,USD,2023-09-28T07:14:34,Monthly fee,
4114,480,2,-4798.5,USD,2023-01-24T08:48:06,ATM withdrawal,
4115,260,2,-2969.73,USD,2025-03-27T19:42:59,ATM withdrawal,
4116,112,1,2863.83,USD,2024-05-12T23:49:55,Deposit,
4117,514,6,936.24,USD,2022-08-20T03:55:57,Interest credit,
4118,244,6,1824.0,USD,2024-05-27T09:32:34,Interest credit,
4119,463,2,-173.35,USD,2024-10-13T19:56:29,ATM withdrawal,
4120,172,2,-2811.46,USD,2022-11-09T16:49:05,ATM withdrawal,
4121,526,2,-1988.5,USD,2025-11-03T18:41:23,ATM withdrawal,
4122,296,1,308.03,USD,2022-02-28T07:58:33,Deposit,
4123,15,1,901.46,USD,2025-02-27T04:57:16,Deposit,
4124,297,6,3743.79,USD,2023-02-13T01:10:36,Interest credit,
4125,457,2,-4152.39,USD,2025-04-04T10:37:36,ATM withdrawal,
4126,158,6,3746.17,USD,2022-04-06T06:14:51,Interest credit,
4127,163,1,1169.47,USD,2024-12-15T06:53:38,Deposit,
4128,44,6,3494.37,USD,2024-12-24T08:52:02,Interest credit,
4129,59,5,-461.74,USD,2024-02-28T06:36:14,Monthly fee,
4130,375,1,4087.87,USD,2022-01-03T07:38:38,Deposit,
4131,314,2,-3672.63,USD,2025-12-05T02:12:55,ATM withdrawal,
4132,193,1,1027.2,USD,2023-09-27T04:10:34,Deposit,
4133,343,1,2768.92,USD,2022-12-01T09:14:08,Deposit,
4134,379,6,1699.58,USD,2025-12-25T18:18:44,Interest credit,
4135,302,6,3501.22,USD,2023-08-25T11:23:26,Interest credit,
4136,8,2,-4510.87,USD,2024-03-27T11:17:20,ATM withdrawal,
4137,252,1,3188.11,USD,2024-09-05T09:15:19,Deposit,
4138,480,6,1855.86,USD,2023-08-26T20:15:09,Interest credit,
4139,487,2,-990.14,USD,2025-04-10T19:38:24,ATM withdrawal,
4140,57,5,-4291.46,USD,2022-12-20T01:41:27,Monthly fee,
4141,121,1,772.7,USD,2024-07-20T23:00:17,Deposit,
4142,219,6,2872.12,USD,2023-12-18T00:59:35,Interest credit,
4143,289,2,-949.52,USD,2024-08-04T04:16:06,ATM withdrawal,
4144,463,5,-2942.46,USD,2025-06-10T14:35:10,Monthly fee,
4145,496,6,3039.29,USD,2022-07-23T15:43:07,Interest credit,
4146,429,5,-729.41,USD,2025-09-02T23:47:51,Monthly fee,
4147,498,5,-4974.22,USD,2024-08-17T10:43:04,Monthly fee,
4148,472,6,2456.47,USD,2023-09-20T04:23:07,Interest credit,
4149,46,1,2166.61,USD,2025-08-25T16:34:30,Deposit,
4150,456,1,340.68,USD,2024-03-17T15:16:42,Deposit,
4151,504,6,1708.42,USD,2023-03-20T02:24:09,Interest credit,
4152,479,6,218.41,USD,2024-02-17T18:39:38,Interest credit,
4153,379,5,-424.59,USD,2023-08-09T01:15:50,Monthly fee,
4154,155,2,-4412.85,USD,2022-11-03T09:29:21,ATM withdrawal,
4155,247,6,4718.63,USD,2024-04-11T17:43:00,Interest credit,
4156,167,5,-2050.91,USD,2025-11-20T09:51:23,Monthly fee,
4157,325,5,-1858.93,USD,2022-05-31T03:51:46,Monthly fee,
4158,499,5,-1593.92,USD,2025-04-06T11:32:13,Monthly fee,
4159,541,2,-471.36,USD,2023-12-16T14:01:37,ATM withdrawal,
4160,370,6,1536.14,USD,2022-10-10T22:38:22,Interest credit,
4161,413,6,925.52,USD,2022-01-07T16:20:20,Interest credit,
4162,283,5,-1105.37,USD,2024-04-22T09:17:37,Monthly fee,
4163,232,6,1531.99,USD,2024-09-18T18:00:44,Interest credit,
4164,518,6,3717.68,USD,2025-12-30T13:34:35,Interest credit,
4165,209,5,-4201.01,USD,2022-07-21T13:37:31,Monthly fee,
4166,124,5,-2190.38,USD,2024-03-23T23:44:53,Monthly fee,
4167,148,5,-2785.59,USD,2024-03-26T07:45:13,Monthly fee,
4168,345,1,4016.8,USD,2024-12-11T13:09:45,Deposit,
4169,415,5,-2344.17,USD,2024-09-30T17:35:03,Monthly fee,
4170,211,6,3999.34,USD,2024-02-22T13:06:29,Interest credit,
4171,468,2,-308.39,USD,2025-07-28T00:10:14,ATM withdrawal,
4172,115,2,-3022.76,USD,2022-11-26T01:01:05,ATM withdrawal,
4173,286,5,-161.49,USD,2024-06-05T04:18:58,Monthly fee,
4174,305,5,-5.53,USD,2022-02-24T19:02:14,Monthly fee,
4175,480,2,-4387.18,USD,2023-09-14T14:10:19,ATM withdrawal,
4176,154,5,-1126.23,USD,2023-12-23T12:57:37,Monthly fee,
4177,428,1,1597.25,USD,2025-01-07T01:35:09,Deposit,
4178,207,1,150.06,USD,2024-08-11T18:38:11,Deposit,
4179,515,5,-1966.83,USD,2025-04-01T10:59:21,Monthly fee,
4180,350,6,1269.86,USD,2022-12-19T04:25:00,Interest credit,
4181,546,1,4661.43,USD,2024-07-05T11:38:29,Deposit,
4182,4,1,4115.8,USD,2022-07-08T18:00:32,Deposit,
4183,44,5,-4845.02,USD,2025-05-13T23:58:19,Monthly fee,
4184,45,5,-440.36,USD,2024-02-03T16:18:33,Monthly fee,
4185,536,2,-4464.66,USD,2024-11-03T22:04:56,ATM withdrawal,
4186,190,1,3775.76,USD,2025-09-13T20:11:29,Deposit,
4187,168,5,-4034.48,USD,2024-11-04T03:41:04,Monthly fee,
4188,284,1,2151.86,USD,2025-03-05T10:02:49,Deposit,
4189,413,5,-4476.17,USD,2023-01-24T03:14:11,Monthly fee,
4190,348,1,1647.86,USD,2022-10-11T18:29:16,Deposit,
4191,135,6,2058.7,USD,2024-08-16T03:41:38,Interest credit,
4192,46,2,-973.28,USD,2023-01-21T22:24:35,ATM withdrawal,
4193,153,6,2654.21,USD,2022-05-07T17:45:50,Interest credit,
4194,471,1,2491.53,USD,2025-04-08T09:31:10,Deposit,
4195,56,5,-4514.63,USD,2022-09-30T18:05:46,Monthly fee,
4196,507,6,1763.79,USD,2022-03-11T17:24:14,Interest credit,
4197,148,6,2288.05,USD,2024-03-26T18:50:52,Interest credit,
4198,258,2,-624.87,USD,2022-12-06T09:40:02,ATM withdrawal,
4199,397,1,3263.73,USD,2023-05-18T12:26:33,Deposit,
4200,332,6,102.13,USD,2022-08-27T03:33:23,Interest credit,
4201,233,5,-2121.84,USD,2022-09-15T07:04:53,Monthly fee,
4202,404,5,-888.07,USD,2022-09-08T19:53:27,Monthly fee,
4203,249,5,-1993.08,USD,2022-06-11T00:43:42,Monthly fee,
4204,458,5,-3430.44,USD,2024-12-03T12:01:28,Monthly fee,
4205,550,6,4675.33,USD,2025-01-16T02:10:18,Interest credit,
4206,37,5,-2402.37,USD,2025-10-09T18:09:55,Monthly fee,
4207,395,2,-3454.17,USD,2025-10-02T22:17:32,ATM withdrawal,
4208,243,6,3945.28,USD,2022-06-28T12:03:25,Interest credit,
4209,68,5,-236.3,USD,2025-09-09T06:55:59,Monthly fee,
4210,336,1,2937.97,USD,2023-12-19T14:14:02,Deposit,
4211,1,6,1466.26,USD,2024-01-15T04:17:33,Interest credit,
4212,238,5,-2708.19,USD,2025-09-06T02:05:56,Monthly fee,
4213,317,5,-88.0,USD,2024-03-31T09:20:14,Monthly fee,
4214,219,5,-3524.15,USD,2025-05-02T23:58:20,Monthly fee,
4215,418,2,-4723.67,USD,2022-01-27T03:14:33,ATM withdrawal,
4216,348,6,4547.06,USD,2023-06-23T13:33:57,Interest credit,
4217,294,1,3510.48,USD,2025-12-21T11:58:42,Deposit,
4218,141,2,-2721.92,USD,2022-12-06T09:32:30,ATM withdrawal,
4219,301,2,-715.33,USD,2024-04-24T05:41:39,ATM withdrawal,
4220,520,2,-1570.12,USD,2025-07-01T10:41:21,ATM withdrawal,
4221,87,1,4768.34,USD,2023-07-20T22:57:53,Deposit,
4222,33,6,2613.14,USD,2023-07-13T01:00:48,Interest credit,
4223,5,6,2372.21,USD,2023-08-07T14:44:59,Interest credit,
4224,98,1,4763.5,USD,2022-11-05T01:52:42,Deposit,
4225,111,1,3773.62,USD,2024-06-10T21:58:47,Deposit,
4226,150,2,-4353.92,USD,2022-04-07T23:22:23,ATM withdrawal,
4227,401,5,-583.88,USD,2025-05-01T22:37:41,Monthly fee,
4228,6,2,-2912.1,USD,2025-09-04T21:43:29,ATM withdrawal,
4229,10,6,3725.9,USD,2022-03-19T09:39:09,Interest credit,
4230,178,1,77.0,USD,2023-11-05T13:04:42,Deposit,
4231,165,1,2985.39,USD,2025-07-25T18:37:30,Deposit,
4232,358,2,-1819.06,USD,2023-05-29T15:42:03,ATM withdrawal,
4233,452,2,-1823.89,USD,2025-04-27T09:17:29,ATM withdrawal,
4234,131,5,-496.78,USD,2022-09-27T22:07:54,Monthly fee,
4235,136,1,2753.75,USD,2024-04-12T20:50:23,Deposit,
4236,329,1,2912.25,USD,2022-01-29T15:02:06,Deposit,
4237,310,2,-23.95,USD,2025-07-10T17:19:28,ATM withdrawal,
4238,87,6,1071.57,USD,2023-07-23T08:07:20,Interest credit,
4239,110,2,-4756.12,USD,2022-07-18T22:09:46,ATM withdrawal,
4240,315,1,1015.66,USD,2022-02-23T03:11:30,Deposit,
4241,540,2,-2293.25,USD,2025-05-09T03:31:27,ATM withdrawal,
4242,47,2,-4586.77,USD,2025-11-01T08:00:08,ATM withdrawal,
4243,413,2,-4822.07,USD,2025-11-19T10:49:27,ATM withdrawal,
4244,471,5,-1708.07,USD,2025-03-21T18:06:02,Monthly fee,
4245,59,6,685.71,USD,2025-05-08T02:27:38,Interest credit,
4246,441,6,4479.6,USD,2024-12-24T06:09:14,Interest credit,
4247,469,2,-4213.83,USD,2022-01-14T17:12:43,ATM withdrawal,
4248,304,1,3872.66,USD,2022-04-07T02:54:30,Deposit,
4249,48,5,-2244.02,USD,2023-08-11T01:00:15,Monthly fee,
4250,96,6,247.65,USD,2022-02-23T06:09:26,Interest credit,
4251,94,2,-1271.26,USD,2023-02-03T07:28:19,ATM withdrawal,
4252,355,6,2533.67,USD,2025-03-12T13:59:32,Interest credit,
4253,170,6,4308.74,USD,2023-06-05T15:02:28,Interest credit,
4254,143,5,-2168.18,USD,2023-11-10T19:38:37,Monthly fee,
4255,504,6,2637.9,USD,2024-05-10T04:54:03,Interest credit,
4256,345,5,-160.95,USD,2024-09-17T04:32:08,Monthly fee,
4257,237,6,44.52,USD,2023-04-29T10:10:12,Interest credit,
4258,217,1,2973.65,USD,2025-05-22T16:56:26,Deposit,
4259,142,6,3537.8,USD,2022-03-05T04:35:31,Interest credit,
4260,261,2,-2696.97,USD,2023-01-17T07:49:06,ATM withdrawal,
4261,196,1,4935.69,USD,2025-04-11T14:56:36,Deposit,
4262,98,2,-1205.79,USD,2024-06-09T20:22:45,ATM withdrawal,
4263,356,2,-991.74,USD,2022-08-04T14:56:55,ATM withdrawal,
4264,307,6,3479.92,USD,2024-03-08T17:19:40,Interest credit,
4265,441,6,527.86,USD,2025-05-20T09:29:56,Interest credit,
4266,107,5,-4662.96,USD,2023-04-10T21:42:56,Monthly fee,
4267,382,1,3299.27,USD,2024-05-04T03:41:59,Deposit,
4268,502,2,-1335.65,USD,2022-01-10T10:15:36,ATM withdrawal,
4269,258,6,2254.1,USD,2025-07-28T06:53:04,Interest credit,
4270,232,2,-4736.61,USD,2023-02-17T12:06:18,ATM withdrawal,
4271,222,5,-3215.27,USD,2024-05-29T09:34:47,Monthly fee,
4272,393,6,387.55,USD,2022-07-11T10:12:37,Interest credit,
4273,382,6,4783.65,USD,2025-12-06T00:13:13,Interest credit,
4274,263,1,1907.14,USD,2023-09-14T12:10:37,Deposit,
4275,52,6,173.05,USD,2023-11-30T01:04:48,Interest credit,
4276,285,2,-2386.75,USD,2024-01-16T20:46:53,ATM withdrawal,
4277,175,6,1175.84,USD,2023-06-19T01:49:53,Interest credit,
4278,341,6,3986.97,USD,2022-06-18T23:47:54,Interest credit,
4279,255,6,1246.31,USD,2023-06-14T19:14:58,Interest credit,
4280,280,5,-2314.7,USD,2024-02-01T18:27:48,Monthly fee,
4281,422,1,4147.88,USD,2025-04-16T17:08:21,Deposit,
4282,59,5,-2036.76,USD,2024-03-31T03:30:04,Monthly fee,
4283,221,2,-2463.09,USD,2022-08-20T08:50:56,ATM withdrawal,
4284,504,1,430.52,USD,2023-10-18T12:15:46,Deposit,
4285,16,6,2815.2,USD,2022-04-13T13:43:53,Interest credit,
4286,446,1,977.59,USD,2023-01-06T03:51:08,Deposit,
4287,531,6,4723.59,USD,2024-05-05T20:24:54,Interest credit,
4288,531,2,-1616.77,USD,2024-02-17T02:08:46,ATM withdrawal,
4289,195,5,-4071.4,USD,2024-05-25T22:07:04,Monthly fee,
4290,140,6,1026.52,USD,2025-05-01T06:02:37,Interest credit,
4291,40,6,4521.29,USD,2023-12-13T16:41:09,Interest credit,
4292,156,2,-4292.85,USD,2022-01-09T00:36:51,ATM withdrawal,
4293,276,6,1116.95,USD,2024-12-23T02:35:26,Interest credit,
4294,368,5,-2910.72,USD,2025-09-20T13:59:55,Monthly fee,
4295,90,6,3392.73,USD,2025-02-04T21:37:40,Interest credit,
4296,83,5,-3645.08,USD,2025-03-13T01:44:35,Monthly fee,
4297,130,1,861.04,USD,2022-02-25T06:47:40,Deposit,
4298,13,2,-3427.9,USD,2023-03-22T23:27:52,ATM withdrawal,
4299,206,6,1694.49,USD,2024-08-23T20:23:25,Interest credit,
4300,393,5,-3859.66,USD,2023-01-04T01:37:59,Monthly fee,
4301,335,2,-818.64,USD,2025-08-28T10:00:57,ATM withdrawal,
4302,311,5,-2111.1,USD,2023-10-20T23:56:24,Monthly fee,
4303,461,1,563.33,USD,2024-05-05T04:42:38,Deposit,
4304,516,5,-4447.4,USD,2023-09-16T19:42:04,Monthly fee,
4305,416,5,-2619.24,USD,2023-09-02T18:04:56,Monthly fee,
4306,288,5,-570.56,USD,2024-12-14T12:01:22,Monthly fee,
4307,186,5,-4214.26,USD,2023-03-28T20:43:17,Monthly fee,
4308,523,5,-64.04,USD,2022-03-25T16:13:32,Monthly fee,
4309,145,5,-1350.59,USD,2025-12-23T18:47:52,Monthly fee,
4310,61,1,2996.42,USD,2022-05-15T10:55:46,Deposit,
4311,263,2,-819.92,USD,2025-02-18T09:12:44,ATM withdrawal,
4312,164,2,-3369.27,USD,2022-01-09T15:17:56,ATM withdrawal,
4313,514,6,1443.67,USD,2025-12-18T11:12:17,Interest credit,
4314,8,1,280.87,USD,2025-10-01T14:41:18,Deposit,
4315,49,2,-3677.4,USD,2024-02-02T15:12:44,ATM withdrawal,
4316,384,6,3136.66,USD,2025-01-12T01:19:57,Interest credit,
4317,404,6,2220.76,USD,2024-05-02T09:38:58,Interest credit,
4318,256,2,-1786.67,USD,2024-02-11T09:51:37,ATM withdrawal,
4319,524,6,1288.27,USD,2024-10-08T20:59:01,Interest credit,
4320,76,6,3697.82,USD,2023-04-04T19:52:32,Interest credit,
4321,340,6,2816.84,USD,2024-11-21T01:25:27,Interest credit,
4322,420,5,-1599.84,USD,2023-06-28T16:35:23,Monthly fee,
4323,229,1,1234.25,USD,2024-05-25T17:54:27,Deposit,
4324,461,2,-127.94,USD,2022-04-19T21:00:03,ATM withdrawal,
4325,380,2,-1878.94,USD,2025-08-16T13:30:12,ATM withdrawal,
4326,511,2,-3022.95,USD,2023-01-09T13:32:49,ATM withdrawal,
4327,504,6,363.46,USD,2022-10-08T16:49:34,Interest credit,
4328,276,5,-551.64,USD,2022-09-18T11:14:41,Monthly fee,
4329,237,6,97.13,USD,2022-12-14T17:54:27,Interest credit,
4330,24,6,2402.46,USD,2024-10-10T17:31:12,Interest credit,
4331,383,5,-3922.04,USD,2023-08-20T13:52:15,Monthly fee,
4332,277,2,-2509.94,USD,2024-01-29T07:22:30,ATM withdrawal,
4333,317,6,784.88,USD,2022-04-09T13:57:26,Interest credit,
4334,350,2,-2453.36,USD,2023-11-07T22:38:41,ATM withdrawal,
4335,390,5,-1784.05,USD,2024-12-21T18:32:02,Monthly fee,
4336,54,1,4461.87,USD,2025-12-20T12:37:51,Deposit,
4337,400,6,4304.2,USD,2025-07-13T15:45:54,Interest credit,
4338,128,5,-2050.25,USD,2025-07-14T06:56:01,Monthly fee,
4339,450,5,-2868.88,USD,2023-12-01T14:59:39,Monthly fee,
4340,470,6,3242.27,USD,2024-02-24T12:54:35,Interest credit,
4341,50,1,3982.21,USD,2022-02-09T05:28:13,Deposit,
4342,98,2,-2328.31,USD,2024-05-09T10:04:08,ATM withdrawal,
4343,332,5,-2807.02,USD,2024-08-19T19:37:08,Monthly fee,
4344,383,2,-1235.29,USD,2025-07-12T01:11:52,ATM withdrawal,
4345,87,1,3011.75,USD,2022-05-04T12:18:13,Deposit,
4346,438,6,2292.1,USD,2025-03-29T09:16:53,Interest credit,
4347,466,6,1436.99,USD,2025-05-01T05:42:50,Interest credit,
4348,45,5,-197.68,USD,2022-07-30T17:48:11,Monthly fee,
4349,495,2,-1890.08,USD,2025-09-16T21:59:57,ATM withdrawal,
4350,179,1,3040.73,USD,2022-07-27T22:27:46,Deposit,
4351,491,6,419.13,USD,2022-03-02T16:25:25,Interest credit,
4352,284,6,3010.36,USD,2025-02-02T22:47:03,Interest credit,
4353,131,2,-2949.31,USD,2024-08-07T17:06:45,ATM withdrawal,
4354,482,5,-3362.78,USD,2024-08-24T16:27:57,Monthly fee,
4355,1,2,-157.27,USD,2022-02-21T09:22:06,ATM withdrawal,
4356,176,6,4031.46,USD,2025-10-14T19:06:58,Interest credit,
4357,425,6,469.28,USD,2022-06-03T07:30:59,Interest credit,
4358,40,1,2520.42,USD,2022-09-07T03:01:45,Deposit,
4359,455,2,-4234.84,USD,2023-12-14T05:53:31,ATM withdrawal,
4360,527,5,-1839.78,USD,2022-09-03T04:28:46,Monthly fee,
4361,65,1,1854.66,USD,2025-09-11T22:13:42,Deposit,
4362,513,2,-1545.83,USD,2025-06-12T21:34:28,ATM withdrawal,
4363,476,5,-550.85,USD,2024-03-03T15:37:28,Monthly fee,
4364,531,1,2533.16,USD,2025-01-28T09:29:26,Deposit,
4365,129,5,-3482.75,USD,2025-03-26T18:25:28,Monthly fee,
4366,170,2,-989.4,USD,2024-03-02T20:04:44,ATM withdrawal,
4367,480,1,4383.42,USD,2024-09-03T02:03:54,Deposit,
4368,161,1,1034.49,USD,2024-12-30T13:16:07,Deposit,
4369,128,5,-2266.51,USD,2024-08-22T02:29:36,Monthly fee,
4370,205,6,2580.21,USD,2024-12-30T15:34:26,Interest credit,
4371,254,2,-1353.59,USD,2025-05-06T17:28:05,ATM withdrawal,
4372,421,5,-3828.44,USD,2022-05-17T07:05:10,Monthly fee,
4373,497,6,1071.25,USD,2023-11-07T04:50:55,Interest credit,
4374,549,1,1793.97,USD,2022-01-02T08:53:12,Deposit,
4375,416,1,3702.45,USD,2022-10-15T18:53:06,Deposit,
4376,334,1,3392.23,USD,2023-03-10T19:57:44,Deposit,
4377,294,5,-433.43,USD,2022-11-27T17:21:44,Monthly fee,
4378,531,1,972.55,USD,2022-01-10T16:57:58,Deposit,
4379,530,1,3738.84,USD,2025-06-26T03:50:07,Deposit,
4380,335,6,721.1,USD,2023-06-24T16:47:13,Interest credit,
4381,297,2,-4771.88,USD,2022-04-20T22:40:26,ATM withdrawal,
4382,482,5,-331.53,USD,2024-09-28T03:08:15,Monthly fee,
4383,537,1,4762.4,USD,2025-12-19T19:40:37,Deposit,
4384,511,6,2658.22,USD,2024-09-13T16:39:38,Interest credit,
4385,508,2,-3938.14,USD,2023-02-07T15:08:19,ATM withdrawal,
4386,217,6,3711.7,USD,2023-11-21T04:12:46,Interest credit,
4387,376,6,1212.8,USD,2024-08-14T03:01:42,Interest credit,
4388,524,6,958.07,USD,2023-12-02T23:26:04,Interest credit,
4389,199,1,2663.57,USD,2022-10-16T09:31:04,Deposit,
4390,384,2,-1755.67,USD,2023-03-07T01:47:56,ATM withdrawal,
4391,467,6,3855.17,USD,2022-09-02T16:29:06,Interest credit,
4392,387,2,-1463.99,USD,2025-08-16T15:52:58,ATM withdrawal,
4393,526,5,-2569.31,USD,2025-03-09T18:51:45,Monthly fee,
4394,483,5,-593.29,USD,2024-01-15T07:07:51,Monthly fee,
4395,134,2,-3406.64,USD,2023-06-17T13:40:38,ATM withdrawal,
4396,172,6,4374.4,USD,2023-04-08T14:49:03,Interest credit,
4397,74,2,-1404.34,USD,2024-09-30T03:59:03,ATM withdrawal,
4398,95,1,4807.59,USD,2024-11-09T07:41:52,Deposit,
4399,221,2,-422.45,USD,2022-11-18T18:28:57,ATM withdrawal,
4400,480,5,-4170.73,USD,2023-11-27T05:31:52,Monthly fee,
4401,439,6,4622.96,USD,2025-11-04T05:41:59,Interest credit,
4402,312,2,-2544.31,USD,2023-02-19T15:27:25,ATM withdrawal,
4403,225,6,2558.81,USD,2023-05-26T02:14:02,Interest credit,
4404,440,6,2422.37,USD,2022-10-18T20:13:44,Interest credit,
4405,500,6,2773.28,USD,2023-05-29T07:12:35,Interest credit,
4406,197,6,3712.55,USD,2023-06-21T21:22:42,Interest credit,
4407,319,2,-2221.83,USD,2025-07-18T19:23:16,ATM withdrawal,
4408,102,6,1990.98,USD,2023-07-23T18:33:57,Interest credit,
4409,488,1,141.03,USD,2022-11-30T23:39:27,Deposit,
4410,518,2,-3097.64,USD,2023-09-30T20:22:38,ATM withdrawal,
4411,62,5,-2350.08,USD,2022-08-09T10:54:57,Monthly fee,
4412,353,6,1189.0,USD,2025-11-28T10:09:23,Interest credit,
4413,522,5,-3240.61,USD,2024-11-11T04:57:04,Monthly fee,
4414,146,5,-302.02,USD,2023-03-12T16:07:16,Monthly fee,
4415,23,5,-3094.9,USD,2022-04-07T19:34:29,Monthly fee,
4416,241,1,1140.6,USD,2022-08-09T21:50:09,Deposit,
4417,344,6,3883.54,USD,2025-12-10T17:00:37,Interest credit,
4418,394,2,-3277.91,USD,2023-06-05T16:38:15,ATM withdrawal,
4419,426,5,-2882.29,USD,2023-08-22T11:40:44,Monthly fee,
4420,358,6,15.78,USD,2025-09-18T14:10:30,Interest credit,
4421,522,5,-1063.26,USD,2025-03-21T23:56:33,Monthly fee,
4422,477,5,-3617.55,USD,2023-11-23T22:51:31,Monthly fee,
4423,218,6,1337.29,USD,2023-05-30T19:08:34,Interest credit,
4424,414,5,-3306.18,USD,2022-08-25T17:56:49,Monthly fee,
4425,83,1,409.98,USD,2022-12-05T18:01:56,Deposit,
4426,50,2,-3641.67,USD,2022-06-19T00:28:36,ATM withdrawal,
4427,427,2,-4639.51,USD,2024-03-14T19:00:08,ATM withdrawal,
4428,5,5,-480.4,USD,2025-05-16T20:12:11,Monthly fee,
4429,542,2,-524.72,USD,2025-12-16T11:08:35,ATM withdrawal,
4430,357,5,-908.33,USD,2022-02-23T04:49:37,Monthly fee,
4431,513,1,3918.2,USD,2023-11-18T04:35:41,Deposit,
4432,256,2,-2596.7,USD,2022-10-07T17:47:21,ATM withdrawal,
4433,327,6,2810.36,USD,2024-05-10T15:39:24,Interest credit,
4434,206,1,801.34,USD,2023-04-17T11:36:33,Deposit,
4435,536,6,12.84,USD,2022-04-23T00:01:17,Interest credit,
4436,404,2,-1799.1,USD,2022-10-22T22:19:55,ATM withdrawal,
4437,98,5,-278.74,USD,2024-05-08T11:10:44,Monthly fee,
4438,218,2,-1585.86,USD,2022-04-05T23:07:37,ATM withdrawal,
4439,105,6,1602.85,USD,2025-02-27T04:38:33,Interest credit,
4440,56,6,4170.15,USD,2023-12-14T03:22:08,Interest credit,
4441,459,1,475.47,USD,2022-11-08T22:30:17,Deposit,
4442,2,1,728.7,USD,2025-05-02T13:40:49,Deposit,
4443,479,6,1333.93,USD,2023-06-29T19:45:47,Interest credit,
4444,325,5,-4517.84,USD,2024-04-25T15:05:37,Monthly fee,
4445,155,2,-4130.95,USD,2024-07-18T17:49:57,ATM withdrawal,
4446,155,2,-597.42,USD,2025-10-06T07:43:08,ATM withdrawal,
4447,355,1,4239.42,USD,2024-04-08T03:43:08,Deposit,
4448,133,6,8.95,USD,2025-09-23T11:49:58,Interest credit,
4449,231,6,4648.67,USD,2022-08-04T04:48:44,Interest credit,
4450,86,1,3953.51,USD,2023-03-19T14:57:38,Deposit,
4451,157,1,1330.3,USD,2024-12-06T01:09:10,Deposit,
4452,526,2,-3607.75,USD,2023-11-20T23:32:29,ATM withdrawal,
4453,271,6,1489.41,USD,2023-07-03T03:41:08,Interest credit,
4454,297,1,1403.23,USD,2024-12-24T08:11:45,Deposit,
4455,541,2,-1202.28,USD,2023-12-16T23:46:42,ATM withdrawal,
4456,80,1,1764.77,USD,2025-09-03T05:30:47,Deposit,
4457,9,2,-1279.41,USD,2025-12-10T23:59:23,ATM withdrawal,
4458,170,5,-2819.73,USD,2022-12-25T07:18:18,Monthly fee,
4459,431,2,-3541.03,USD,2023-03-14T05:05:04,ATM withdrawal,
4460,77,5,-2409.39,USD,2022-05-19T02:31:55,Monthly fee,
4461,152,2,-4482.56,USD,2024-02-22T07:52:40,ATM withdrawal,
4462,88,1,4529.46,USD,2025-09-30T03:44:54,Deposit,
4463,44,6,3165.55,USD,2022-11-09T07:31:57,Interest credit,
4464,518,5,-1731.89,USD,2024-08-02T03:10:13,Monthly fee,
4465,48,1,2181.03,USD,2023-09-21T07:02:09,Deposit,
4466,107,2,-4930.23,USD,2024-06-11T12:15:10,ATM withdrawal,
4467,448,6,4529.36,USD,2025-04-17T11:33:39,Interest credit,
4468,295,2,-4636.13,USD,2024-12-01T22:24:19,ATM withdrawal,
4469,422,5,-629.12,USD,2024-03-07T13:15:01,Monthly fee,
4470,346,6,2531.55,USD,2023-03-27T05:33:09,Interest credit,
4471,240,2,-324.27,USD,2024-08-25T15:55:14,ATM withdrawal,
4472,443,5,-3754.91,USD,2025-08-07T07:13:20,Monthly fee,
4473,267,6,2755.12,USD,2024-08-27T20:46:21,Interest credit,
4474,351,6,4646.44,USD,2023-10-17T17:31:41,Interest credit,
4475,49,6,1891.93,USD,2025-09-02T12:24:48,Interest credit,
4476,55,6,3259.05,USD,2025-02-09T23:22:56,Interest credit,
4477,27,6,1857.04,USD,2024-05-08T06:34:25,Interest credit,
4478,179,2,-979.81,USD,2025-02-05T08:04:49,ATM withdrawal,
4479,47,1,4984.06,USD,2025-03-15T11:34:53,Deposit,
4480,6,5,-3029.76,USD,2024-01-28T13:42:26,Monthly fee,
4481,55,2,-1584.22,USD,2025-12-07T05:56:12,ATM withdrawal,
4482,26,2,-1699.41,USD,2023-10-24T11:30:35,ATM withdrawal,
4483,89,6,2960.09,USD,2024-04-07T06:09:42,Interest credit,
4484,354,1,4631.24,USD,2025-09-14T13:29:19,Deposit,
4485,466,1,3262.4,USD,2023-02-22T14:23:57,Deposit,
4486,412,1,3102.08,USD,2022-03-25T08:11:17,Deposit,
4487,268,6,635.82,USD,2023-09-15T23:55:05,Interest credit,
4488,437,6,1363.39,USD,2024-08-04T08:33:50,Interest credit,
4489,367,2,-2824.48,USD,2022-03-31T08:56:32,ATM withdrawal,
4490,207,1,2568.34,USD,2022-05-16T03:34:53,Deposit,
4491,125,5,-2594.72,USD,2024-02-03T01:27:06,Monthly fee,
4492,449,6,1246.65,USD,2025-09-11T08:01:26,Interest credit,
4493,39,2,-1555.05,USD,2025-09-27T18:50:51,ATM withdrawal,
4494,136,2,-825.94,USD,2024-10-12T17:51:13,ATM withdrawal,
4495,22,1,2234.17,USD,2025-03-16T05:43:11,Deposit,
4496,207,1,3729.43,USD,2024-11-14T11:50:48,Deposit,
4497,356,2,-814.72,USD,2024-10-13T21:29:30,ATM withdrawal,
4498,34,5,-1865.0,USD,2022-04-13T06:58:29,Monthly fee,
4499,94,1,3874.73,USD,2025-07-13T19:24:09,Deposit,
4500,316,6,2140.75,USD,2025-10-28T10:45:37,Interest credit,
4501,8,5,-4352.38,USD,2023-02-15T08:48:38,Monthly fee,
4502,493,5,-4656.0,USD,2023-05-31T09:20:04,Monthly fee,
4503,57,1,3157.41,USD,2024-01-01T18:35:16,Deposit,
4504,349,5,-1746.26,USD,2023-11-16T13:08:13,Monthly fee,
4505,180,1,2279.8,USD,2022-07-20T08:44:43,Deposit,
4506,14,1,4144.61,USD,2025-08-18T12:16:12,Deposit,
4507,354,6,378.04,USD,2022-06-05T15:00:09,Interest credit,
4508,484,2,-2501.34,USD,2022-10-13T01:53:08,ATM withdrawal,
4509,264,5,-4466.26,USD,2025-10-28T09:27:36,Monthly fee,
4510,481,2,-2157.36,USD,2023-06-26T04:17:19,ATM withdrawal,
4511,533,2,-4644.08,USD,2023-06-07T03:47:28,ATM withdrawal,
4512,373,6,806.28,USD,2022-04-14T17:39:25,Interest credit,
4513,69,2,-4955.16,USD,2024-04-23T18:18:17,ATM withdrawal,
4514,393,5,-4627.13,USD,2024-01-12T02:29:47,Monthly fee,
4515,222,6,675.47,USD,2023-08-06T04:43:14,Interest credit,
4516,520,2,-1015.23,USD,2025-06-06T04:21:26,ATM withdrawal,
4517,350,5,-2161.75,USD,2023-02-10T15:45:26,Monthly fee,
4518,513,2,-2639.26,USD,2023-07-15T20:09:40,ATM withdrawal,
4519,323,5,-996.53,USD,2023-05-18T23:23:36,Monthly fee,
4520,120,1,1752.36,USD,2024-11-03T00:56:32,Deposit,
4521,261,5,-2457.43,USD,2025-07-11T12:40:10,Monthly fee,
4522,495,2,-2720.29,USD,2022-09-25T08:35:34,ATM withdrawal,
4523,417,2,-1601.92,USD,2025-04-21T04:11:07,ATM withdrawal,
4524,419,2,-1126.91,USD,2024-01-07T21:40:51,ATM withdrawal,
4525,193,6,4544.14,USD,2023-06-30T06:10:52,Interest credit,
4526,402,5,-1093.42,USD,2024-05-14T16:34:55,Monthly fee,
4527,158,5,-276.52,USD,2025-11-02T02:38:53,Monthly fee,
4528,273,1,4937.14,USD,2022-11-30T18:20:47,Deposit,
4529,294,6,107.51,USD,2023-06-10T20:35:52,Interest credit,
4530,197,1,2937.99,USD,2023-01-15T12:44:19,Deposit,
4531,170,2,-4398.49,USD,2024-07-20T08:49:18,ATM withdrawal,
4532,272,5,-3057.96,USD,2024-11-06T12:30:13,Monthly fee,
4533,129,1,540.19,USD,2022-08-13T18:25:04,Deposit,
4534,534,6,940.78,USD,2022-03-05T01:04:00,Interest credit,
4535,141,2,-2337.82,USD,2025-01-07T04:08:44,ATM withdrawal,
4536,15,5,-1322.81,USD,2024-10-03T11:01:31,Monthly fee,
4537,376,1,4972.49,USD,2023-07-05T12:52:04,Deposit,
4538,138,2,-1265.77,USD,2022-08-11T08:05:04,ATM withdrawal,
4539,411,6,1027.99,USD,2025-06-08T20:48:44,Interest credit,
4540,438,5,-1707.13,USD,2024-03-21T15:53:27,Monthly fee,
4541,83,5,-4987.21,USD,2025-11-21T03:06:29,Monthly fee,
4542,474,6,4593.62,USD,2025-03-15T12:37:13,Interest credit,
4543,83,1,152.68,USD,2025-02-11T20:44:38,Deposit,
4544,201,6,4349.97,USD,2023-01-27T18:21:09,Interest credit,
4545,469,2,-3704.67,USD,2024-09-11T09:06:12,ATM withdrawal,
4546,47,5,-3843.25,USD,2022-01-02T08:29:16,Monthly fee,
4547,282,2,-4125.61,USD,2023-06-27T06:33:14,ATM withdrawal,
4548,453,2,-2922.2,USD,2022-01-29T15:07:59,ATM withdrawal,
4549,215,6,3472.38,USD,2025-10-22T18:07:40,Interest credit,
4550,58,6,528.72,USD,2023-02-23T10:50:22,Interest credit,
4551,266,6,4350.19,USD,2025-12-16T08:17:29,Interest credit,
4552,116,1,2365.26,USD,2025-08-21T19:45:42,Deposit,
4553,161,2,-4424.33,USD,2024-01-05T19:21:20,ATM withdrawal,
4554,122,1,2271.75,USD,2023-11-05T22:16:41,Deposit,
4555,381,6,4234.2,USD,2022-12-08T15:43:35,Interest credit,
4556,189,2,-4808.16,USD,2023-09-23T14:24:08,ATM withdrawal,
4557,163,2,-3440.63,USD,2022-12-23T17:00:12,ATM withdrawal,
4558,102,1,4993.02,USD,2025-12-27T16:18:50,Deposit,
4559,437,1,2220.86,USD,2025-03-17T05:26:57,Deposit,
4560,322,2,-2570.84,USD,2025-07-07T21:28:40,ATM withdrawal,
4561,524,5,-2803.0,USD,2025-08-31T22:45:08,Monthly fee,
4562,122,6,1920.28,USD,2022-11-04T14:07:33,Interest credit,
4563,334,1,3328.29,USD,2024-10-27T22:05:19,Deposit,
4564,434,2,-4613.31,USD,2025-01-09T01:35:54,ATM withdrawal,
4565,16,5,-3186.9,USD,2025-04-26T02:27:13,Monthly fee,
4566,244,2,-3209.8,USD,2025-01-24T05:39:33,ATM withdrawal,
4567,95,1,2639.12,USD,2022-12-18T08:45:13,Deposit,
4568,545,1,3490.56,USD,2022-07-15T02:45:32,Deposit,
4569,52,2,-3608.84,USD,2025-09-19T12:21:02,ATM withdrawal,
4570,209,1,1942.11,USD,2024-02-16T12:41:21,Deposit,
4571,350,6,1701.43,USD,2025-02-09T08:45:51,Interest credit,
4572,136,2,-2631.01,USD,2025-07-29T02:19:39,ATM withdrawal,
4573,24,1,2016.05,USD,2024-04-26T07:48:45,Deposit,
4574,142,2,-1838.24,USD,2022-08-13T13:00:48,ATM withdrawal,
4575,132,2,-1039.99,USD,2024-09-03T22:31:37,ATM withdrawal,
4576,271,5,-4843.52,USD,2024-01-14T08:57:44,Monthly fee,
4577,362,2,-3527.94,USD,2022-09-27T08:40:58,ATM withdrawal,
4578,398,6,4597.93,USD,2025-08-24T09:10:09,Interest credit,
4579,12,5,-3427.27,USD,2023-12-07T18:57:10,Monthly fee,
4580,504,6,3886.34,USD,2023-12-16T03:14:00,Interest credit,
4581,247,6,4783.38,USD,2022-11-08T18:30:50,Interest credit,
4582,171,1,3562.72,USD,2023-09-05T01:49:11,Deposit,
4583,154,6,4208.47,USD,2022-03-06T17:07:18,Interest credit,
4584,408,2,-4781.7,USD,2023-10-21T10:49:01,ATM withdrawal,
4585,406,6,4649.33,USD,2024-05-20T20:54:40,Interest credit,
4586,325,5,-237.47,USD,2024-09-15T18:07:15,Monthly fee,
4587,473,1,1677.15,USD,2025-07-09T03:07:49,Deposit,
4588,237,2,-4315.19,USD,2025-08-26T21:10:55,ATM withdrawal,
4589,240,5,-4565.75,USD,2024-04-22T05:40:20,Monthly fee,
4590,472,2,-931.32,USD,2022-05-20T23:24:33,ATM withdrawal,
4591,294,5,-1747.71,USD,2024-03-14T10:20:09,Monthly fee,
4592,54,1,980.72,USD,2022-12-17T00:23:31,Deposit,
4593,209,6,533.11,USD,2025-12-01T18:53:17,Interest credit,
4594,42,2,-3742.06,USD,2024-10-03T03:11:30,ATM withdrawal,
4595,483,6,4935.33,USD,2025-06-27T02:03:06,Interest credit,
4596,439,5,-3255.9,USD,2022-03-29T16:09:52,Monthly fee,
4597,143,1,3376.39,USD,2025-06-06T05:28:08,Deposit,
4598,401,5,-3303.72,USD,2024-08-01T10:50:48,Monthly fee,
4599,373,2,-3051.48,USD,2025-08-03T23:53:11,ATM withdrawal,
4600,502,6,2473.12,USD,2023-02-27T20:02:10,Interest credit,
4601,180,2,-4095.13,USD,2025-02-02T09:34:51,ATM withdrawal,
4602,348,1,3417.12,USD,2022-07-02T02:25:01,Deposit,
4603,529,6,3230.91,USD,2022-09-22T03:27:18,Interest credit,
4604,284,2,-101.35,USD,2022-10-18T14:53:33,ATM withdrawal,
4605,73,2,-940.86,USD,2022-12-26T09:19:34,ATM withdrawal,
4606,356,2,-4852.14,USD,2024-10-20T05:27:35,ATM withdrawal,
4607,136,1,1755.18,USD,2025-11-16T22:21:26,Deposit,
4608,500,1,2901.98,USD,2022-09-30T00:04:11,Deposit,
4609,267,5,-4263.13,USD,2022-08-22T14:04:59,Monthly fee,
4610,361,5,-1513.66,USD,2023-01-21T18:24:04,Monthly fee,
4611,548,1,2448.07,USD,2025-01-21T06:04:20,Deposit,
4612,159,2,-1271.39,USD,2025-05-03T06:43:41,ATM withdrawal,
4613,502,2,-2064.07,USD,2025-05-14T11:06:54,ATM withdrawal,
4614,125,2,-937.41,USD,2022-01-30T10:33:20,ATM withdrawal,
4615,219,6,1313.97,USD,2024-12-23T11:32:03,Interest credit,
4616,269,2,-3784.31,USD,2024-08-02T12:40:18,ATM withdrawal,
4617,151,2,-3283.7,USD,2024-04-15T18:13:36,ATM withdrawal,
4618,5,1,1498.35,USD,2024-08-10T05:01:00,Deposit,
4619,45,1,688.36,USD,2024-07-22T07:31:40,Deposit,
4620,548,2,-600.14,USD,2023-11-07T12:29:46,ATM withdrawal,
4621,238,2,-4740.85,USD,2022-03-08T13:24:21,ATM withdrawal,
4622,129,5,-2061.99,USD,2024-08-22T00:21:47,Monthly fee,
4623,382,2,-1476.3,USD,2023-10-05T07:23:25,ATM withdrawal,
4624,348,1,700.88,USD,2024-05-18T15:05:20,Deposit,
4625,249,5,-3626.56,USD,2023-11-18T15:50:57,Monthly fee,
4626,278,1,1477.58,USD,2023-06-06T18:39:10,Deposit,
4627,493,1,340.88,USD,2025-09-13T16:50:12,Deposit,
4628,494,1,2653.7,USD,2025-03-23T21:57:58,Deposit,
4629,39,5,-4927.27,USD,2025-09-18T16:26:23,Monthly fee,
4630,439,6,1009.18,USD,2024-01-16T13:53:47,Interest credit,
4631,308,1,3639.11,USD,2022-08-30T21:08:20,Deposit,
4632,248,1,1713.45,USD,2023-03-23T05:56:55,Deposit,
4633,113,5,-3563.76,USD,2025-05-08T12:12:52,Monthly fee,
4634,426,1,3974.81,USD,2022-01-01T22:45:08,Deposit,
4635,293,5,-3554.39,USD,2022-06-24T15:57:05,Monthly fee,
4636,305,5,-4750.66,USD,2023-10-14T04:32:56,Monthly fee,
4637,242,1,1649.33,USD,2023-05-07T16:38:26,Deposit,
4638,12,1,4892.25,USD,2022-03-08T11:11:35,Deposit,
4639,129,2,-2200.72,USD,2023-10-24T06:17:51,ATM withdrawal,
4640,333,6,1782.74,USD,2024-08-12T09:45:54,Interest credit,
4641,316,2,-2017.39,USD,2023-03-03T05:58:11,ATM withdrawal,
4642,330,1,1126.34,USD,2025-11-15T09:25:28,Deposit,
4643,490,1,2502.02,USD,2025-09-06T23:47:14,Deposit,
4644,129,2,-4065.52,USD,2024-01-24T15:05:05,ATM withdrawal,
4645,303,1,2580.36,USD,2023-03-03T09:47:54,Deposit,
4646,507,6,2332.12,USD,2023-09-21T04:24:20,Interest credit,
4647,473,5,-1139.01,USD,2022-12-27T01:04:30,Monthly fee,
4648,101,1,377.73,USD,2023-06-10T05:15:03,Deposit,
4649,72,2,-3611.67,USD,2025-08-19T14:09:54,ATM withdrawal,
4650,390,1,3727.88,USD,2023-04-24T23:19:25,Deposit,
4651,202,1,2267.97,USD,2025-06-11T00:11:15,Deposit,
4652,414,6,1215.81,USD,2025-04-26T13:51:14,Interest credit,
4653,446,6,3042.23,USD,2024-06-22T17:28:47,Interest credit,
4654,38,1,513.39,USD,2024-07-25T23:17:21,Deposit,
4655,208,2,-663.75,USD,2022-07-10T19:30:54,ATM withdrawal,
4656,317,1,774.26,USD,2022-10-26T07:04:25,Deposit,
4657,275,2,-144.75,USD,2023-12-22T22:36:03,ATM withdrawal,
4658,80,1,2568.53,USD,2022-02-02T05:07:40,Deposit,
4659,52,5,-306.36,USD,2023-01-09T10:57:15,Monthly fee,
4660,72,2,-3419.51,USD,2022-01-19T09:18:26,ATM withdrawal,
4661,449,5,-4180.07,USD,2025-07-21T10:39:15,Monthly fee,
4662,407,6,1683.3,USD,2023-12-25T10:57:49,Interest credit,
4663,172,1,4187.86,USD,2025-11-01T00:35:45,Deposit,
4664,322,5,-1480.66,USD,2023-06-28T16:27:15,Monthly fee,
4665,306,6,319.91,USD,2023-04-01T05:37:21,Interest credit,
4666,36,6,3301.0,USD,2024-12-26T22:06:56,Interest credit,
4667,49,5,-4092.63,USD,2023-10-30T05:57:54,Monthly fee,
4668,489,6,442.91,USD,2025-12-11T17:45:53,Interest credit,
4669,550,1,872.42,USD,2022-11-14T15:17:13,Deposit,
4670,281,1,3706.93,USD,2023-06-28T04:57:17,Deposit,
4671,224,5,-3608.85,USD,2023-06-13T16:07:56,Monthly fee,
4672,299,5,-1165.35,USD,2025-11-01T12:56:32,Monthly fee,
4673,203,1,2747.49,USD,2025-04-26T05:17:39,Deposit,
4674,247,5,-2329.85,USD,2024-09-24T04:20:49,Monthly fee,
4675,461,6,986.7,USD,2024-06-14T07:35:23,Interest credit,
4676,372,6,345.23,USD,2025-04-18T01:34:03,Interest credit,
4677,397,2,-3162.27,USD,2022-11-26T22:21:35,ATM withdrawal,
4678,486,6,2197.27,USD,2024-02-11T05:21:41,Interest credit,
4679,502,6,780.66,USD,2025-03-08T15:32:10,Interest credit,
4680,286,1,2753.06,USD,2023-09-07T10:23:14,Deposit,
4681,455,2,-1408.78,USD,2022-11-12T01:03:38,ATM withdrawal,
4682,169,6,3163.67,USD,2025-09-10T19:22:09,Interest credit,
4683,7,6,4754.46,USD,2024-09-15T23:42:53,Interest credit,
4684,470,1,2605.79,USD,2022-07-08T10:33:20,Deposit,
4685,169,2,-4812.24,USD,2025-04-18T22:13:23,ATM withdrawal,
4686,408,2,-4836.87,USD,2024-01-04T18:05:26,ATM withdrawal,
4687,340,5,-961.48,USD,2025-06-09T23:57:26,Monthly fee,
4688,474,1,3065.53,USD,2025-09-16T15:14:32,Deposit,
4689,211,1,3344.0,USD,2022-11-05T16:05:06,Deposit,
4690,20,1,2803.74,USD,2022-03-07T02:14:54,Deposit,
4691,525,1,1813.43,USD,2022-10-19T00:26:12,Deposit,
4692,349,6,694.19,USD,2023-07-12T07:18:17,Interest credit,
4693,33,5,-4279.15,USD,2025-01-04T18:01:11,Monthly fee,
4694,92,6,4172.06,USD,2024-06-30T05:03:29,Interest credit,
4695,290,5,-2415.02,USD,2025-09-05T23:08:30,Monthly fee,
4696,446,5,-1242.89,USD,2022-05-15T03:30:11,Monthly fee,
4697,171,2,-3834.61,USD,2024-07-02T10:07:37,ATM withdrawal,
4698,548,2,-4135.9,USD,2025-09-05T20:32:48,ATM withdrawal,
4699,462,1,3862.71,USD,2023-06-06T16:20:38,Deposit,
4700,356,2,-2637.0,USD,2024-10-16T17:30:09,ATM withdrawal,
4701,385,1,3043.92,USD,2024-06-05T18:59:30,Deposit,
4702,76,6,2645.2,USD,2024-07-02T22:31:56,Interest credit,
4703,353,5,-4751.23,USD,2022-08-31T02:33:18,Monthly fee,
4704,511,6,839.28,USD,2024-06-25T20:16:36,Interest credit,
4705,258,6,3721.38,USD,2022-07-10T12:46:07,Interest credit,
4706,495,1,3858.61,USD,2022-01-01T05:44:59,Deposit,
4707,449,6,4841.69,USD,2025-08-15T07:57:48,Interest credit,
4708,16,1,561.09,USD,2025-07-12T11:31:14,Deposit,
4709,11,5,-1796.15,USD,2023-01-20T02:37:06,Monthly fee,
4710,206,5,-3314.04,USD,2024-09-24T10:52:54,Monthly fee,
4711,496,5,-2051.29,USD,2024-09-30T12:24:20,Monthly fee,
4712,308,2,-310.95,USD,2025-05-21T17:25:24,ATM withdrawal,
4713,402,5,-1723.88,USD,2022-05-04T14:02:31,Monthly fee,
4714,202,1,4897.05,USD,2022-05-09T09:17:46,Deposit,
4715,167,1,134.96,USD,2025-10-08T00:37:47,Deposit,
4716,39,1,1984.44,USD,2023-08-13T09:13:24,Deposit,
4717,92,2,-1628.93,USD,2024-12-05T10:32:48,ATM withdrawal,
4718,131,5,-69.44,USD,2024-12-01T10:35:35,Monthly fee,
4719,214,1,3410.94,USD,2023-11-16T04:51:49,Deposit,
4720,260,6,923.73,USD,2023-07-12T14:57:02,Interest credit,
4721,191,1,3382.39,USD,2024-07-07T01:08:21,Deposit,
4722,208,2,-3399.61,USD,2025-04-04T15:49:28,ATM withdrawal,
4723,103,1,2991.42,USD,2023-01-05T21:08:54,Deposit,
4724,10,6,2863.59,USD,2024-11-05T23:10:55,Interest credit,
4725,373,1,2361.48,USD,2023-07-31T19:06:17,Deposit,
4726,379,5,-4922.53,USD,2022-12-13T11:12:47,Monthly fee,
4727,306,6,52.35,USD,2025-01-13T23:58:42,Interest credit,
4728,102,1,4401.19,USD,2023-10-06T04:14:46,Deposit,
4729,422,1,1192.61,USD,2024-06-18T10:15:19,Deposit,
4730,188,5,-1761.94,USD,2025-06-10T02:09:56,Monthly fee,
4731,366,2,-3567.01,USD,2024-12-29T11:35:58,ATM withdrawal,
4732,434,5,-4045.71,USD,2023-02-10T06:07:07,Monthly fee,
4733,275,5,-3958.79,USD,2025-05-22T06:36:44,Monthly fee,
4734,146,1,3836.3,USD,2025-07-12T15:30:03,Deposit,
4735,541,2,-3004.79,USD,2025-09-05T08:00:27,ATM withdrawal,
4736,253,5,-491.78,USD,2022-03-01T19:32:58,Monthly fee,
4737,319,1,3184.89,USD,2023-05-31T11:44:16,Deposit,
4738,194,1,3700.3,USD,2025-01-10T13:03:47,Deposit,
4739,434,5,-3512.7,USD,2022-06-29T04:34:07,Monthly fee,
4740,135,1,4774.26,USD,2024-12-16T08:03:31,Deposit,
4741,398,6,2476.45,USD,2025-12-10T18:02:18,Interest credit,
4742,14,6,2738.68,USD,2022-12-29T09:14:12,Interest credit,
4743,412,1,4563.87,USD,2022-01-04T23:27:54,Deposit,
4744,205,1,4938.81,USD,2022-12-24T11:35:52,Deposit,
4745,244,6,4323.65,USD,2024-02-23T17:59:58,Interest credit,
4746,154,5,-286.91,USD,2023-03-06T23:33:40,Monthly fee,
4747,238,5,-3631.99,USD,2024-05-18T02:06:31,Monthly fee,
4748,294,5,-1140.54,USD,2024-06-23T12:29:36,Monthly fee,
4749,536,6,3154.59,USD,2023-09-13T09:13:14,Interest credit,
4750,91,2,-1570.51,USD,2024-09-28T21:23:24,ATM withdrawal,
4751,19,1,108.55,USD,2025-06-18T07:43:30,Deposit,
4752,406,2,-908.68,USD,2022-09-09T09:58:40,ATM withdrawal,
4753,75,1,3658.65,USD,2022-10-29T10:01:31,Deposit,
4754,549,5,-944.49,USD,2023-03-16T22:49:40,Monthly fee,
4755,245,5,-28.94,USD,2023-01-09T00:27:30,Monthly fee,
4756,157,2,-3352.22,USD,2022-09-27T14:33:06,ATM withdrawal,
4757,261,6,2987.34,USD,2024-09-27T12:30:05,Interest credit,
4758,306,2,-2759.99,USD,2023-09-22T17:34:54,ATM withdrawal,
4759,485,6,3532.82,USD,2023-02-06T16:04:54,Interest credit,
4760,160,5,-1881.05,USD,2024-10-01T13:59:42,Monthly fee,
4761,36,2,-1369.77,USD,2022-07-14T04:57:19,ATM withdrawal,
4762,419,1,822.12,USD,2025-05-15T21:24:49,Deposit,
4763,548,1,2173.47,USD,2023-09-12T00:05:31,Deposit,
4764,274,1,4594.31,USD,2025-12-04T01:07:45,Deposit,
4765,225,1,3414.99,USD,2025-02-19T15:44:56,Deposit,
4766,522,2,-4606.23,USD,2022-11-26T20:03:51,ATM withdrawal,
4767,437,6,3521.64,USD,2022-06-27T09:27:55,Interest credit,
4768,492,1,4806.11,USD,2022-07-11T04:32:26,Deposit,
4769,87,2,-3734.02,USD,2022-09-08T08:59:31,ATM withdrawal,
4770,351,2,-4983.57,USD,2023-01-07T22:32:19,ATM withdrawal,
4771,232,6,980.11,USD,2023-01-15T04:58:10,Interest credit,
4772,73,6,4890.14,USD,2025-10-03T11:59:03,Interest credit,
4773,453,5,-2306.47,USD,2025-02-06T00:17:30,Monthly fee,
4774,278,1,797.98,USD,2024-02-13T08:08:35,Deposit,
4775,535,6,2837.56,USD,2022-04-16T11:47:59,Interest credit,
4776,242,2,-2106.22,USD,2024-11-18T12:26:29,ATM withdrawal,
4777,63,1,2074.94,USD,2025-11-27T12:44:06,Deposit,
4778,103,5,-2342.86,USD,2024-02-17T04:08:10,Monthly fee,
4779,89,5,-3820.24,USD,2024-07-18T21:05:06,Monthly fee,
4780,367,2,-2048.13,USD,2024-03-23T11:12:12,ATM withdrawal,
4781,27,6,4088.27,USD,2024-07-15T07:39:55,Interest credit,
4782,331,5,-1287.77,USD,2023-11-12T11:27:33,Monthly fee,
4783,141,5,-4258.56,USD,2023-06-16T05:29:42,Monthly fee,
4784,497,1,4402.43,USD,2025-02-25T10:41:20,Deposit,
4785,80,6,2667.62,USD,2024-08-14T15:02:01,Interest credit,
4786,66,5,-2729.57,USD,2024-01-03T13:18:40,Monthly fee,
4787,529,1,1122.52,USD,2024-04-06T14:47:27,Deposit,
4788,119,1,1732.13,USD,2023-08-06T01:20:34,Deposit,
4789,505,2,-1557.24,USD,2022-11-29T22:11:22,ATM withdrawal,
4790,194,6,4620.46,USD,2022-08-24T21:33:07,Interest credit,
4791,456,2,-612.89,USD,2023-04-11T01:39:52,ATM withdrawal,
4792,36,2,-255.62,USD,2024-03-31T16:04:35,ATM withdrawal,
4793,222,6,3018.32,USD,2022-09-23T08:33:39,Interest credit,
4794,472,1,3349.48,USD,2024-10-06T06:35:34,Deposit,
4795,502,2,-1255.18,USD,2022-04-04T22:50:02,ATM withdrawal,
4796,142,5,-4883.15,USD,2022-11-14T08:00:56,Monthly fee,
4797,352,1,3446.22,USD,2023-06-29T18:05:06,Deposit,
4798,256,1,3750.07,USD,2025-01-15T02:41:35,Deposit,
4799,82,2,-4913.77,USD,2025-03-17T14:43:41,ATM withdrawal,
4800,154,5,-4813.91,USD,2025-07-08T02:57:28,Monthly fee,
4801,261,2,-4699.9,USD,2025-09-22T13:56:56,ATM withdrawal,
4802,325,5,-2800.27,USD,2023-12-05T03:54:03,Monthly fee,
4803,110,1,4411.13,USD,2022-05-10T20:48:07,Deposit,
4804,226,2,-1348.35,USD,2022-03-25T14:32:04,ATM withdrawal,
4805,271,2,-2151.12,USD,2024-03-24T07:11:59,ATM withdrawal,
4806,504,5,-2835.76,USD,2023-06-26T16:30:20,Monthly fee,
4807,374,2,-4775.08,USD,2025-09-21T10:56:39,ATM withdrawal,
4808,508,6,3160.98,USD,2025-04-06T18:27:15,Interest credit,
4809,163,2,-2610.7,USD,2024-06-14T13:54:19,ATM withdrawal,
4810,177,6,3314.55,USD,2023-06-19T20:09:09,Interest credit,
4811,288,5,-452.66,USD,2024-06-27T11:13:58,Monthly fee,
4812,435,6,2335.16,USD,2023-03-26T13:08:54,Interest credit,
4813,123,1,712.73,USD,2024-09-20T07:47:21,Deposit,
4814,65,1,2206.96,USD,2025-11-20T18:03:09,Deposit,
4815,301,6,4306.86,USD,2024-04-17T15:54:54,Interest credit,
4816,6,6,4371.55,USD,2024-09-17T01:11:49,Interest credit,
4817,70,5,-2411.83,USD,2023-06-16T11:54:20,Monthly fee,
4818,36,1,3248.67,USD,2025-02-06T20:49:08,Deposit,
4819,211,5,-3286.24,USD,2025-05-27T18:14:07,Monthly fee,
4820,547,5,-4849.87,USD,2025-09-25T22:28:20,Monthly fee,
4821,290,2,-440.31,USD,2022-04-25T13:31:50,ATM withdrawal,
4822,202,6,2428.19,USD,2024-05-21T00:43:25,Interest credit,
4823,440,6,2876.59,USD,2022-09-15T16:24:15,Interest credit,
4824,53,2,-1612.87,USD,2023-03-30T20:39:50,ATM withdrawal,
4825,37,1,1758.58,USD,2023-03-29T02:24:52,Deposit,
4826,456,1,1350.8,USD,2023-06-26T18:09:10,Deposit,
4827,169,5,-243.78,USD,2025-09-09T13:54:59,Monthly fee,
4828,446,6,107.22,USD,2024-04-09T08:02:24,Interest credit,
4829,271,6,805.93,USD,2024-12-15T17:54:48,Interest credit,
4830,436,6,1010.42,USD,2022-01-23T00:13:12,Interest credit,
4831,107,2,-4263.87,USD,2024-08-23T11:33:44,ATM withdrawal,
4832,469,1,2308.29,USD,2024-03-04T14:28:42,Deposit,
4833,361,2,-4884.54,USD,2023-02-24T21:43:40,ATM withdrawal,
4834,95,2,-2943.78,USD,2024-11-11T11:21:09,ATM withdrawal,
4835,438,5,-2628.08,USD,2025-06-16T20:13:37,Monthly fee,
4836,518,6,4947.96,USD,2025-12-18T03:13:37,Interest credit,
4837,367,5,-1362.47,USD,2023-08-11T01:20:17,Monthly fee,
4838,81,6,4131.22,USD,2025-09-13T05:20:23,Interest credit,
4839,58,1,4934.81,USD,2024-10-11T22:32:25,Deposit,
4840,498,6,4542.82,USD,2022-11-02T17:34:29,Interest credit,
4841,231,6,143.2,USD,2022-08-04T02:00:43,Interest credit,
4842,206,5,-4911.75,USD,2024-01-01T17:15:39,Monthly fee,
4843,336,2,-1619.69,USD,2022-05-06T01:01:58,ATM withdrawal,
4844,444,2,-431.69,USD,2022-03-26T01:36:34,ATM withdrawal,
4845,414,2,-991.52,USD,2022-06-08T12:24:51,ATM withdrawal,
4846,356,2,-4874.93,USD,2023-03-23T10:03:05,ATM withdrawal,
4847,34,2,-2599.08,USD,2022-01-23T12:06:44,ATM withdrawal,
4848,344,6,1000.14,USD,2022-09-13T19:11:52,Interest credit,
4849,307,5,-4359.66,USD,2025-02-17T19:10:15,Monthly fee,
4850,286,2,-764.36,USD,2023-08-30T14:05:22,ATM withdrawal,
4851,334,1,1597.07,USD,2023-11-23T20:10:32,Deposit,
4852,370,5,-2793.43,USD,2025-04-02T11:39:33,Monthly fee,
4853,451,1,448.92,USD,2024-04-18T20:38:51,Deposit,
4854,32,2,-590.64,USD,2023-03-25T16:27:34,ATM withdrawal,
4855,406,1,3173.09,USD,2025-08-15T03:58:46,Deposit,
4856,240,5,-3614.82,USD,2024-10-20T10:09:47,Monthly fee,
4857,503,1,725.68,USD,2025-10-14T00:17:10,Deposit,
4858,294,1,2616.0,USD,2022-12-25T15:18:24,Deposit,
4859,108,1,2122.97,USD,2023-09-30T09:14:13,Deposit,
4860,486,2,-126.0,USD,2022-04-13T01:37:02,ATM withdrawal,
4861,410,2,-3095.9,USD,2022-06-20T23:14:38,ATM withdrawal,
4862,49,5,-504.2,USD,2025-08-14T08:57:54,Monthly fee,
4863,55,6,1164.04,USD,2022-08-20T08:29:52,Interest credit,
4864,404,6,1016.96,USD,2022-04-12T23:39:06,Interest credit,
4865,416,5,-4685.86,USD,2022-06-02T19:46:48,Monthly fee,
4866,77,5,-2810.0,USD,2023-12-30T06:57:02,Monthly fee,
4867,532,6,4363.27,USD,2024-08-11T08:25:15,Interest credit,
4868,80,5,-1720.2,USD,2022-11-15T20:44:12,Monthly fee,
4869,439,2,-4939.68,USD,2025-05-29T00:12:26,ATM withdrawal,
4870,77,6,4669.72,USD,2023-07-05T07:32:18,Interest credit,
4871,260,1,4791.86,USD,2022-09-22T13:14:10,Deposit,
4872,429,2,-1157.36,USD,2025-07-06T23:26:13,ATM withdrawal,
4873,276,5,-4860.23,USD,2024-03-08T05:53:59,Monthly fee,
4874,444,2,-4470.86,USD,2025-07-08T22:56:43,ATM withdrawal,
4875,213,5,-3969.26,USD,2025-12-10T21:52:10,Monthly fee,
4876,469,6,1312.59,USD,2024-12-14T01:31:27,Interest credit,
4877,406,6,4533.73,USD,2022-04-06T18:48:26,Interest credit,
4878,327,5,-1778.0,USD,2025-07-11T18:10:40,Monthly fee,
4879,326,5,-1424.25,USD,2023-11-23T23:56:04,Monthly fee,
4880,464,6,1488.51,USD,2023-09-02T18:15:11,Interest credit,
4881,492,2,-2768.31,USD,2024-12-24T17:51:30,ATM withdrawal,
4882,430,1,37.16,USD,2022-04-26T21:58:20,Deposit,
4883,257,2,-4752.07,USD,2024-08-27T01:48:26,ATM withdrawal,
4884,40,6,3265.98,USD,2023-03-11T02:47:39,Interest credit,
4885,473,2,-4536.26,USD,2024-11-10T11:32:59,ATM withdrawal,
4886,56,2,-4109.12,USD,2022-01-02T16:10:03,ATM withdrawal,
4887,413,5,-1938.31,USD,2022-02-17T04:33:57,Monthly fee,
4888,532,2,-2048.19,USD,2024-01-09T15:34:26,ATM withdrawal,
4889,39,1,1735.62,USD,2024-12-07T00:16:15,Deposit,
4890,221,1,3264.26,USD,2024-11-12T13:59:37,Deposit,
4891,428,6,1673.01,USD,2022-01-11T09:19:26,Interest credit,
4892,277,2,-3548.16,USD,2024-10-08T15:11:03,ATM withdrawal,
4893,479,1,4576.98,USD,2023-01-19T17:10:44,Deposit,
4894,471,2,-2834.91,USD,2022-04-04T18:49:39,ATM withdrawal,
4895,548,5,-1131.53,USD,2024-07-26T09:28:45,Monthly fee,
4896,400,2,-132.31,USD,2025-12-20T10:52:04,ATM withdrawal,
4897,38,5,-2682.21,USD,2023-03-21T15:35:54,Monthly fee,
4898,318,6,208.45,USD,2024-02-07T09:08:23,Interest credit,
4899,73,6,3245.15,USD,2025-06-06T01:51:43,Interest credit,
4900,359,5,-92.79,USD,2024-08-22T16:34:16,Monthly fee,
4901,233,5,-3277.12,USD,2025-09-14T00:47:48,Monthly fee,
4902,104,1,1450.43,USD,2024-12-18T21:13:21,Deposit,
4903,46,2,-2124.48,USD,2023-12-25T04:56:33,ATM withdrawal,
4904,491,1,4383.28,USD,2025-06-09T14:14:00,Deposit,
4905,459,6,2441.01,USD,2025-02-19T03:03:34,Interest credit,
4906,110,2,-206.09,USD,2024-06-17T10:56:17,ATM withdrawal,
4907,103,1,51.48,USD,2022-07-20T13:37:38,Deposit,
4908,400,2,-389.32,USD,2023-02-23T18:11:12,ATM withdrawal,
4909,545,1,2013.32,USD,2022-06-23T08:08:40,Deposit,
4910,258,2,-741.22,USD,2023-07-18T05:40:39,ATM withdrawal,
4911,157,5,-4867.61,USD,2024-05-21T09:21:13,Monthly fee,
4912,240,5,-4950.01,USD,2022-11-29T09:28:46,Monthly fee,
4913,269,1,3017.53,USD,2023-02-19T10:59:28,Deposit,
4914,111,2,-4548.51,USD,2024-01-30T06:15:52,ATM withdrawal,
4915,143,2,-3828.81,USD,2022-07-29T19:22:07,ATM withdrawal,
4916,162,1,4887.46,USD,2023-11-07T08:51:51,Deposit,
4917,544,6,2709.47,USD,2025-05-28T15:02:33,Interest credit,
4918,456,5,-3893.76,USD,2024-02-29T15:16:03,Monthly fee,
4919,10,6,548.17,USD,2023-07-04T06:20:53,Interest credit,
4920,389,2,-4201.6,USD,2022-02-21T17:09:15,ATM withdrawal,
4921,187,1,551.62,USD,2023-11-15T00:33:11,Deposit,
4922,303,6,3232.03,USD,2025-07-25T03:19:05,Interest credit,
4923,420,2,-1798.27,USD,2023-12-07T15:32:33,ATM withdrawal,
4924,279,1,1413.81,USD,2024-07-24T09:30:15,Deposit,
4925,353,5,-2805.39,USD,2024-07-24T16:41:41,Monthly fee,
4926,328,6,1932.27,USD,2022-06-09T12:51:51,Interest credit,
4927,231,5,-4424.76,USD,2023-07-01T15:29:36,Monthly fee,
4928,458,2,-1002.23,USD,2022-06-19T18:28:56,ATM withdrawal,
4929,354,6,4392.15,USD,2024-01-26T07:03:41,Interest credit,
4930,301,5,-1004.59,USD,2022-04-18T15:17:58,Monthly fee,
4931,510,1,1066.46,USD,2023-06-04T06:59:37,Deposit,
4932,422,2,-4216.22,USD,2022-06-23T18:42:08,ATM withdrawal,
4933,539,2,-4522.24,USD,2025-09-14T14:40:38,ATM withdrawal,
4934,238,1,2212.3,USD,2024-01-30T01:16:28,Deposit,
4935,342,6,3619.73,USD,2025-03-03T20:28:19,Interest credit,
4936,126,5,-4260.25,USD,2024-10-11T09:57:20,Monthly fee,
4937,32,1,3369.09,USD,2025-08-16T21:46:43,Deposit,
4938,101,5,-3002.05,USD,2025-06-08T07:04:55,Monthly fee,
4939,381,6,4514.07,USD,2025-11-21T02:38:46,Interest credit,
4940,455,5,-4080.54,USD,2024-04-02T08:16:50,Monthly fee,
4941,458,5,-4361.11,USD,2025-01-25T18:19:46,Monthly fee,
4942,261,2,-3064.27,USD,2024-02-15T05:55:05,ATM withdrawal,
4943,23,6,4459.99,USD,2025-02-06T11:47:45,Interest credit,
4944,318,2,-225.94,USD,2023-09-03T23:52:46,ATM withdrawal,
4945,123,2,-4663.33,USD,2025-03-18T22:59:41,ATM withdrawal,
4946,342,1,4511.56,USD,2022-01-26T08:31:28,Deposit,
4947,126,6,3495.52,USD,2023-04-10T00:33:22,Interest credit,
4948,396,2,-1895.64,USD,2023-04-07T19:40:11,ATM withdrawal,
4949,274,1,4716.89,USD,2022-07-01T07:51:18,Deposit,
4950,43,1,2316.81,USD,2025-05-26T21:43:29,Deposit,
4951,105,2,-3190.81,USD,2024-06-05T08:04:08,ATM withdrawal,
4952,329,5,-595.15,USD,2025-04-22T10:01:33,Monthly fee,
4953,116,6,1355.2,USD,2024-09-10T22:51:30,Interest credit,
4954,207,6,3187.77,USD,2024-02-19T10:06:28,Interest credit,
4955,214,5,-4639.85,USD,2025-11-28T04:23:09,Monthly fee,
4956,472,5,-3430.83,USD,2022-01-22T08:48:24,Monthly fee,
4957,337,6,457.87,USD,2024-07-25T07:55:54,Interest credit,
4958,452,6,3174.61,USD,2025-10-19T02:23:51,Interest credit,
4959,465,6,895.28,USD,2025-10-15T07:00:25,Interest credit,
4960,5,1,3070.84,USD,2022-02-05T19:56:12,Deposit,
4961,518,2,-2896.74,USD,2023-03-02T11:20:48,ATM withdrawal,
4962,238,2,-3912.54,USD,2023-11-14T16:31:58,ATM withdrawal,
4963,535,6,79.23,USD,2022-10-09T04:04:09,Interest credit,
4964,272,5,-4012.46,USD,2023-09-30T03:47:27,Monthly fee,
4965,114,6,1910.93,USD,2025-09-05T21:17:21,Interest credit,
4966,320,2,-3789.79,USD,2022-03-02T15:17:05,ATM withdrawal,
4967,221,1,3453.38,USD,2025-11-08T11:16:44,Deposit,
4968,133,2,-4882.06,USD,2025-04-08T15:16:13,ATM withdrawal,
4969,264,6,2006.39,USD,2022-11-12T18:27:06,Interest credit,
4970,74,6,600.39,USD,2023-05-02T19:25:02,Interest credit,
4971,199,2,-346.59,USD,2024-05-26T23:09:45,ATM withdrawal,
4972,133,5,-367.22,USD,2024-02-20T11:25:58,Monthly fee,
4973,487,2,-4765.09,USD,2025-09-19T21:27:35,ATM withdrawal,
4974,13,5,-2183.22,USD,2022-01-17T12:10:07,Monthly fee,
4975,472,5,-2097.04,USD,2024-05-24T19:09:13,Monthly fee,
4976,229,2,-3658.46,USD,2023-05-20T02:09:19,ATM withdrawal,
4977,429,6,4898.81,USD,2024-10-18T15:46:49,Interest credit,
4978,199,6,2880.27,USD,2025-01-05T17:37:01,Interest credit,
4979,3,5,-3548.17,USD,2023-03-06T16:58:17,Monthly fee,
4980,383,1,1846.05,USD,2025-06-01T12:38:52,Deposit,
4981,106,2,-4247.82,USD,2022-12-08T21:04:10,ATM withdrawal,
4982,292,5,-1373.22,USD,2025-10-09T05:37:36,Monthly fee,
4983,26,2,-767.62,USD,2023-03-14T13:06:19,ATM withdrawal,
4984,286,2,-4208.44,USD,2025-10-02T00:22:04,ATM withdrawal,
4985,330,5,-3849.68,USD,2023-01-08T14:30:33,Monthly fee,
4986,226,5,-312.39,USD,2023-08-13T22:26:26,Monthly fee,
4987,361,1,1435.27,USD,2024-06-08T20:47:15,Deposit,
4988,527,2,-3512.73,USD,2022-12-31T07:10:26,ATM withdrawal,
4989,426,1,2743.81,USD,2024-03-12T06:44:05,Deposit,
4990,366,2,-3204.69,USD,2022-07-20T14:28:26,ATM withdrawal,
4991,465,5,-2166.0,USD,2024-03-09T05:51:44,Monthly fee,
4992,40,2,-1685.28,USD,2025-11-13T12:03:36,ATM withdrawal,
4993,271,5,-4394.21,USD,2025-06-07T15:34:37,Monthly fee,
4994,379,5,-249.4,USD,2023-06-08T15:39:26,Monthly fee,
4995,156,6,671.49,USD,2024-07-07T16:39:31,Interest credit,
4996,417,1,3201.06,USD,2025-08-14T17:09:36,Deposit,
4997,416,1,4776.39,USD,2022-10-16T17:04:00,Deposit,
4998,519,6,4310.52,USD,2024-09-26T20:25:42,Interest credit,
4999,158,1,4811.28,USD,2024-03-21T10:32:35,Deposit,
5000,388,1,788.26,USD,2024-05-19T07:17:30,Deposit,
5001,109,5,-3293.52,USD,2022-06-16T21:14:25,Monthly fee,
5002,249,1,3377.72,USD,2024-06-29T13:11:58,Deposit,
5003,397,1,485.34,USD,2024-12-02T07:23:50,Deposit,
5004,488,5,-4797.35,USD,2024-07-28T00:46:55,Monthly fee,
5005,494,1,349.25,USD,2024-01-19T00:55:26,Deposit,
5006,369,1,1424.03,USD,2025-03-03T10:53:57,Deposit,
5007,485,5,-4943.5,USD,2023-10-14T05:24:44,Monthly fee,
5008,448,6,1983.89,USD,2025-11-26T02:20:55,Interest credit,
5009,368,6,79.33,USD,2025-05-02T19:04:39,Interest credit,
5010,53,6,4126.32,USD,2025-02-22T08:22:40,Interest credit,
5011,80,6,1332.17,USD,2025-10-01T06:59:33,Interest credit,
5012,78,1,1267.12,USD,2022-04-01T00:37:21,Deposit,
5013,410,2,-3365.41,USD,2025-07-08T18:19:51,ATM withdrawal,
5014,269,5,-1112.61,USD,2025-08-30T05:51:05,Monthly fee,
5015,506,5,-4256.96,USD,2023-11-29T02:41:25,Monthly fee,
5016,422,1,3773.59,USD,2024-09-27T11:36:27,Deposit,
5017,193,1,3302.5,USD,2024-04-18T23:17:12,Deposit,
5018,406,2,-4842.84,USD,2025-07-31T19:59:31,ATM withdrawal,
5019,389,5,-268.19,USD,2025-05-23T07:09:29,Monthly fee,
5020,129,6,3483.6,USD,2024-02-06T02:18:46,Interest credit,
5021,151,1,4231.38,USD,2023-11-05T09:28:33,Deposit,
5022,66,6,4829.74,USD,2025-04-28T23:25:43,Interest credit,
5023,365,5,-740.55,USD,2025-01-05T12:11:02,Monthly fee,
5024,460,6,2170.5,USD,2023-07-06T04:59:04,Interest credit,
5025,457,1,62.19,USD,2022-04-17T03:50:34,Deposit,
5026,543,5,-2311.36,USD,2023-12-09T14:58:35,Monthly fee,
5027,407,2,-319.77,USD,2025-09-05T00:33:06,ATM withdrawal,
5028,419,2,-3785.29,USD,2022-03-18T05:00:36,ATM withdrawal,
5029,420,2,-4489.16,USD,2024-05-15T17:42:45,ATM withdrawal,
5030,439,1,4663.97,USD,2023-07-15T00:46:49,Deposit,
5031,509,5,-4187.08,USD,2024-07-12T01:27:07,Monthly fee,
5032,384,1,1895.27,USD,2024-10-24T20:52:26,Deposit,
5033,180,1,1543.39,USD,2025-08-01T14:32:32,Deposit,
5034,93,5,-2653.76,USD,2023-08-28T02:01:34,Monthly fee,
5035,191,6,3764.04,USD,2022-10-18T23:23:28,Interest credit,
5036,368,6,2986.48,USD,2024-06-28T17:43:10,Interest credit,
5037,204,5,-1503.04,USD,2024-12-21T21:03:40,Monthly fee,
5038,263,6,1062.78,USD,2022-01-24T10:53:55,Interest credit,
5039,467,1,2328.86,USD,2025-12-22T16:52:21,Deposit,
5040,466,5,-3661.93,USD,2025-04-21T08:25:12,Monthly fee,
5041,294,2,-322.19,USD,2023-01-03T00:52:35,ATM withdrawal,
5042,191,5,-4322.06,USD,2024-11-09T01:41:08,Monthly fee,
5043,144,5,-442.81,USD,2024-05-08T23:55:10,Monthly fee,
5044,548,1,4313.65,USD,2024-07-21T23:41:53,Deposit,
5045,191,6,3099.81,USD,2024-02-10T12:49:53,Interest credit,
5046,282,1,4101.53,USD,2022-04-12T02:08:32,Deposit,
5047,239,5,-1361.39,USD,2025-06-20T05:03:42,Monthly fee,
5048,499,2,-4256.09,USD,2022-02-17T16:13:44,ATM withdrawal,
5049,497,1,4746.04,USD,2024-12-27T19:55:00,Deposit,
5050,347,2,-2480.47,USD,2025-06-30T18:45:34,ATM withdrawal,
5051,328,1,3053.27,USD,2024-03-20T11:09:34,Deposit,
5052,302,5,-1659.4,USD,2022-05-05T12:17:44,Monthly fee,
5053,501,6,2182.7,USD,2025-05-31T15:37:55,Interest credit,
5054,60,2,-741.89,USD,2023-03-27T22:33:19,ATM withdrawal,
5055,118,5,-4356.62,USD,2022-02-08T00:06:49,Monthly fee,
5056,376,6,2985.16,USD,2023-03-01T21:22:17,Interest credit,
5057,86,2,-879.28,USD,2022-03-27T19:35:58,ATM withdrawal,
5058,254,6,3804.37,USD,2025-04-25T10:20:10,Interest credit,
5059,240,6,2107.99,USD,2024-04-13T22:16:12,Interest credit,
5060,460,6,4235.59,USD,2022-06-01T10:29:44,Interest credit,
5061,549,2,-2485.62,USD,2022-04-05T06:54:33,ATM withdrawal,
5062,489,2,-4347.94,USD,2022-10-02T23:07:29,ATM withdrawal,
5063,517,2,-3025.64,USD,2023-02-28T21:47:04,ATM withdrawal,
5064,276,5,-2800.0,USD,2024-07-09T23:44:47,Monthly fee,
5065,320,6,4818.32,USD,2025-05-13T21:58:15,Interest credit,
5066,145,5,-3696.66,USD,2023-01-09T12:03:18,Monthly fee,
5067,292,1,3124.8,USD,2023-12-22T21:09:49,Deposit,
5068,130,1,1149.81,USD,2022-03-13T18:35:35,Deposit,
5069,2,2,-1713.68,USD,2023-04-27T11:09:15,ATM withdrawal,
5070,316,5,-2215.53,USD,2025-10-04T03:09:16,Monthly fee,
5071,310,6,2417.7,USD,2024-10-15T20:50:58,Interest credit,
5072,181,6,2567.21,USD,2024-04-21T10:54:23,Interest credit,
5073,15,5,-3444.01,USD,2024-11-28T08:15:57,Monthly fee,
5074,10,5,-4472.7,USD,2023-05-15T20:52:19,Monthly fee,
5075,154,5,-2096.01,USD,2024-01-07T05:10:02,Monthly fee,
5076,234,5,-2805.54,USD,2023-12-25T07:50:46,Monthly fee,
5077,253,1,3257.58,USD,2025-01-01T11:18:15,Deposit,
5078,503,2,-4174.34,USD,2024-05-20T20:10:20,ATM withdrawal,
5079,308,5,-2663.86,USD,2025-09-29T06:34:49,Monthly fee,
5080,342,2,-448.5,USD,2025-05-21T11:29:44,ATM withdrawal,
5081,342,6,4276.02,USD,2024-10-07T12:01:11,Interest credit,
5082,291,5,-256.81,USD,2022-06-06T03:57:48,Monthly fee,
5083,296,2,-899.84,USD,2022-04-09T10:46:17,ATM withdrawal,
5084,539,1,4721.86,USD,2024-09-04T05:06:31,Deposit,
5085,534,6,2795.29,USD,2023-09-01T02:47:22,Interest credit,
5086,49,5,-2010.8,USD,2022-10-10T17:58:25,Monthly fee,
5087,54,6,1260.63,USD,2023-11-11T05:36:32,Interest credit,
5088,385,6,3846.47,USD,2023-11-15T09:09:10,Interest credit,
5089,247,2,-1550.42,USD,2023-01-14T20:40:43,ATM withdrawal,
5090,22,1,2340.17,USD,2024-10-12T11:42:22,Deposit,
5091,139,5,-2533.15,USD,2023-04-02T18:19:11,Monthly fee,
5092,352,6,918.35,USD,2023-04-15T14:18:06,Interest credit,
5093,87,1,4155.87,USD,2023-01-06T03:15:36,Deposit,
5094,326,1,549.03,USD,2024-08-28T06:28:16,Deposit,
5095,508,6,4367.85,USD,2022-12-28T20:41:10,Interest credit,
5096,46,2,-478.96,USD,2023-07-05T09:08:15,ATM withdrawal,
5097,545,2,-4975.77,USD,2023-07-01T21:28:21,ATM withdrawal,
5098,278,2,-2330.86,USD,2022-01-07T04:41:31,ATM withdrawal,
5099,17,6,3183.37,USD,2022-02-13T19:50:09,Interest credit,
5100,169,6,1687.0,USD,2024-01-12T17:39:21,Interest credit,
5101,368,2,-4309.49,USD,2023-03-24T01:16:22,ATM withdrawal,
5102,112,5,-810.95,USD,2024-04-09T18:27:13,Monthly fee,
5103,492,1,190.77,USD,2025-04-13T19:25:17,Deposit,
5104,93,2,-1287.18,USD,2024-01-18T12:50:34,ATM withdrawal,
5105,550,1,2981.48,USD,2022-05-11T03:06:49,Deposit,
5106,144,1,2957.14,USD,2023-06-30T04:27:39,Deposit,
5107,277,1,4401.63,USD,2022-07-01T14:43:08,Deposit,
5108,213,5,-3276.98,USD,2024-03-11T00:14:33,Monthly fee,
5109,7,1,616.09,USD,2022-07-25T15:06:33,Deposit,
5110,490,1,2655.88,USD,2023-04-19T13:51:13,Deposit,
5111,77,2,-3555.53,USD,2024-07-08T19:09:06,ATM withdrawal,
5112,45,2,-3528.45,USD,2024-11-24T21:31:49,ATM withdrawal,
5113,116,6,4243.99,USD,2022-06-14T16:20:24,Interest credit,
5114,35,6,4682.81,USD,2024-08-22T03:17:34,Interest credit,
5115,537,1,1827.11,USD,2025-12-12T07:11:02,Deposit,
5116,105,1,3500.47,USD,2025-10-22T07:49:53,Deposit,
5117,372,5,-2573.25,USD,2022-06-07T00:27:09,Monthly fee,
5118,88,2,-2567.01,USD,2024-10-24T19:42:07,ATM withdrawal,
5119,423,5,-185.86,USD,2025-03-14T12:15:47,Monthly fee,
5120,424,5,-3965.74,USD,2022-02-17T17:44:53,Monthly fee,
5121,513,2,-3104.67,USD,2023-02-28T03:07:35,ATM withdrawal,
5122,432,1,4447.59,USD,2025-05-21T01:37:41,Deposit,
5123,116,6,1952.93,USD,2024-03-01T13:21:57,Interest credit,
5124,57,5,-2025.19,USD,2022-10-19T08:20:21,Monthly fee,
5125,345,2,-2590.26,USD,2022-06-29T21:03:39,ATM withdrawal,
5126,38,5,-771.11,USD,2024-11-04T11:25:20,Monthly fee,
5127,369,1,4466.2,USD,2024-08-27T19:31:51,Deposit,
5128,165,6,1623.87,USD,2023-06-03T11:33:53,Interest credit,
5129,83,5,-1153.13,USD,2022-10-26T06:49:46,Monthly fee,
5130,294,5,-3044.82,USD,2025-04-28T18:56:55,Monthly fee,
5131,160,6,1366.37,USD,2024-04-02T21:54:47,Interest credit,
5132,433,2,-3340.92,USD,2024-04-18T22:30:34,ATM withdrawal,
5133,325,5,-1651.27,USD,2024-07-03T13:00:21,Monthly fee,
5134,517,6,2767.37,USD,2025-06-13T03:28:24,Interest credit,
5135,219,1,768.28,USD,2024-03-10T08:02:58,Deposit,
5136,528,2,-477.81,USD,2023-07-27T18:23:41,ATM withdrawal,
5137,548,1,2020.37,USD,2023-11-16T19:52:51,Deposit,
5138,439,2,-469.08,USD,2024-12-29T16:31:40,ATM withdrawal,
5139,118,6,2981.86,USD,2024-12-19T16:41:11,Interest credit,
5140,196,5,-569.05,USD,2024-06-13T23:01:50,Monthly fee,
5141,380,6,4530.4,USD,2023-11-13T21:01:21,Interest credit,
5142,363,1,1499.82,USD,2024-07-24T18:41:43,Deposit,
5143,107,2,-923.59,USD,2022-08-24T10:30:21,ATM withdrawal,
5144,223,1,4509.11,USD,2022-08-25T11:34:44,Deposit,
5145,527,5,-2845.21,USD,2022-09-29T16:37:58,Monthly fee,
5146,98,1,1287.95,USD,2022-08-12T01:38:29,Deposit,
5147,175,2,-3394.61,USD,2022-11-22T10:35:19,ATM withdrawal,
5148,33,5,-92.79,USD,2025-04-03T06:53:15,Monthly fee,
5149,451,2,-4870.62,USD,2022-12-24T12:02:35,ATM withdrawal,
5150,11,2,-2680.51,USD,2023-01-06T06:34:35,ATM withdrawal,
5151,378,6,3866.97,USD,2025-11-12T10:25:26,Interest credit,
5152,377,5,-3379.39,USD,2024-05-18T23:08:03,Monthly fee,
5153,133,6,1090.7,USD,2024-02-17T19:21:33,Interest credit,
5154,41,1,64.93,USD,2023-06-02T17:42:38,Deposit,
5155,94,6,2791.7,USD,2023-12-31T17:42:44,Interest credit,
5156,317,1,4699.43,USD,2023-12-12T20:58:07,Deposit,
5157,85,6,4639.96,USD,2025-09-17T06:39:47,Interest credit,
5158,207,1,2820.26,USD,2023-05-18T23:14:03,Deposit,
5159,519,6,2549.63,USD,2023-05-10T19:30:31,Interest credit,
5160,453,1,1503.05,USD,2023-01-18T11:45:56,Deposit,
5161,125,5,-876.11,USD,2022-04-19T07:01:26,Monthly fee,
5162,374,6,3063.6,USD,2025-11-30T11:38:31,Interest credit,
5163,313,1,1565.76,USD,2022-08-05T16:31:13,Deposit,
5164,405,5,-540.72,USD,2024-02-04T16:22:51,Monthly fee,
5165,291,2,-1462.42,USD,2025-04-10T05:00:09,ATM withdrawal,
5166,109,2,-1468.6,USD,2025-02-14T04:03:11,ATM withdrawal,
5167,288,6,1094.52,USD,2024-10-22T07:11:32,Interest credit,
5168,60,2,-2764.12,USD,2024-08-15T21:13:20,ATM withdrawal,
5169,238,5,-619.2,USD,2024-06-24T07:48:28,Monthly fee,
5170,76,6,2723.08,USD,2024-01-10T16:31:54,Interest credit,
5171,352,6,3251.06,USD,2025-02-12T10:30:17,Interest credit,
5172,200,2,-480.95,USD,2022-08-15T13:17:28,ATM withdrawal,
5173,549,6,4754.38,USD,2022-04-27T10:12:46,Interest credit,
5174,437,1,4155.14,USD,2024-09-28T09:45:12,Deposit,
5175,244,1,3090.97,USD,2024-08-14T11:03:19,Deposit,
5176,244,2,-488.73,USD,2025-03-08T18:39:35,ATM withdrawal,
5177,513,6,35.21,USD,2024-04-11T04:57:34,Interest credit,
5178,69,5,-3019.14,USD,2023-03-13T12:32:32,Monthly fee,
5179,225,1,577.21,USD,2022-08-10T23:46:26,Deposit,
5180,8,6,1402.19,USD,2024-02-27T12:32:50,Interest credit,
5181,84,2,-1721.17,USD,2024-09-27T21:27:59,ATM withdrawal,
5182,245,1,4796.45,USD,2025-03-09T14:50:37,Deposit,
5183,175,1,2519.93,USD,2022-06-26T22:26:02,Deposit,
5184,521,6,1505.29,USD,2023-05-10T11:05:33,Interest credit,
5185,462,6,1075.17,USD,2023-11-25T17:18:48,Interest credit,
5186,467,6,3546.82,USD,2025-10-22T12:28:37,Interest credit,
5187,354,1,1089.47,USD,2023-12-08T16:35:39,Deposit,
5188,43,5,-1095.92,USD,2022-11-29T10:21:31,Monthly fee,
5189,356,6,3323.33,USD,2025-01-23T21:52:34,Interest credit,
5190,498,6,3006.5,USD,2022-03-30T09:11:11,Interest credit,
5191,41,2,-1520.14,USD,2023-11-17T21:33:39,ATM withdrawal,
5192,56,2,-3581.79,USD,2024-10-02T01:45:57,ATM withdrawal,
5193,134,5,-156.47,USD,2023-06-16T20:07:54,Monthly fee,
5194,521,6,2868.5,USD,2024-09-17T16:20:37,Interest credit,
5195,156,6,2792.45,USD,2024-06-08T15:49:43,Interest credit,
5196,118,5,-4662.37,USD,2022-06-10T13:37:25,Monthly fee,
5197,16,1,1824.39,USD,2025-08-19T18:35:35,Deposit,
5198,335,1,20.48,USD,2022-05-25T20:06:34,Deposit,
5199,278,2,-1804.09,USD,2023-01-14T13:17:01,ATM withdrawal,
5200,323,1,2429.31,USD,2023-11-13T16:36:08,Deposit,
5201,72,1,3157.41,USD,2024-01-21T18:22:09,Deposit,
5202,111,5,-4563.97,USD,2022-11-06T01:38:31,Monthly fee,
5203,352,1,4481.72,USD,2024-06-29T15:26:53,Deposit,
5204,431,5,-4562.21,USD,2022-03-19T01:28:08,Monthly fee,
5205,32,2,-4798.71,USD,2025-12-13T04:21:50,ATM withdrawal,
5206,380,6,4478.26,USD,2022-11-12T22:34:10,Interest credit,
5207,527,5,-3269.56,USD,2024-09-22T03:09:07,Monthly fee,
5208,346,6,2657.71,USD,2024-02-01T01:40:19,Interest credit,
5209,541,6,2746.77,USD,2023-08-19T19:34:29,Interest credit,
5210,349,1,3042.65,USD,2023-08-19T04:44:06,Deposit,
5211,395,2,-361.76,USD,2024-08-24T12:28:52,ATM withdrawal,
5212,451,6,421.86,USD,2024-09-17T10:38:50,Interest credit,
5213,243,1,4213.67,USD,2022-02-26T12:07:40,Deposit,
5214,467,6,2684.57,USD,2025-06-02T08:19:16,Interest credit,
5215,378,1,3317.01,USD,2025-08-11T15:49:02,Deposit,
5216,225,1,1016.57,USD,2024-11-10T15:14:52,Deposit,
5217,251,1,538.6,USD,2025-02-10T08:13:55,Deposit,
5218,45,1,1157.85,USD,2022-05-09T07:17:35,Deposit,
5219,489,5,-906.43,USD,2022-09-25T15:17:49,Monthly fee,
5220,221,5,-729.48,USD,2025-12-11T03:18:14,Monthly fee,
5221,537,5,-100.25,USD,2022-02-20T09:59:43,Monthly fee,
5222,534,1,2263.5,USD,2023-07-05T16:32:03,Deposit,
5223,115,2,-4552.35,USD,2024-05-15T07:28:45,ATM withdrawal,
5224,515,6,868.35,USD,2025-02-06T22:10:48,Interest credit,
5225,325,1,3178.23,USD,2025-07-09T19:56:56,Deposit,
5226,306,2,-1359.98,USD,2025-10-26T02:19:22,ATM withdrawal,
5227,187,1,1277.36,USD,2022-01-16T01:17:41,Deposit,
5228,32,6,942.97,USD,2024-12-05T22:34:26,Interest credit,
5229,518,5,-2209.45,USD,2025-03-24T10:05:32,Monthly fee,
5230,404,5,-4007.92,USD,2024-02-14T03:16:01,Monthly fee,
5231,194,5,-1364.7,USD,2023-06-23T00:51:52,Monthly fee,
5232,415,1,107.82,USD,2023-03-12T05:22:35,Deposit,
5233,482,5,-4904.39,USD,2024-03-29T19:31:04,Monthly fee,
5234,166,1,41.66,USD,2025-06-30T23:33:53,Deposit,
5235,216,5,-2328.3,USD,2023-05-17T18:55:28,Monthly fee,
5236,216,5,-428.31,USD,2025-07-16T14:03:33,Monthly fee,
5237,249,5,-1772.14,USD,2023-03-11T00:28:06,Monthly fee,
5238,107,1,4777.26,USD,2023-11-03T23:44:56,Deposit,
5239,149,6,1718.8,USD,2025-10-05T07:35:28,Interest credit,
5240,239,2,-4739.94,USD,2022-05-29T14:47:49,ATM withdrawal,
5241,160,1,1770.3,USD,2023-06-06T23:57:24,Deposit,
5242,374,6,2733.98,USD,2024-03-02T12:52:47,Interest credit,
5243,388,2,-3897.35,USD,2022-07-30T06:04:08,ATM withdrawal,
5244,289,1,545.52,USD,2023-01-10T12:22:15,Deposit,
5245,457,2,-4952.72,USD,2023-04-09T18:54:28,ATM withdrawal,
5246,548,5,-258.77,USD,2024-06-18T11:11:15,Monthly fee,
5247,250,5,-1860.84,USD,2025-09-04T08:39:39,Monthly fee,
5248,189,1,2568.46,USD,2024-08-07T22:20:02,Deposit,
5249,121,2,-982.56,USD,2023-09-14T09:13:43,ATM withdrawal,
5250,441,5,-3452.85,USD,2022-08-17T10:14:10,Monthly fee,
5251,509,6,4492.57,USD,2023-02-21T20:39:20,Interest credit,
5252,448,5,-4599.43,USD,2023-07-13T20:08:59,Monthly fee,
5253,219,6,3901.44,USD,2023-07-19T23:32:21,Interest credit,
5254,379,1,956.25,USD,2023-03-31T16:16:14,Deposit,
5255,419,6,373.1,USD,2022-06-04T06:23:44,Interest credit,
5256,522,5,-1793.95,USD,2024-08-12T21:43:20,Monthly fee,
5257,26,2,-3150.25,USD,2024-07-18T11:42:49,ATM withdrawal,
5258,8,1,389.54,USD,2022-05-31T17:06:36,Deposit,
5259,343,1,1813.2,USD,2025-01-13T10:59:35,Deposit,
5260,235,1,2676.43,USD,2022-07-27T00:28:36,Deposit,
5261,72,1,2532.45,USD,2024-09-06T15:37:53,Deposit,
5262,44,6,1489.53,USD,2024-04-14T07:17:30,Interest credit,
5263,245,6,840.78,USD,2025-02-02T07:03:02,Interest credit,
5264,216,1,2098.14,USD,2023-04-17T17:24:58,Deposit,
5265,107,6,261.55,USD,2022-11-12T04:28:49,Interest credit,
5266,279,2,-3498.66,USD,2022-06-30T15:35:57,ATM withdrawal,
5267,188,6,2210.65,USD,2022-05-30T01:48:22,Interest credit,
5268,27,1,3522.63,USD,2025-02-12T07:10:22,Deposit,
5269,324,1,765.71,USD,2023-02-24T22:43:34,Deposit,
5270,221,1,2541.09,USD,2023-04-06T19:56:12,Deposit,
5271,220,5,-2162.78,USD,2022-12-20T13:55:16,Monthly fee,
5272,146,5,-58.39,USD,2022-03-11T22:06:52,Monthly fee,
5273,496,5,-4050.47,USD,2024-01-12T19:06:18,Monthly fee,
5274,269,6,1197.94,USD,2023-02-15T07:56:55,Interest credit,
5275,218,6,2381.05,USD,2022-03-24T14:27:10,Interest credit,
5276,530,1,3411.85,USD,2025-05-02T21:37:22,Deposit,
5277,418,1,1711.02,USD,2023-09-26T20:19:00,Deposit,
5278,303,6,4144.59,USD,2024-06-26T22:06:01,Interest credit,
5279,38,2,-2226.08,USD,2024-10-11T17:38:34,ATM withdrawal,
5280,424,6,3380.29,USD,2025-01-21T03:07:27,Interest credit,
5281,288,1,631.87,USD,2023-09-18T17:12:47,Deposit,
5282,522,6,4360.14,USD,2023-11-12T06:41:25,Interest credit,
5283,484,6,1080.45,USD,2024-07-03T05:45:34,Interest credit,
5284,464,2,-2330.29,USD,2023-12-29T14:40:13,ATM withdrawal,
5285,110,2,-3376.95,USD,2025-06-20T03:55:48,ATM withdrawal,
5286,204,1,3947.44,USD,2023-05-27T17:24:48,Deposit,
5287,62,6,2845.65,USD,2024-09-26T09:25:47,Interest credit,
5288,142,2,-4935.38,USD,2022-12-03T04:20:17,ATM withdrawal,
5289,309,6,4511.38,USD,2025-08-24T07:39:25,Interest credit,
5290,201,2,-1899.25,USD,2025-03-03T03:38:30,ATM withdrawal,
5291,397,6,989.01,USD,2023-02-06T00:11:51,Interest credit,
5292,295,1,1573.65,USD,2025-11-27T19:35:16,Deposit,
5293,277,6,2294.33,USD,2025-04-18T08:34:42,Interest credit,
5294,319,6,536.91,USD,2024-04-03T15:23:47,Interest credit,
5295,397,5,-3820.51,USD,2024-01-13T20:27:19,Monthly fee,
5296,256,1,2972.57,USD,2024-11-03T16:38:48,Deposit,
5297,56,1,1634.41,USD,2022-04-17T21:24:47,Deposit,
5298,301,1,4078.8,USD,2023-03-17T21:46:53,Deposit,
5299,364,6,3410.45,USD,2024-05-25T09:43:41,Interest credit,
5300,49,5,-3515.08,USD,2025-03-12T10:20:05,Monthly fee,
5301,307,5,-2277.58,USD,2025-08-02T21:10:35,Monthly fee,
5302,103,6,4923.35,USD,2023-10-27T19:53:26,Interest credit,
5303,47,5,-701.33,USD,2024-07-05T02:56:26,Monthly fee,
5304,472,6,2761.38,USD,2022-05-25T19:31:24,Interest credit,
5305,467,2,-612.98,USD,2025-01-28T02:09:16,ATM withdrawal,
5306,501,5,-4435.9,USD,2024-05-22T01:20:42,Monthly fee,
5307,19,2,-4215.02,USD,2024-03-22T10:04:20,ATM withdrawal,
5308,464,2,-4027.21,USD,2023-01-04T08:41:43,ATM withdrawal,
5309,116,1,1756.37,USD,2024-02-13T04:27:12,Deposit,
5310,399,2,-2791.01,USD,2024-05-31T19:02:23,ATM withdrawal,
5311,217,6,774.08,USD,2024-04-26T21:25:23,Interest credit,
5312,289,1,2936.67,USD,2022-04-22T03:50:41,Deposit,
5313,111,6,250.63,USD,2024-08-27T17:57:08,Interest credit,
5314,108,1,4850.46,USD,2024-05-10T08:15:42,Deposit,
5315,445,1,1983.31,USD,2024-01-02T04:16:29,Deposit,
5316,371,1,2405.8,USD,2025-08-25T02:11:39,Deposit,
5317,457,2,-1774.13,USD,2025-01-23T15:06:15,ATM withdrawal,
5318,140,2,-4900.7,USD,2024-11-18T15:22:16,ATM withdrawal,
5319,155,1,118.94,USD,2024-03-20T14:19:04,Deposit,
5320,532,2,-3237.25,USD,2023-09-05T21:13:02,ATM withdrawal,
5321,336,1,1396.41,USD,2025-01-11T06:36:04,Deposit,
5322,483,2,-4350.7,USD,2022-04-02T00:35:25,ATM withdrawal,
5323,332,6,2733.17,USD,2025-03-28T15:50:03,Interest credit,
5324,287,1,3791.69,USD,2024-08-27T08:08:39,Deposit,
5325,272,2,-743.12,USD,2024-01-03T22:53:38,ATM withdrawal,
5326,432,6,4517.11,USD,2025-01-04T04:36:11,Interest credit,
5327,496,2,-260.68,USD,2024-09-16T07:47:53,ATM withdrawal,
5328,246,6,4689.12,USD,2024-09-18T06:18:35,Interest credit,
5329,332,6,2415.3,USD,2025-01-01T09:59:41,Interest credit,
5330,4,1,3552.37,USD,2025-04-26T15:16:37,Deposit,
5331,225,6,1730.67,USD,2025-03-03T04:31:56,Interest credit,
5332,59,5,-1844.23,USD,2022-06-05T12:25:50,Monthly fee,
5333,357,1,1458.77,USD,2023-04-15T09:53:17,Deposit,
5334,298,6,2181.79,USD,2022-08-15T20:06:28,Interest credit,
5335,473,1,2039.93,USD,2023-04-30T01:11:50,Deposit,
5336,288,2,-4524.65,USD,2025-03-18T16:50:59,ATM withdrawal,
5337,96,2,-3446.45,USD,2023-01-10T01:08:45,ATM withdrawal,
5338,506,2,-4506.2,USD,2024-01-02T15:21:10,ATM withdrawal,
5339,186,6,4681.6,USD,2023-10-03T10:18:33,Interest credit,
5340,229,1,1586.29,USD,2022-12-21T22:08:36,Deposit,
5341,221,1,4361.3,USD,2022-08-14T03:31:38,Deposit,
5342,393,5,-487.22,USD,2023-09-05T11:53:03,Monthly fee,
5343,366,5,-3117.87,USD,2022-06-09T04:59:52,Monthly fee,
5344,297,6,2167.85,USD,2022-04-19T22:03:06,Interest credit,
5345,348,6,1186.48,USD,2023-07-02T06:29:29,Interest credit,
5346,19,1,1539.58,USD,2024-11-16T18:10:46,Deposit,
5347,15,5,-4061.33,USD,2024-04-06T06:20:34,Monthly fee,
5348,342,2,-458.68,USD,2022-07-03T01:07:31,ATM withdrawal,
5349,173,1,2298.29,USD,2022-03-20T11:53:31,Deposit,
5350,490,2,-4989.53,USD,2024-08-19T11:12:14,ATM withdrawal,
5351,221,5,-2102.47,USD,2024-07-13T06:53:09,Monthly fee,
5352,313,6,148.41,USD,2022-11-03T23:32:53,Interest credit,
5353,548,5,-1712.89,USD,2025-04-23T12:44:37,Monthly fee,
5354,237,2,-2505.11,USD,2023-06-22T15:46:11,ATM withdrawal,
5355,437,6,251.63,USD,2025-12-27T05:49:58,Interest credit,
5356,470,1,2731.79,USD,2023-05-10T06:41:45,Deposit,
5357,193,1,3573.88,USD,2025-05-28T15:43:22,Deposit,
5358,62,6,2806.93,USD,2025-11-19T16:33:26,Interest credit,
5359,354,5,-2802.64,USD,2025-06-26T03:40:13,Monthly fee,
5360,336,5,-1993.68,USD,2024-04-06T20:22:58,Monthly fee,
5361,152,2,-2600.48,USD,2024-07-30T10:58:14,ATM withdrawal,
5362,254,6,2808.11,USD,2024-05-18T01:04:03,Interest credit,
5363,168,5,-1993.49,USD,2025-08-25T18:33:10,Monthly fee,
5364,450,6,3747.22,USD,2025-03-16T19:54:28,Interest credit,
5365,92,5,-2171.97,USD,2025-03-21T17:39:25,Monthly fee,
5366,202,2,-4916.2,USD,2024-08-05T10:17:01,ATM withdrawal,
5367,337,5,-1796.13,USD,2022-03-23T17:40:12,Monthly fee,
5368,269,5,-19.16,USD,2024-03-22T04:35:38,Monthly fee,
5369,333,5,-1415.29,USD,2023-06-17T15:36:53,Monthly fee,
5370,129,6,36.87,USD,2022-12-10T23:25:33,Interest credit,
5371,542,1,719.46,USD,2022-07-04T03:45:34,Deposit,
5372,325,5,-1098.13,USD,2023-02-26T19:40:58,Monthly fee,
5373,168,5,-2193.97,USD,2025-01-13T23:24:53,Monthly fee,
5374,356,1,4105.98,USD,2025-05-14T11:42:41,Deposit,
5375,135,5,-4497.58,USD,2023-03-12T01:54:33,Monthly fee,
5376,6,1,4539.45,USD,2022-03-17T07:44:35,Deposit,
5377,113,1,3853.89,USD,2024-07-15T08:57:07,Deposit,
5378,179,6,3263.41,USD,2022-04-09T00:52:39,Interest credit,
5379,92,1,1121.13,USD,2022-10-12T16:02:28,Deposit,
5380,146,5,-4039.5,USD,2023-07-31T14:16:24,Monthly fee,
5381,166,2,-2031.2,USD,2025-06-25T12:18:02,ATM withdrawal,
5382,511,6,1215.69,USD,2025-01-21T12:14:40,Interest credit,
5383,90,6,4337.72,USD,2023-06-07T10:45:23,Interest credit,
5384,322,5,-3910.14,USD,2022-01-25T13:57:02,Monthly fee,
5385,507,1,1833.71,USD,2022-01-10T14:07:10,Deposit,
5386,536,6,2835.05,USD,2022-08-12T02:31:45,Interest credit,
5387,437,2,-412.49,USD,2023-11-19T16:32:30,ATM withdrawal,
5388,239,1,1384.03,USD,2025-10-09T01:42:56,Deposit,
5389,238,2,-550.77,USD,2022-10-03T06:23:10,ATM withdrawal,
5390,332,2,-3797.44,USD,2022-10-31T01:35:40,ATM withdrawal,
5391,94,2,-3415.95,USD,2023-10-01T19:38:15,ATM withdrawal,
5392,81,1,4740.69,USD,2022-07-18T02:08:32,Deposit,
5393,276,1,3896.64,USD,2024-10-11T04:54:14,Deposit,
5394,267,5,-1968.62,USD,2024-10-18T15:40:59,Monthly fee,
5395,375,2,-3823.21,USD,2025-01-30T18:55:58,ATM withdrawal,
5396,45,2,-4965.09,USD,2024-04-06T16:05:51,ATM withdrawal,
5397,326,5,-763.8,USD,2025-01-16T05:37:05,Monthly fee,
5398,427,1,3497.17,USD,2025-03-29T22:04:38,Deposit,
5399,69,6,4972.29,USD,2022-01-08T20:01:07,Interest credit,
5400,384,1,4657.79,USD,2024-08-11T14:00:49,Deposit,
5401,462,5,-3745.64,USD,2023-04-04T20:42:16,Monthly fee,
5402,485,2,-436.93,USD,2024-08-13T21:46:13,ATM withdrawal,
5403,119,5,-1819.53,USD,2022-01-20T11:26:41,Monthly fee,
5404,318,2,-86.78,USD,2023-07-27T08:26:19,ATM withdrawal,
5405,159,5,-2905.27,USD,2024-01-28T04:45:21,Monthly fee,
5406,170,2,-4757.78,USD,2023-08-10T04:44:03,ATM withdrawal,
5407,12,5,-770.33,USD,2025-07-27T11:34:45,Monthly fee,
5408,299,2,-884.66,USD,2025-05-13T18:05:12,ATM withdrawal,
5409,490,1,2400.85,USD,2022-10-03T04:17:16,Deposit,
5410,112,5,-3801.82,USD,2023-03-30T06:11:29,Monthly fee,
5411,532,5,-1607.38,USD,2025-07-02T07:01:20,Monthly fee,
5412,9,6,3059.23,USD,2025-04-19T17:31:23,Interest credit,
5413,543,5,-756.69,USD,2023-12-15T15:10:17,Monthly fee,
5414,160,5,-2827.65,USD,2024-10-29T15:26:16,Monthly fee,
5415,21,1,3775.9,USD,2024-03-19T18:27:16,Deposit,
5416,447,1,572.98,USD,2024-04-17T09:17:42,Deposit,
5417,141,2,-4243.58,USD,2024-07-16T00:05:49,ATM withdrawal,
5418,298,1,1691.85,USD,2024-01-19T02:47:02,Deposit,
5419,357,1,4941.25,USD,2024-09-25T10:30:54,Deposit,
5420,528,6,419.65,USD,2022-11-09T07:52:23,Interest credit,
5421,513,6,1896.55,USD,2022-11-22T12:39:03,Interest credit,
5422,88,1,4378.59,USD,2024-06-02T07:49:10,Deposit,
5423,239,6,3860.36,USD,2022-11-21T11:12:28,Interest credit,
5424,537,6,1066.53,USD,2024-07-15T01:07:40,Interest credit,
5425,216,1,3373.35,USD,2024-03-14T23:35:35,Deposit,
5426,457,1,4443.14,USD,2023-05-25T21:45:48,Deposit,
5427,138,2,-497.89,USD,2023-09-19T18:59:21,ATM withdrawal,
5428,547,6,1280.31,USD,2025-03-21T02:52:53,Interest credit,
5429,506,1,1612.77,USD,2022-01-31T06:56:59,Deposit,
5430,57,6,3964.07,USD,2023-08-19T13:02:07,Interest credit,
5431,38,5,-2572.68,USD,2022-12-10T08:18:04,Monthly fee,
5432,90,1,3816.52,USD,2025-03-18T15:46:14,Deposit,
5433,12,2,-4078.41,USD,2022-06-08T01:23:54,ATM withdrawal,
5434,100,6,3792.78,USD,2022-06-21T09:47:55,Interest credit,
5435,440,1,52.1,USD,2024-02-24T08:15:51,Deposit,
5436,152,6,4200.31,USD,2022-08-04T09:11:16,Interest credit,
5437,226,2,-3170.68,USD,2023-06-12T22:17:55,ATM withdrawal,
5438,192,5,-530.31,USD,2024-02-07T07:34:19,Monthly fee,
5439,98,1,3900.51,USD,2022-12-28T09:01:38,Deposit,
5440,493,5,-922.19,USD,2024-03-19T00:44:25,Monthly fee,
5441,421,5,-3457.86,USD,2023-03-19T03:56:06,Monthly fee,
5442,229,1,3115.11,USD,2023-05-05T14:30:18,Deposit,
5443,64,1,3041.14,USD,2023-06-25T05:10:32,Deposit,
5444,367,2,-873.64,USD,2023-09-30T06:14:45,ATM withdrawal,
5445,9,1,1942.81,USD,2022-12-22T07:03:20,Deposit,
5446,31,5,-4526.32,USD,2025-01-15T04:30:31,Monthly fee,
5447,201,5,-3707.36,USD,2024-08-06T22:54:12,Monthly fee,
5448,291,6,3361.14,USD,2022-10-27T23:27:30,Interest credit,
5449,320,2,-4573.95,USD,2023-11-24T23:47:05,ATM withdrawal,
5450,128,6,2214.05,USD,2023-05-21T14:53:27,Interest credit,
5451,416,1,2145.48,USD,2024-01-26T19:13:49,Deposit,
5452,470,6,804.21,USD,2023-10-15T14:52:18,Interest credit,
5453,271,1,4170.72,USD,2023-12-18T06:39:24,Deposit,
5454,406,1,2637.01,USD,2024-04-19T01:50:19,Deposit,
5455,523,5,-30.84,USD,2022-06-06T17:23:05,Monthly fee,
5456,301,6,4530.6,USD,2024-07-30T06:25:34,Interest credit,
5457,304,5,-1913.15,USD,2024-11-23T19:42:57,Monthly fee,
5458,66,2,-1431.72,USD,2023-02-09T22:05:46,ATM withdrawal,
5459,392,6,1846.7,USD,2025-11-29T00:41:13,Interest credit,
5460,110,1,3062.15,USD,2024-12-20T17:32:11,Deposit,
5461,373,6,962.21,USD,2025-06-18T15:14:47,Interest credit,
5462,409,6,2652.58,USD,2025-09-29T16:35:49,Interest credit,
5463,21,1,2930.88,USD,2024-04-20T05:11:13,Deposit,
5464,98,5,-653.27,USD,2022-07-30T03:42:53,Monthly fee,
5465,182,5,-1212.33,USD,2023-07-09T00:17:56,Monthly fee,
5466,268,5,-3162.55,USD,2022-01-01T14:56:08,Monthly fee,
5467,91,1,4251.48,USD,2022-09-10T05:20:37,Deposit,
5468,388,6,4597.58,USD,2024-07-15T18:49:45,Interest credit,
5469,362,6,494.5,USD,2023-03-10T19:12:45,Interest credit,
5470,360,2,-223.18,USD,2025-04-07T06:50:25,ATM withdrawal,
5471,222,2,-2898.51,USD,2025-04-26T15:48:23,ATM withdrawal,
5472,488,6,2521.34,USD,2024-09-17T21:31:45,Interest credit,
5473,396,1,845.26,USD,2024-05-08T11:07:59,Deposit,
5474,263,2,-1558.95,USD,2022-08-10T00:03:51,ATM withdrawal,
5475,420,1,102.52,USD,2023-07-12T02:32:04,Deposit,
5476,247,6,2037.57,USD,2022-10-23T01:26:24,Interest credit,
5477,437,1,40.08,USD,2022-12-13T01:05:05,Deposit,
5478,462,5,-1833.39,USD,2025-10-11T23:32:41,Monthly fee,
5479,544,2,-1322.81,USD,2024-07-27T07:04:03,ATM withdrawal,
5480,109,1,3645.38,USD,2024-04-11T01:00:14,Deposit,
5481,7,5,-2923.56,USD,2023-04-04T15:02:24,Monthly fee,
5482,118,2,-4194.69,USD,2023-11-02T11:22:07,ATM withdrawal,
5483,376,1,1114.85,USD,2022-09-18T05:41:08,Deposit,
5484,432,6,4945.43,USD,2023-11-14T01:38:57,Interest credit,
5485,27,1,2394.87,USD,2022-04-20T20:44:22,Deposit,
5486,428,5,-2995.98,USD,2022-03-17T08:20:28,Monthly fee,
5487,282,6,597.3,USD,2025-07-14T06:22:04,Interest credit,
5488,180,1,238.29,USD,2023-12-07T22:52:07,Deposit,
5489,324,2,-3714.64,USD,2023-09-26T07:52:25,ATM withdrawal,
5490,338,6,4833.23,USD,2024-01-28T23:35:48,Interest credit,
5491,398,6,4104.66,USD,2023-06-10T08:49:14,Interest credit,
5492,31,2,-2258.77,USD,2025-06-15T03:04:29,ATM withdrawal,
5493,316,5,-4327.22,USD,2022-08-10T20:33:21,Monthly fee,
5494,66,2,-119.58,USD,2023-06-21T01:17:32,ATM withdrawal,
5495,203,5,-1753.44,USD,2024-08-06T13:59:59,Monthly fee,
5496,136,5,-1533.85,USD,2023-04-03T22:55:10,Monthly fee,
5497,75,5,-3412.77,USD,2022-03-14T15:30:35,Monthly fee,
5498,78,5,-1020.27,USD,2025-05-19T22:14:39,Monthly fee,
5499,378,6,3672.77,USD,2023-06-15T14:26:55,Interest credit,
5500,358,1,1704.64,USD,2024-10-20T12:31:16,Deposit,
5501,274,5,-1072.87,USD,2023-05-19T16:50:26,Monthly fee,
5502,492,2,-1001.29,USD,2022-12-31T21:31:47,ATM withdrawal,
5503,279,2,-3169.39,USD,2024-09-01T21:18:02,ATM withdrawal,
5504,321,1,2376.9,USD,2022-05-27T14:23:30,Deposit,
5505,239,2,-735.92,USD,2023-01-31T13:07:12,ATM withdrawal,
5506,534,1,1546.05,USD,2022-02-02T21:49:03,Deposit,
5507,135,6,3286.62,USD,2023-05-13T21:18:46,Interest credit,
5508,6,2,-2045.03,USD,2024-09-17T20:21:24,ATM withdrawal,
5509,159,5,-760.13,USD,2023-08-26T04:38:14,Monthly fee,
5510,149,6,2298.04,USD,2025-12-13T10:51:09,Interest credit,
5511,53,2,-2117.93,USD,2022-02-22T15:22:38,ATM withdrawal,
5512,527,1,2232.42,USD,2025-08-29T06:04:49,Deposit,
5513,101,6,132.94,USD,2022-06-12T22:53:08,Interest credit,
5514,295,1,3803.98,USD,2024-05-24T01:12:26,Deposit,
5515,9,2,-2354.21,USD,2022-08-16T11:50:45,ATM withdrawal,
5516,455,5,-3489.59,USD,2023-07-22T18:35:30,Monthly fee,
5517,366,5,-3951.73,USD,2025-07-19T05:33:53,Monthly fee,
5518,71,1,3288.46,USD,2025-12-27T18:13:06,Deposit,
5519,232,6,1135.93,USD,2024-02-01T05:14:05,Interest credit,
5520,234,2,-4335.09,USD,2023-11-11T16:46:26,ATM withdrawal,
5521,181,6,2537.76,USD,2023-12-11T00:14:53,Interest credit,
5522,336,1,4445.72,USD,2023-07-06T17:24:41,Deposit,
5523,51,1,243.18,USD,2024-04-11T21:13:09,Deposit,
5524,60,1,244.5,USD,2025-10-24T05:06:39,Deposit,
5525,550,2,-4542.18,USD,2024-03-04T22:47:02,ATM withdrawal,
5526,503,2,-955.18,USD,2023-01-10T11:26:44,ATM withdrawal,
5527,402,1,4784.1,USD,2022-11-08T01:24:08,Deposit,
5528,116,5,-3845.04,USD,2022-11-13T08:36:37,Monthly fee,
5529,531,2,-4244.05,USD,2025-08-27T09:43:08,ATM withdrawal,
5530,109,6,4136.03,USD,2022-08-21T21:07:20,Interest credit,
5531,130,2,-990.29,USD,2023-01-11T17:41:52,ATM withdrawal,
5532,301,1,3998.26,USD,2024-01-19T20:59:52,Deposit,
5533,188,6,2399.62,USD,2024-02-09T11:46:43,Interest credit,
5534,368,2,-4742.36,USD,2024-01-07T07:48:09,ATM withdrawal,
5535,273,2,-1590.09,USD,2023-07-02T22:50:28,ATM withdrawal,
5536,366,5,-2362.22,USD,2022-12-21T09:52:37,Monthly fee,
5537,182,6,3294.51,USD,2024-12-04T14:20:10,Interest credit,
5538,532,2,-2586.82,USD,2024-06-30T01:10:58,ATM withdrawal,
5539,438,2,-1346.98,USD,2025-01-17T11:08:09,ATM withdrawal,
5540,302,2,-407.53,USD,2024-07-06T04:03:35,ATM withdrawal,
5541,236,5,-3448.58,USD,2024-05-29T02:42:01,Monthly fee,
5542,534,6,858.78,USD,2023-01-11T13:51:41,Interest credit,
5543,329,1,2999.02,USD,2022-01-26T23:26:57,Deposit,
5544,448,5,-683.07,USD,2022-03-06T11:21:24,Monthly fee,
5545,156,6,4826.81,USD,2024-01-31T18:14:12,Interest credit,
5546,261,1,2898.49,USD,2024-06-10T05:07:58,Deposit,
5547,524,5,-3685.47,USD,2025-07-06T03:21:23,Monthly fee,
5548,194,5,-3824.17,USD,2025-03-18T20:28:22,Monthly fee,
5549,245,5,-2323.79,USD,2023-03-24T12:21:36,Monthly fee,
5550,176,6,3679.1,USD,2024-06-01T02:07:58,Interest credit,
5551,207,1,3596.03,USD,2024-03-01T03:53:21,Deposit,
5552,514,6,1832.64,USD,2025-11-28T00:56:17,Interest credit,
5553,517,6,290.88,USD,2025-02-13T14:10:58,Interest credit,
5554,536,5,-217.83,USD,2022-09-07T00:27:29,Monthly fee,
5555,402,5,-4328.73,USD,2025-09-28T11:42:17,Monthly fee,
5556,35,5,-2130.88,USD,2022-12-03T01:59:45,Monthly fee,
5557,65,6,1035.73,USD,2025-01-07T10:47:25,Interest credit,
5558,335,1,3202.67,USD,2025-06-01T01:22:49,Deposit,
5559,243,1,1743.21,USD,2023-03-31T08:26:21,Deposit,
5560,30,2,-762.87,USD,2025-12-26T00:54:54,ATM withdrawal,
5561,212,1,2376.84,USD,2022-01-21T22:14:02,Deposit,
5562,513,5,-3217.17,USD,2025-08-04T05:14:55,Monthly fee,
5563,318,2,-3796.47,USD,2025-08-06T13:48:15,ATM withdrawal,
5564,514,5,-3163.93,USD,2022-04-13T16:39:48,Monthly fee,
5565,503,2,-3575.19,USD,2024-03-24T10:18:59,ATM withdrawal,
5566,501,6,1256.62,USD,2022-05-02T02:42:05,Interest credit,
5567,34,5,-4379.5,USD,2025-07-03T22:59:37,Monthly fee,
5568,55,1,2115.85,USD,2025-07-06T20:15:22,Deposit,
5569,531,6,1765.93,USD,2023-06-09T12:01:03,Interest credit,
5570,144,5,-1016.39,USD,2022-01-26T19:48:23,Monthly fee,
5571,528,5,-203.1,USD,2025-08-17T23:17:19,Monthly fee,
5572,70,5,-3643.67,USD,2025-12-30T08:00:07,Monthly fee,
5573,463,6,1468.87,USD,2025-06-10T11:01:12,Interest credit,
5574,324,5,-1275.68,USD,2025-11-18T04:20:58,Monthly fee,
5575,229,1,1587.59,USD,2024-11-30T23:54:55,Deposit,
5576,96,2,-1628.3,USD,2022-08-15T05:55:42,ATM withdrawal,
5577,425,5,-40.17,USD,2025-02-22T19:46:12,Monthly fee,
5578,457,5,-1612.36,USD,2025-01-26T20:49:25,Monthly fee,
5579,63,6,3404.57,USD,2024-05-19T08:12:01,Interest credit,
5580,434,6,974.64,USD,2024-09-21T10:02:09,Interest credit,
5581,489,6,3208.58,USD,2023-01-31T12:10:48,Interest credit,
5582,98,5,-2551.83,USD,2024-07-07T14:57:54,Monthly fee,
5583,264,5,-1591.91,USD,2024-12-16T09:57:35,Monthly fee,
5584,122,1,2099.74,USD,2022-08-03T15:15:41,Deposit,
5585,283,6,1460.93,USD,2023-01-16T02:37:38,Interest credit,
5586,72,5,-987.49,USD,2024-01-05T00:43:36,Monthly fee,
5587,451,1,4738.0,USD,2024-09-13T03:40:47,Deposit,
5588,46,2,-3194.83,USD,2022-11-16T20:49:13,ATM withdrawal,
5589,292,2,-1824.1,USD,2025-06-06T22:25:05,ATM withdrawal,
5590,234,1,1157.8,USD,2024-11-10T13:11:35,Deposit,
5591,122,2,-801.21,USD,2023-06-10T01:52:03,ATM withdrawal,
5592,475,2,-2075.4,USD,2025-09-23T20:38:13,ATM withdrawal,
5593,77,2,-856.22,USD,2023-06-13T03:58:37,ATM withdrawal,
5594,100,1,3191.82,USD,2025-10-26T05:08:54,Deposit,
5595,354,1,2084.06,USD,2023-03-09T22:16:21,Deposit,
5596,217,5,-919.61,USD,2022-08-14T00:23:23,Monthly fee,
5597,112,1,3058.54,USD,2023-04-24T03:02:57,Deposit,
5598,233,1,3740.24,USD,2024-01-01T04:49:28,Deposit,
5599,21,2,-1265.9,USD,2022-05-24T17:40:17,ATM withdrawal,
5600,314,1,3541.59,USD,2023-03-07T16:45:00,Deposit,
5601,509,5,-1798.6,USD,2023-07-14T23:49:02,Monthly fee,
5602,341,5,-3346.09,USD,2023-10-14T17:24:53,Monthly fee,
5603,312,5,-1585.15,USD,2024-03-31T09:25:23,Monthly fee,
5604,25,6,827.11,USD,2025-12-17T06:05:51,Interest credit,
5605,256,5,-543.72,USD,2022-07-21T20:27:09,Monthly fee,
5606,528,5,-1373.98,USD,2023-03-27T11:55:31,Monthly fee,
5607,345,2,-3485.21,USD,2023-09-05T17:49:53,ATM withdrawal,
5608,5,1,258.08,USD,2022-11-24T12:08:14,Deposit,
5609,236,2,-713.11,USD,2024-04-16T02:37:47,ATM withdrawal,
5610,250,1,49.76,USD,2022-03-29T14:39:00,Deposit,
5611,398,5,-2231.04,USD,2025-05-22T23:20:45,Monthly fee,
5612,542,1,121.78,USD,2025-01-19T23:56:43,Deposit,
5613,102,6,1325.08,USD,2022-05-25T23:05:29,Interest credit,
5614,43,6,788.21,USD,2023-05-09T00:45:34,Interest credit,
5615,303,6,2030.98,USD,2022-11-17T19:32:04,Interest credit,
5616,473,2,-1732.61,USD,2025-08-03T08:12:17,ATM withdrawal,
5617,96,6,2168.11,USD,2023-12-05T01:15:27,Interest credit,
5618,17,2,-3001.79,USD,2025-05-20T06:01:22,ATM withdrawal,
5619,124,2,-2330.8,USD,2025-05-17T16:04:03,ATM withdrawal,
5620,528,5,-3928.91,USD,2024-04-13T10:50:08,Monthly fee,
5621,312,2,-2135.19,USD,2022-10-03T06:17:13,ATM withdrawal,
5622,60,5,-218.94,USD,2023-03-26T04:22:46,Monthly fee,
5623,149,5,-1925.85,USD,2022-06-25T00:12:23,Monthly fee,
5624,164,5,-3614.32,USD,2025-09-27T03:23:18,Monthly fee,
5625,302,6,3105.66,USD,2025-12-14T18:21:52,Interest credit,
5626,534,1,3491.25,USD,2023-10-14T22:57:00,Deposit,
5627,118,2,-4971.67,USD,2024-12-10T06:32:36,ATM withdrawal,
5628,176,1,4731.7,USD,2024-04-20T06:17:31,Deposit,
5629,16,1,4233.76,USD,2024-01-17T08:07:33,Deposit,
5630,245,5,-665.72,USD,2025-10-30T21:13:40,Monthly fee,
5631,429,2,-4950.69,USD,2024-08-29T21:26:41,ATM withdrawal,
5632,91,6,1091.22,USD,2022-08-17T09:41:04,Interest credit,
5633,97,1,4549.09,USD,2025-06-24T09:42:57,Deposit,
5634,515,1,3336.61,USD,2024-04-23T15:38:57,Deposit,
5635,344,6,1301.2,USD,2025-11-07T19:03:31,Interest credit,
5636,400,1,2688.33,USD,2022-04-18T08:11:41,Deposit,
5637,102,1,2090.95,USD,2023-03-06T06:17:42,Deposit,
5638,61,1,2158.42,USD,2023-05-24T06:56:06,Deposit,
5639,236,2,-1105.25,USD,2024-08-30T06:25:04,ATM withdrawal,
5640,508,5,-1313.52,USD,2024-12-27T18:38:59,Monthly fee,
5641,516,2,-1861.43,USD,2024-09-29T09:41:17,ATM withdrawal,
5642,540,5,-1009.65,USD,2022-10-12T08:48:04,Monthly fee,
5643,510,5,-3101.82,USD,2022-08-08T21:26:18,Monthly fee,
5644,475,1,1421.15,USD,2025-12-02T09:46:01,Deposit,
5645,56,1,3842.96,USD,2023-07-19T18:05:12,Deposit,
5646,256,6,255.48,USD,2025-07-26T08:29:59,Interest credit,
5647,170,6,701.23,USD,2024-03-04T07:04:21,Interest credit,
5648,480,6,3886.33,USD,2022-06-28T11:29:18,Interest credit,
5649,228,5,-1640.18,USD,2022-08-10T07:24:16,Monthly fee,
5650,246,1,4750.51,USD,2024-02-26T19:43:18,Deposit,
5651,381,2,-2833.44,USD,2025-07-09T13:28:41,ATM withdrawal,
5652,167,5,-3172.95,USD,2023-08-17T20:31:55,Monthly fee,
5653,33,1,1551.04,USD,2022-12-18T14:36:06,Deposit,
5654,52,2,-3715.84,USD,2025-06-17T15:50:19,ATM withdrawal,
5655,152,1,1954.8,USD,2025-03-09T01:17:26,Deposit,
5656,246,6,1422.85,USD,2022-05-06T08:17:46,Interest credit,
5657,479,6,4664.06,USD,2025-06-30T15:59:57,Interest credit,
5658,468,1,4411.36,USD,2023-10-10T14:24:02,Deposit,
5659,418,6,3951.56,USD,2022-01-13T00:48:47,Interest credit,
5660,93,2,-4834.98,USD,2025-01-30T00:01:09,ATM withdrawal,
5661,307,2,-350.17,USD,2025-02-13T02:02:00,ATM withdrawal,
5662,519,2,-3642.32,USD,2024-01-18T22:56:13,ATM withdrawal,
5663,219,5,-1102.72,USD,2023-11-25T19:47:18,Monthly fee,
5664,459,1,896.88,USD,2022-09-10T20:26:11,Deposit,
5665,240,6,1661.41,USD,2025-03-09T23:21:27,Interest credit,
5666,474,6,321.03,USD,2025-12-22T21:55:50,Interest credit,
5667,446,5,-2248.93,USD,2025-03-27T09:21:10,Monthly fee,
5668,531,2,-1600.13,USD,2022-04-08T17:49:57,ATM withdrawal,
5669,227,2,-4809.7,USD,2025-07-06T23:25:29,ATM withdrawal,
5670,531,1,3307.02,USD,2022-11-14T05:54:29,Deposit,
5671,197,5,-1725.86,USD,2024-07-19T18:30:28,Monthly fee,
5672,150,6,757.39,USD,2024-04-23T18:54:58,Interest credit,
5673,194,6,1517.36,USD,2025-01-09T21:24:15,Interest credit,
5674,515,5,-3168.09,USD,2024-01-14T10:13:31,Monthly fee,
5675,185,5,-2634.29,USD,2025-03-09T07:42:04,Monthly fee,
5676,220,5,-4042.39,USD,2023-05-18T22:59:25,Monthly fee,
5677,47,6,3331.76,USD,2025-08-11T15:29:05,Interest credit,
5678,351,1,1948.72,USD,2023-05-12T20:33:03,Deposit,
5679,393,5,-2985.41,USD,2022-04-15T05:32:33,Monthly fee,
5680,2,6,991.17,USD,2025-01-13T07:57:55,Interest credit,
5681,54,5,-246.93,USD,2024-10-06T19:19:47,Monthly fee,
5682,91,6,4762.64,USD,2022-11-12T07:26:23,Interest credit,
5683,168,2,-3806.77,USD,2023-02-02T07:54:50,ATM withdrawal,
5684,334,6,1598.32,USD,2024-07-07T08:57:18,Interest credit,
5685,379,2,-1764.17,USD,2025-08-15T14:56:17,ATM withdrawal,
5686,176,2,-2481.03,USD,2024-07-13T05:01:16,ATM withdrawal,
5687,241,2,-1403.74,USD,2023-11-07T06:01:14,ATM withdrawal,
5688,379,1,2891.99,USD,2024-03-10T17:30:33,Deposit,
5689,475,1,4953.05,USD,2025-06-16T11:59:01,Deposit,
5690,250,5,-1343.03,USD,2023-02-06T13:25:22,Monthly fee,
5691,530,1,3051.71,USD,2023-05-20T05:47:58,Deposit,
5692,2,6,2165.42,USD,2025-08-18T05:06:27,Interest credit,
5693,175,5,-3397.75,USD,2025-02-04T10:28:34,Monthly fee,
5694,548,5,-1057.85,USD,2024-07-25T10:35:22,Monthly fee,
5695,8,1,2546.45,USD,2024-05-28T02:02:20,Deposit,
5696,478,2,-2080.27,USD,2025-11-27T10:52:57,ATM withdrawal,
5697,150,5,-1978.56,USD,2022-06-13T10:37:25,Monthly fee,
5698,329,5,-1142.58,USD,2022-09-03T23:01:22,Monthly fee,
5699,85,1,2146.98,USD,2024-05-03T20:33:34,Deposit,
5700,388,6,1230.05,USD,2025-07-21T04:10:24,Interest credit,
5701,342,5,-4562.9,USD,2025-03-02T19:51:42,Monthly fee,
5702,216,2,-4118.97,USD,2022-10-01T19:41:39,ATM withdrawal,
5703,253,1,4450.0,USD,2023-12-30T05:15:59,Deposit,
5704,10,1,1687.17,USD,2022-06-21T13:50:26,Deposit,
5705,363,2,-4087.74,USD,2023-08-30T07:04:36,ATM withdrawal,
5706,282,6,1701.57,USD,2024-07-21T09:57:39,Interest credit,
5707,530,1,2100.18,USD,2023-08-20T21:32:19,Deposit,
5708,405,2,-1349.01,USD,2023-03-26T22:51:07,ATM withdrawal,
5709,302,2,-1661.34,USD,2022-01-29T07:16:04,ATM withdrawal,
5710,72,5,-2151.18,USD,2023-12-23T18:51:55,Monthly fee,
5711,341,5,-513.74,USD,2024-10-23T00:43:38,Monthly fee,
5712,283,2,-44.33,USD,2025-10-16T10:13:17,ATM withdrawal,
5713,63,1,2967.91,USD,2024-04-23T14:18:33,Deposit,
5714,17,5,-536.31,USD,2023-09-13T10:29:23,Monthly fee,
5715,218,2,-2964.21,USD,2025-10-10T02:22:41,ATM withdrawal,
5716,466,5,-3869.11,USD,2022-02-03T13:52:29,Monthly fee,
5717,515,1,4257.39,USD,2023-01-26T02:11:16,Deposit,
5718,445,5,-993.33,USD,2022-01-07T15:46:50,Monthly fee,
5719,158,2,-2934.53,USD,2025-03-14T11:21:09,ATM withdrawal,
5720,71,5,-2232.8,USD,2022-12-18T22:14:06,Monthly fee,
5721,265,6,3152.51,USD,2024-01-18T11:36:26,Interest credit,
5722,519,5,-4845.72,USD,2023-01-22T17:36:45,Monthly fee,
5723,133,6,1681.31,USD,2025-04-27T22:39:39,Interest credit,
5724,16,5,-3867.4,USD,2025-12-22T12:38:53,Monthly fee,
5725,131,1,4770.55,USD,2024-12-26T20:48:12,Deposit,
5726,352,2,-3828.11,USD,2024-07-11T12:52:42,ATM withdrawal,
5727,493,5,-1908.57,USD,2024-06-04T15:13:41,Monthly fee,
5728,104,5,-3156.69,USD,2025-01-17T23:17:07,Monthly fee,
5729,478,1,4226.5,USD,2024-08-09T19:51:24,Deposit,
5730,329,1,2991.23,USD,2025-12-28T19:00:29,Deposit,
5731,408,5,-603.87,USD,2022-10-18T00:54:49,Monthly fee,
5732,218,5,-167.44,USD,2024-11-05T07:48:25,Monthly fee,
5733,539,6,148.37,USD,2024-08-26T16:17:19,Interest credit,
5734,427,5,-432.91,USD,2023-05-03T11:42:56,Monthly fee,
5735,544,2,-4394.96,USD,2025-09-06T15:43:00,ATM withdrawal,
5736,23,6,2984.57,USD,2022-11-04T02:38:09,Interest credit,
5737,60,2,-4776.98,USD,2023-08-07T10:01:28,ATM withdrawal,
5738,391,2,-1461.99,USD,2024-04-06T08:16:36,ATM withdrawal,
5739,109,5,-2935.9,USD,2023-12-01T03:40:54,Monthly fee,
5740,469,6,1351.63,USD,2023-08-08T01:09:05,Interest credit,
5741,505,1,4400.58,USD,2022-02-06T13:58:14,Deposit,
5742,275,2,-848.98,USD,2023-09-19T16:27:12,ATM withdrawal,
5743,272,1,1831.82,USD,2022-11-30T03:13:35,Deposit,
5744,432,6,3188.5,USD,2022-07-14T20:28:54,Interest credit,
5745,117,5,-1521.02,USD,2023-12-23T23:39:00,Monthly fee,
5746,477,1,1225.07,USD,2025-02-22T08:21:51,Deposit,
5747,403,5,-1808.35,USD,2024-02-15T02:27:52,Monthly fee,
5748,164,5,-4243.99,USD,2023-07-16T07:50:49,Monthly fee,
5749,523,2,-3642.25,USD,2025-11-22T01:41:45,ATM withdrawal,
5750,258,5,-2826.7,USD,2025-01-23T02:52:46,Monthly fee,
5751,535,5,-4178.33,USD,2022-08-19T04:13:47,Monthly fee,
5752,523,6,2277.23,USD,2025-04-30T14:38:24,Interest credit,
5753,28,1,2635.08,USD,2022-01-01T20:31:33,Deposit,
5754,34,5,-2868.03,USD,2022-03-15T06:13:10,Monthly fee,
5755,391,2,-517.54,USD,2025-10-01T10:41:06,ATM withdrawal,
5756,480,6,2127.51,USD,2024-12-23T06:42:26,Interest credit,
5757,486,1,4637.06,USD,2023-05-06T18:01:57,Deposit,
5758,370,1,2604.47,USD,2023-06-12T04:17:02,Deposit,
5759,123,2,-3875.67,USD,2022-12-20T15:12:05,ATM withdrawal,
5760,377,5,-750.31,USD,2022-09-26T11:32:34,Monthly fee,
5761,479,1,2030.4,USD,2024-08-05T01:11:43,Deposit,
5762,267,5,-3618.19,USD,2022-11-04T01:37:33,Monthly fee,
5763,127,5,-2582.9,USD,2025-02-05T11:18:34,Monthly fee,
5764,51,5,-3431.46,USD,2022-04-07T22:39:33,Monthly fee,
5765,345,1,4711.39,USD,2024-10-25T11:00:20,Deposit,
5766,142,2,-1665.65,USD,2023-06-07T03:01:29,ATM withdrawal,
5767,229,6,3933.66,USD,2022-04-20T16:53:32,Interest credit,
5768,131,2,-1782.48,USD,2023-06-28T12:59:20,ATM withdrawal,
5769,285,5,-2625.65,USD,2024-06-01T06:55:41,Monthly fee,
5770,270,5,-3715.64,USD,2024-11-16T01:10:15,Monthly fee,
5771,298,1,2445.83,USD,2023-01-05T13:59:58,Deposit,
5772,449,2,-3807.6,USD,2024-05-29T01:06:32,ATM withdrawal,
5773,548,1,4150.67,USD,2024-12-08T03:18:20,Deposit,
5774,14,6,69.61,USD,2025-07-13T16:09:18,Interest credit,
5775,84,5,-2853.74,USD,2023-08-02T03:04:07,Monthly fee,
5776,408,5,-2828.01,USD,2024-04-26T08:40:54,Monthly fee,
5777,288,6,4751.46,USD,2022-03-26T19:26:45,Interest credit,
5778,311,6,1615.17,USD,2024-02-04T19:03:03,Interest credit,
5779,22,1,2448.54,USD,2024-01-24T01:56:05,Deposit,
5780,339,2,-1387.69,USD,2023-08-05T04:37:50,ATM withdrawal,
5781,68,5,-2809.88,USD,2024-10-13T16:14:52,Monthly fee,
5782,27,1,2910.54,USD,2024-08-05T03:28:02,Deposit,
5783,130,1,890.04,USD,2024-11-20T01:52:43,Deposit,
5784,118,2,-4085.21,USD,2022-10-01T15:33:00,ATM withdrawal,
5785,118,1,4455.06,USD,2022-08-12T09:32:35,Deposit,
5786,194,6,2444.1,USD,2023-02-22T11:54:54,Interest credit,
5787,435,6,358.29,USD,2023-08-27T19:51:41,Interest credit,
5788,348,5,-2037.9,USD,2023-01-10T02:46:47,Monthly fee,
5789,1,6,3048.55,USD,2025-01-02T17:19:56,Interest credit,
5790,27,2,-2723.01,USD,2023-10-16T06:43:23,ATM withdrawal,
5791,388,6,766.0,USD,2025-10-22T10:19:24,Interest credit,
5792,457,5,-4011.44,USD,2025-01-11T06:28:31,Monthly fee,
5793,134,5,-2370.72,USD,2022-03-16T10:28:37,Monthly fee,
5794,196,6,1931.01,USD,2022-01-11T04:35:34,Interest credit,
5795,383,5,-3485.26,USD,2025-04-21T22:54:32,Monthly fee,
5796,21,1,639.17,USD,2023-06-08T12:04:18,Deposit,
5797,78,2,-643.64,USD,2023-11-27T17:00:16,ATM withdrawal,
5798,521,5,-4185.82,USD,2024-01-07T23:07:07,Monthly fee,
5799,4,5,-1825.29,USD,2024-03-18T15:47:51,Monthly fee,
5800,137,6,2677.4,USD,2022-06-09T16:59:23,Interest credit,
5801,399,6,3919.17,USD,2024-12-23T16:25:46,Interest credit,
5802,221,2,-3614.7,USD,2024-03-04T05:13:37,ATM withdrawal,
5803,140,6,1772.02,USD,2024-10-01T05:48:56,Interest credit,
5804,259,5,-1292.43,USD,2023-01-24T16:03:28,Monthly fee,
5805,456,5,-1308.47,USD,2022-06-21T09:38:21,Monthly fee,
5806,46,5,-3366.4,USD,2025-05-23T08:52:57,Monthly fee,
5807,478,6,1411.77,USD,2025-08-23T03:22:53,Interest credit,
5808,56,6,3090.2,USD,2023-11-06T16:20:12,Interest credit,
5809,148,6,4841.36,USD,2024-03-02T04:22:49,Interest credit,
5810,177,6,3586.95,USD,2024-05-28T19:44:18,Interest credit,
5811,265,5,-832.2,USD,2025-07-20T08:38:35,Monthly fee,
5812,495,6,4977.75,USD,2023-11-10T15:33:18,Interest credit,
5813,393,1,512.31,USD,2023-02-11T16:16:20,Deposit,
5814,91,2,-4440.31,USD,2022-01-12T23:08:38,ATM withdrawal,
5815,29,2,-126.12,USD,2025-11-29T23:42:30,ATM withdrawal,
5816,138,1,4756.39,USD,2024-01-18T13:55:10,Deposit,
5817,356,1,4281.79,USD,2024-10-16T11:40:09,Deposit,
5818,118,5,-2843.79,USD,2023-06-14T04:59:04,Monthly fee,
5819,49,6,3314.69,USD,2024-05-22T08:24:29,Interest credit,
5820,440,2,-2195.24,USD,2024-03-21T01:58:29,ATM withdrawal,
5821,400,1,2169.41,USD,2025-06-13T09:08:03,Deposit,
5822,137,2,-3695.78,USD,2023-01-11T20:55:22,ATM withdrawal,
5823,539,5,-4821.24,USD,2025-07-04T07:35:17,Monthly fee,
5824,127,6,3554.44,USD,2025-02-27T14:36:35,Interest credit,
5825,315,6,3173.92,USD,2022-02-28T03:35:03,Interest credit,
5826,496,6,2605.58,USD,2022-08-23T07:01:44,Interest credit,
5827,71,1,1170.98,USD,2024-03-07T21:05:16,Deposit,
5828,260,2,-953.91,USD,2024-03-27T03:07:57,ATM withdrawal,
5829,436,6,2430.35,USD,2023-06-17T14:59:51,Interest credit,
5830,479,2,-356.54,USD,2025-08-02T06:17:45,ATM withdrawal,
5831,97,1,2410.43,USD,2022-04-04T04:52:29,Deposit,
5832,138,2,-1666.78,USD,2023-12-19T18:30:15,ATM withdrawal,
5833,159,6,2747.17,USD,2024-09-17T02:30:41,Interest credit,
5834,511,5,-3808.21,USD,2023-01-12T08:32:12,Monthly fee,
5835,119,2,-191.49,USD,2024-03-29T21:04:43,ATM withdrawal,
5836,346,5,-4563.66,USD,2024-11-24T18:47:11,Monthly fee,
5837,538,2,-2268.7,USD,2024-08-13T11:11:46,ATM withdrawal,
5838,154,2,-4320.6,USD,2023-12-15T12:22:57,ATM withdrawal,
5839,356,1,3670.29,USD,2022-09-09T18:09:31,Deposit,
5840,338,5,-477.95,USD,2022-01-05T13:31:22,Monthly fee,
5841,527,5,-2591.4,USD,2024-12-23T07:17:24,Monthly fee,
5842,152,5,-3467.12,USD,2022-04-15T09:07:37,Monthly fee,
5843,74,1,564.29,USD,2024-04-02T16:57:35,Deposit,
5844,2,2,-3859.53,USD,2022-08-28T05:21:37,ATM withdrawal,
5845,363,5,-857.22,USD,2022-04-13T08:40:15,Monthly fee,
5846,308,5,-676.86,USD,2025-10-02T04:01:17,Monthly fee,
5847,506,1,3598.68,USD,2023-08-15T17:36:59,Deposit,
5848,34,1,1285.55,USD,2025-04-09T09:47:29,Deposit,
5849,374,2,-1489.31,USD,2023-04-30T01:24:25,ATM withdrawal,
5850,433,6,207.2,USD,2023-11-26T04:48:59,Interest credit,
5851,237,6,3597.65,USD,2025-03-24T04:13:58,Interest credit,
5852,546,2,-3826.79,USD,2022-03-17T11:00:11,ATM withdrawal,
5853,362,1,756.25,USD,2025-02-17T19:16:27,Deposit,
5854,200,1,3971.11,USD,2023-11-17T07:30:52,Deposit,
5855,546,5,-4177.07,USD,2025-04-20T16:53:51,Monthly fee,
5856,433,6,2526.5,USD,2025-05-23T17:24:17,Interest credit,
5857,536,6,3908.85,USD,2025-09-21T13:27:20,Interest credit,
5858,205,5,-807.4,USD,2023-05-24T16:23:30,Monthly fee,
5859,103,2,-615.31,USD,2022-11-15T05:42:31,ATM withdrawal,
5860,6,1,4773.24,USD,2025-03-14T04:41:40,Deposit,
5861,231,5,-2227.92,USD,2024-09-20T21:45:46,Monthly fee,
5862,216,2,-4517.97,USD,2024-01-30T21:02:04,ATM withdrawal,
5863,178,2,-2378.39,USD,2022-07-14T18:27:57,ATM withdrawal,
5864,483,1,1128.24,USD,2022-01-26T10:50:12,Deposit,
5865,507,1,3847.56,USD,2022-03-13T18:33:09,Deposit,
5866,22,5,-4727.95,USD,2023-05-23T21:12:29,Monthly fee,
5867,506,5,-1101.32,USD,2022-11-15T16:17:53,Monthly fee,
5868,458,5,-1231.73,USD,2022-06-19T11:47:40,Monthly fee,
5869,146,1,2025.82,USD,2023-06-11T21:16:46,Deposit,
5870,293,5,-3684.2,USD,2025-07-30T14:43:16,Monthly fee,
5871,192,1,2388.18,USD,2024-10-18T16:46:14,Deposit,
5872,29,1,1725.62,USD,2024-08-23T11:10:51,Deposit,
5873,344,6,1841.7,USD,2025-11-02T16:12:24,Interest credit,
5874,291,2,-2778.72,USD,2025-05-24T12:52:25,ATM withdrawal,
5875,80,1,4262.44,USD,2025-09-02T07:00:01,Deposit,
5876,493,2,-488.6,USD,2022-12-16T12:44:22,ATM withdrawal,
5877,253,5,-4267.85,USD,2023-04-12T17:10:07,Monthly fee,
5878,530,1,145.86,USD,2025-02-25T13:48:53,Deposit,
5879,294,2,-3089.51,USD,2023-07-13T21:51:14,ATM withdrawal,
5880,179,1,4122.79,USD,2024-08-10T09:37:14,Deposit,
5881,336,5,-2870.52,USD,2022-08-26T00:39:31,Monthly fee,
5882,381,6,3648.67,USD,2024-09-25T21:56:51,Interest credit,
5883,446,6,2868.49,USD,2022-02-12T17:28:57,Interest credit,
5884,61,2,-1836.77,USD,2025-12-05T05:28:57,ATM withdrawal,
5885,435,2,-3011.91,USD,2022-06-20T14:58:56,ATM withdrawal,
5886,481,1,2452.6,USD,2022-09-24T07:42:02,Deposit,
5887,440,6,2905.54,USD,2022-08-08T13:11:02,Interest credit,
5888,256,1,1770.89,USD,2025-04-04T03:21:54,Deposit,
5889,478,2,-531.45,USD,2023-01-21T00:22:38,ATM withdrawal,
5890,406,1,1934.01,USD,2024-01-14T00:23:43,Deposit,
5891,28,2,-1664.61,USD,2024-11-24T06:32:45,ATM withdrawal,
5892,411,1,1450.36,USD,2022-02-06T00:35:06,Deposit,
5893,140,2,-3281.32,USD,2025-01-23T07:09:52,ATM withdrawal,
5894,16,1,2025.41,USD,2023-12-20T12:19:10,Deposit,
5895,281,5,-3847.04,USD,2024-12-20T02:38:28,Monthly fee,
5896,164,2,-2822.6,USD,2022-07-28T04:18:10,ATM withdrawal,
5897,132,2,-2190.01,USD,2024-03-29T14:15:15,ATM withdrawal,
5898,407,6,223.28,USD,2023-02-03T16:49:53,Interest credit,
5899,288,5,-1587.7,USD,2023-08-27T19:41:01,Monthly fee,
5900,331,5,-3599.63,USD,2022-05-19T07:10:13,Monthly fee,
5901,461,1,1786.35,USD,2024-01-24T14:38:21,Deposit,
5902,236,5,-3655.31,USD,2023-11-22T20:23:38,Monthly fee,
5903,130,1,3596.22,USD,2025-11-26T20:47:52,Deposit,
5904,106,5,-4860.48,USD,2024-08-24T07:24:57,Monthly fee,
5905,375,2,-446.24,USD,2023-05-01T06:25:24,ATM withdrawal,
5906,348,2,-3350.9,USD,2023-05-06T10:54:17,ATM withdrawal,
5907,416,1,713.34,USD,2022-01-22T11:40:19,Deposit,
5908,241,1,4700.54,USD,2023-02-26T04:10:23,Deposit,
5909,343,6,3804.85,USD,2022-03-05T01:06:03,Interest credit,
5910,116,5,-3413.94,USD,2023-09-20T15:35:15,Monthly fee,
5911,439,5,-4309.26,USD,2024-08-03T08:32:48,Monthly fee,
5912,145,6,4962.6,USD,2023-03-20T04:51:36,Interest credit,
5913,420,1,2791.21,USD,2024-10-27T19:04:32,Deposit,
5914,404,2,-1761.06,USD,2025-05-13T02:09:51,ATM withdrawal,
5915,270,6,33.74,USD,2023-01-29T03:40:09,Interest credit,
5916,264,1,656.53,USD,2022-05-30T09:03:39,Deposit,
5917,100,5,-3975.61,USD,2025-12-15T04:05:16,Monthly fee,
5918,95,6,521.08,USD,2025-12-22T02:38:05,Interest credit,
5919,327,5,-276.46,USD,2022-11-09T08:50:34,Monthly fee,
5920,63,6,1260.52,USD,2022-01-23T09:54:44,Interest credit,
5921,437,2,-1046.05,USD,2022-12-16T00:43:03,ATM withdrawal,
5922,192,6,2567.12,USD,2025-04-15T14:55:03,Interest credit,
5923,31,6,954.69,USD,2023-07-05T18:21:12,Interest credit,
5924,550,1,50.94,USD,2023-05-14T13:05:05,Deposit,
5925,360,1,4309.4,USD,2024-04-04T09:28:52,Deposit,
5926,364,6,3712.23,USD,2024-03-21T03:12:39,Interest credit,
5927,427,1,401.39,USD,2024-09-10T12:48:49,Deposit,
5928,270,6,1135.47,USD,2022-03-07T20:15:27,Interest credit,
5929,104,5,-180.69,USD,2022-07-13T08:46:49,Monthly fee,
5930,546,5,-4759.05,USD,2023-07-11T13:49:54,Monthly fee,
5931,34,1,2568.94,USD,2022-05-21T16:18:25,Deposit,
5932,325,1,1025.71,USD,2022-09-23T00:48:58,Deposit,
5933,463,6,3739.61,USD,2024-04-11T23:05:21,Interest credit,
5934,442,5,-3070.28,USD,2025-10-21T07:07:41,Monthly fee,
5935,291,6,2024.72,USD,2023-07-28T12:14:50,Interest credit,
5936,236,5,-2733.94,USD,2024-05-13T20:55:13,Monthly fee,
5937,29,1,2623.81,USD,2025-02-05T09:19:21,Deposit,
5938,2,2,-1832.31,USD,2022-11-12T17:17:14,ATM withdrawal,
5939,116,2,-3882.41,USD,2025-03-03T11:17:14,ATM withdrawal,
5940,124,2,-4079.41,USD,2022-03-19T07:23:11,ATM withdrawal,
5941,319,6,864.71,USD,2023-02-12T18:01:00,Interest credit,
5942,385,6,927.45,USD,2025-10-09T05:20:10,Interest credit,
5943,295,5,-915.3,USD,2023-02-27T07:42:48,Monthly fee,
5944,94,1,1042.4,USD,2024-07-16T15:13:17,Deposit,
5945,143,1,4754.32,USD,2024-06-09T23:59:37,Deposit,
5946,467,6,260.45,USD,2025-05-19T19:42:35,Interest credit,
5947,274,5,-832.17,USD,2022-10-14T00:21:36,Monthly fee,
5948,492,5,-3352.04,USD,2024-01-22T10:19:10,Monthly fee,
5949,488,2,-24.09,USD,2024-11-25T03:26:57,ATM withdrawal,
5950,239,1,2532.32,USD,2022-06-04T20:33:51,Deposit,
5951,234,2,-4481.68,USD,2022-08-30T11:36:20,ATM withdrawal,
5952,470,2,-2161.07,USD,2024-05-28T21:56:33,ATM withdrawal,
5953,492,6,2015.22,USD,2022-03-14T10:38:05,Interest credit,
5954,139,6,2833.83,USD,2024-10-09T04:32:35,Interest credit,
5955,148,5,-3976.16,USD,2024-05-28T06:22:35,Monthly fee,
5956,354,2,-728.2,USD,2022-05-01T19:35:21,ATM withdrawal,
5957,360,6,1616.03,USD,2024-09-11T12:34:00,Interest credit,
5958,119,6,2665.7,USD,2025-05-09T20:10:27,Interest credit,
5959,519,5,-414.94,USD,2023-12-09T20:06:37,Monthly fee,
5960,402,5,-4040.38,USD,2025-09-19T17:04:26,Monthly fee,
5961,115,6,4481.1,USD,2023-02-03T03:16:44,Interest credit,
5962,27,5,-619.53,USD,2023-05-20T11:19:56,Monthly fee,
5963,532,1,943.25,USD,2022-03-31T05:27:58,Deposit,
5964,527,2,-287.85,USD,2022-02-05T10:35:10,ATM withdrawal,
5965,52,2,-4328.31,USD,2024-07-11T09:56:18,ATM withdrawal,
5966,67,1,1429.73,USD,2024-04-26T18:42:49,Deposit,
5967,352,1,4450.27,USD,2022-05-13T22:19:04,Deposit,
5968,383,1,4114.9,USD,2023-06-08T13:22:29,Deposit,
5969,135,1,492.47,USD,2024-07-04T04:32:45,Deposit,
5970,548,5,-1027.77,USD,2023-11-11T19:29:39,Monthly fee,
5971,49,2,-1877.51,USD,2023-12-08T03:04:26,ATM withdrawal,
5972,514,6,23.7,USD,2024-10-09T20:33:52,Interest credit,
5973,307,1,1137.4,USD,2025-10-14T00:23:45,Deposit,
5974,343,2,-897.08,USD,2024-01-12T22:00:32,ATM withdrawal,
5975,369,1,1319.21,USD,2022-10-14T12:51:28,Deposit,
5976,145,6,2933.49,USD,2024-03-05T17:08:47,Interest credit,
5977,306,5,-4942.35,USD,2024-07-24T08:24:39,Monthly fee,
5978,189,5,-3083.15,USD,2024-05-02T18:08:16,Monthly fee,
5979,423,5,-2647.5,USD,2023-07-16T01:13:48,Monthly fee,
5980,340,2,-2047.29,USD,2022-05-29T05:03:18,ATM withdrawal,
5981,13,6,2753.95,USD,2023-07-01T07:30:07,Interest credit,
5982,49,1,4225.66,USD,2022-07-11T10:14:39,Deposit,
5983,93,2,-292.15,USD,2023-06-18T01:46:35,ATM withdrawal,
5984,45,6,1003.48,USD,2024-07-08T12:14:04,Interest credit,
5985,345,6,4872.25,USD,2025-05-07T00:19:56,Interest credit,
5986,371,1,1198.79,USD,2025-07-01T06:07:56,Deposit,
5987,90,2,-4090.49,USD,2022-08-03T17:43:15,ATM withdrawal,
5988,292,2,-184.16,USD,2024-02-18T23:15:30,ATM withdrawal,
5989,63,1,771.28,USD,2024-05-31T15:46:40,Deposit,
5990,499,1,2205.85,USD,2023-07-03T02:17:49,Deposit,
5991,132,2,-1298.17,USD,2024-12-31T07:05:19,ATM withdrawal,
5992,281,6,2664.85,USD,2025-11-07T21:58:46,Interest credit,
5993,61,5,-4296.5,USD,2022-06-16T17:00:42,Monthly fee,
5994,504,5,-4691.88,USD,2024-11-09T00:43:52,Monthly fee,
5995,15,6,1755.71,USD,2024-02-06T07:16:49,Interest credit,
5996,481,5,-3456.54,USD,2024-03-01T10:04:54,Monthly fee,
5997,221,6,260.43,USD,2023-03-18T03:14:08,Interest credit,
5998,93,1,2433.13,USD,2022-01-26T23:54:14,Deposit,
5999,175,5,-2307.25,USD,2024-07-20T22:07:50,Monthly fee,
6000,151,2,-4671.38,USD,2023-09-08T12:50:14,ATM withdrawal,
6001,318,5,-429.9,USD,2023-08-25T18:32:27,Monthly fee,
6002,232,5,-30.17,USD,2024-12-28T21:23:00,Monthly fee,
6003,105,5,-2181.86,USD,2025-06-04T14:28:55,Monthly fee,
6004,223,5,-1020.57,USD,2024-05-02T22:51:32,Monthly fee,
6005,435,6,2157.94,USD,2025-05-16T13:04:28,Interest credit,
6006,41,2,-4701.76,USD,2024-08-15T11:47:36,ATM withdrawal,
6007,80,1,105.78,USD,2025-11-09T05:49:50,Deposit,
6008,263,2,-1581.3,USD,2025-12-29T23:26:30,ATM withdrawal,
6009,6,1,135.67,USD,2025-10-23T15:29:21,Deposit,
6010,429,5,-2657.01,USD,2024-06-01T21:39:45,Monthly fee,
6011,328,5,-2006.48,USD,2025-11-25T06:59:35,Monthly fee,
6012,350,2,-3729.77,USD,2022-08-06T18:28:27,ATM withdrawal,
6013,411,5,-3756.7,USD,2025-02-15T01:29:05,Monthly fee,
6014,63,6,1404.69,USD,2024-08-05T22:03:02,Interest credit,
6015,160,5,-1986.46,USD,2025-04-09T11:42:54,Monthly fee,
6016,391,6,2533.96,USD,2022-02-20T11:04:04,Interest credit,
6017,311,6,753.2,USD,2025-09-11T18:47:18,Interest credit,
6018,528,6,4027.7,USD,2024-02-29T03:58:10,Interest credit,
6019,444,5,-1126.89,USD,2023-08-03T22:44:45,Monthly fee,
6020,4,1,163.41,USD,2023-04-22T15:52:52,Deposit,
6021,439,6,1069.48,USD,2022-02-28T11:05:28,Interest credit,
6022,70,2,-4266.8,USD,2023-08-04T08:21:38,ATM withdrawal,
6023,183,2,-2126.6,USD,2025-03-05T19:31:46,ATM withdrawal,
6024,369,1,631.59,USD,2024-04-04T02:45:59,Deposit,
6025,169,5,-1736.36,USD,2023-10-11T22:26:38,Monthly fee,
6026,191,2,-341.88,USD,2023-04-10T03:56:45,ATM withdrawal,
6027,275,2,-4259.47,USD,2024-02-24T01:12:23,ATM withdrawal,
6028,100,2,-2363.34,USD,2023-02-22T07:39:06,ATM withdrawal,
6029,514,5,-3254.12,USD,2025-10-09T16:26:01,Monthly fee,
6030,442,1,3399.5,USD,2025-08-10T00:17:33,Deposit,
6031,370,5,-2567.32,USD,2023-10-02T06:37:02,Monthly fee,
6032,32,2,-3691.47,USD,2022-05-01T16:52:44,ATM withdrawal,
6033,110,5,-291.81,USD,2025-04-27T13:17:25,Monthly fee,
6034,386,5,-909.82,USD,2025-02-26T09:04:34,Monthly fee,
6035,174,6,1618.92,USD,2023-08-29T22:59:13,Interest credit,
6036,44,6,4710.52,USD,2022-08-16T09:40:05,Interest credit,
6037,459,5,-2500.14,USD,2022-08-06T11:29:17,Monthly fee,
6038,409,5,-2301.99,USD,2023-03-22T13:59:25,Monthly fee,
6039,85,1,2302.18,USD,2022-05-28T08:31:00,Deposit,
6040,172,6,3049.36,USD,2025-10-10T08:41:49,Interest credit,
6041,64,5,-2944.62,USD,2024-12-10T21:50:24,Monthly fee,
6042,74,1,524.26,USD,2022-12-11T08:50:28,Deposit,
6043,125,5,-3325.57,USD,2023-12-19T07:47:17,Monthly fee,
6044,389,1,4215.13,USD,2025-08-05T05:16:54,Deposit,
6045,36,1,461.3,USD,2022-10-14T01:09:37,Deposit,
6046,515,5,-1793.76,USD,2023-09-24T16:55:07,Monthly fee,
6047,472,2,-2028.77,USD,2025-11-13T07:04:42,ATM withdrawal,
6048,147,2,-1422.97,USD,2023-06-03T14:10:05,ATM withdrawal,
6049,75,6,1266.27,USD,2025-07-21T20:59:27,Interest credit,
6050,62,2,-3691.65,USD,2024-08-25T02:19:02,ATM withdrawal,
6051,411,2,-127.17,USD,2025-06-20T12:40:12,ATM withdrawal,
6052,65,6,3375.19,USD,2025-02-09T12:16:35,Interest credit,
6053,462,1,4414.84,USD,2023-06-01T07:38:27,Deposit,
6054,423,1,3707.46,USD,2022-01-05T18:53:32,Deposit,
6055,400,6,2685.51,USD,2025-10-10T00:01:04,Interest credit,
6056,249,2,-201.24,USD,2023-08-18T19:00:11,ATM withdrawal,
6057,367,6,1684.41,USD,2022-06-29T01:45:35,Interest credit,
6058,83,2,-4885.85,USD,2025-05-30T01:07:42,ATM withdrawal,
6059,354,5,-3830.96,USD,2023-10-12T12:10:26,Monthly fee,
6060,336,5,-511.7,USD,2024-09-28T10:13:38,Monthly fee,
6061,358,5,-4568.34,USD,2024-05-06T19:41:00,Monthly fee,
6062,274,1,1688.47,USD,2024-02-26T07:06:36,Deposit,
6063,378,1,1230.95,USD,2024-10-14T22:37:03,Deposit,
6064,417,2,-3315.91,USD,2023-07-02T17:48:04,ATM withdrawal,
6065,244,2,-2931.76,USD,2025-09-28T08:57:11,ATM withdrawal,
6066,532,6,642.61,USD,2024-10-03T13:20:04,Interest credit,
6067,122,5,-178.69,USD,2022-03-28T00:47:31,Monthly fee,
6068,193,1,3157.65,USD,2024-02-23T21:23:10,Deposit,
6069,387,6,2447.07,USD,2024-07-28T13:15:36,Interest credit,
6070,119,6,3833.78,USD,2022-02-28T09:43:15,Interest credit,
6071,259,1,172.96,USD,2024-03-26T04:32:25,Deposit,
6072,258,6,3145.8,USD,2023-01-01T06:05:30,Interest credit,
6073,394,1,3723.78,USD,2025-10-20T03:16:28,Deposit,
6074,531,2,-1529.1,USD,2023-06-11T17:06:53,ATM withdrawal,
6075,335,6,1397.0,USD,2024-03-27T09:53:12,Interest credit,
6076,437,5,-4654.52,USD,2025-05-12T03:22:07,Monthly fee,
6077,76,6,435.17,USD,2022-07-28T09:45:32,Interest credit,
6078,451,1,4592.45,USD,2025-03-16T10:21:58,Deposit,
6079,115,5,-1910.3,USD,2023-05-21T00:46:54,Monthly fee,
6080,119,2,-2467.5,USD,2022-08-21T17:54:38,ATM withdrawal,
6081,197,2,-4260.44,USD,2024-03-24T13:23:58,ATM withdrawal,
6082,137,6,2519.19,USD,2023-05-23T00:28:48,Interest credit,
6083,303,5,-234.83,USD,2025-11-16T08:45:12,Monthly fee,
6084,411,6,3329.58,USD,2023-06-07T23:58:27,Interest credit,
6085,13,2,-1374.05,USD,2024-05-27T12:26:48,ATM withdrawal,
6086,286,5,-237.29,USD,2025-03-22T18:29:04,Monthly fee,
6087,519,2,-1251.93,USD,2025-05-16T08:28:55,ATM withdrawal,
6088,129,2,-4079.11,USD,2022-12-04T23:16:33,ATM withdrawal,
6089,542,1,2391.54,USD,2022-07-15T19:43:42,Deposit,
6090,413,2,-468.57,USD,2022-10-21T18:04:33,ATM withdrawal,
6091,343,1,1950.65,USD,2024-02-28T04:07:58,Deposit,
6092,154,5,-1147.07,USD,2022-04-19T20:33:07,Monthly fee,
6093,363,6,3232.73,USD,2022-11-06T08:58:35,Interest credit,
6094,193,1,3049.74,USD,2023-10-20T18:55:52,Deposit,
6095,266,2,-2864.97,USD,2024-03-14T17:38:18,ATM withdrawal,
6096,366,6,4700.64,USD,2025-04-18T19:32:48,Interest credit,
6097,454,2,-3732.24,USD,2024-04-09T00:31:06,ATM withdrawal,
6098,531,6,4096.13,USD,2022-02-12T19:51:28,Interest credit,
6099,352,2,-3884.37,USD,2023-10-27T02:44:48,ATM withdrawal,
6100,202,2,-4905.89,USD,2025-06-05T00:36:45,ATM withdrawal,
6101,476,1,1196.33,USD,2025-08-02T06:35:34,Deposit,
6102,287,5,-4613.97,USD,2023-01-25T21:51:51,Monthly fee,
6103,264,2,-1609.5,USD,2025-02-18T09:38:31,ATM withdrawal,
6104,180,6,2331.67,USD,2022-07-07T06:19:22,Interest credit,
6105,52,5,-4135.48,USD,2023-05-18T04:24:04,Monthly fee,
6106,405,6,1897.69,USD,2023-11-20T13:34:55,Interest credit,
6107,491,5,-4993.5,USD,2024-03-26T17:23:28,Monthly fee,
6108,399,6,4096.23,USD,2024-11-11T22:25:47,Interest credit,
6109,252,5,-179.32,USD,2024-12-24T04:48:44,Monthly fee,
6110,37,6,249.01,USD,2023-09-10T20:27:50,Interest credit,
6111,533,2,-908.19,USD,2024-08-05T06:43:48,ATM withdrawal,
6112,369,5,-2478.52,USD,2023-09-21T21:22:47,Monthly fee,
6113,346,2,-3183.29,USD,2023-09-20T21:02:07,ATM withdrawal,
6114,49,6,3574.79,USD,2025-08-30T23:47:16,Interest credit,
6115,455,1,4824.72,USD,2024-07-19T22:12:30,Deposit,
6116,20,6,3751.01,USD,2023-07-11T06:17:32,Interest credit,
6117,454,5,-3436.47,USD,2022-03-22T00:47:11,Monthly fee,
6118,525,1,4984.7,USD,2025-05-15T13:20:57,Deposit,
6119,347,1,1434.66,USD,2022-05-13T21:24:52,Deposit,
6120,526,5,-420.04,USD,2024-06-06T06:22:31,Monthly fee,
6121,509,2,-39.02,USD,2025-04-03T14:55:39,ATM withdrawal,
6122,108,2,-2049.01,USD,2024-06-04T09:23:42,ATM withdrawal,
6123,402,2,-4447.74,USD,2025-01-24T23:08:04,ATM withdrawal,
6124,405,1,615.08,USD,2025-05-10T18:21:33,Deposit,
6125,530,2,-1388.81,USD,2025-11-28T21:28:41,ATM withdrawal,
6126,546,1,4225.28,USD,2022-03-11T17:15:03,Deposit,
6127,57,1,2393.77,USD,2024-01-07T07:57:30,Deposit,
6128,90,5,-840.21,USD,2024-08-24T12:38:53,Monthly fee,
6129,48,2,-2187.4,USD,2024-03-11T08:17:14,ATM withdrawal,
6130,236,2,-4952.68,USD,2024-07-22T17:50:33,ATM withdrawal,
6131,352,5,-2423.1,USD,2025-10-16T18:08:52,Monthly fee,
6132,391,2,-2430.57,USD,2024-07-27T23:28:13,ATM withdrawal,
6133,19,2,-1012.67,USD,2024-05-26T01:15:06,ATM withdrawal,
6134,434,5,-191.15,USD,2024-07-10T11:22:04,Monthly fee,
6135,509,2,-4116.48,USD,2025-05-23T22:08:41,ATM withdrawal,
6136,37,5,-4200.85,USD,2022-05-27T21:31:41,Monthly fee,
6137,479,1,2551.79,USD,2025-02-01T14:16:38,Deposit,
6138,262,5,-4449.1,USD,2022-12-29T06:07:59,Monthly fee,
6139,529,1,338.32,USD,2022-04-26T20:58:43,Deposit,
6140,496,2,-489.64,USD,2025-06-28T03:45:44,ATM withdrawal,
6141,453,5,-3766.59,USD,2024-04-30T23:33:14,Monthly fee,
6142,180,6,4095.83,USD,2024-09-10T00:17:22,Interest credit,
6143,446,6,4359.91,USD,2023-03-11T09:33:57,Interest credit,
6144,405,5,-1259.01,USD,2025-12-30T04:08:13,Monthly fee,
6145,55,2,-147.51,USD,2024-12-03T10:39:14,ATM withdrawal,
6146,511,1,1799.79,USD,2024-05-22T15:27:32,Deposit,
6147,60,2,-4059.93,USD,2023-02-19T08:28:58,ATM withdrawal,
6148,180,2,-1224.75,USD,2022-10-05T05:28:56,ATM withdrawal,
6149,59,1,56.85,USD,2025-02-25T16:50:29,Deposit,
6150,63,2,-1540.08,USD,2023-09-29T16:40:59,ATM withdrawal,
6151,41,6,4519.87,USD,2023-02-03T16:44:14,Interest credit,
6152,298,5,-948.79,USD,2023-10-27T07:20:37,Monthly fee,
6153,415,5,-3535.25,USD,2025-09-25T16:43:12,Monthly fee,
6154,15,5,-224.24,USD,2022-11-17T12:48:32,Monthly fee,
6155,422,6,3957.3,USD,2024-02-20T11:26:17,Interest credit,
6156,25,6,39.26,USD,2025-03-07T06:01:15,Interest credit,
6157,480,5,-4413.61,USD,2022-03-31T23:01:40,Monthly fee,
6158,445,2,-3069.92,USD,2023-07-04T19:17:57,ATM withdrawal,
6159,274,1,1172.6,USD,2022-07-24T07:41:15,Deposit,
6160,534,2,-2371.06,USD,2024-08-15T08:10:35,ATM withdrawal,
6161,275,2,-3942.53,USD,2023-10-27T02:28:40,ATM withdrawal,
6162,507,5,-2145.38,USD,2024-03-26T10:34:33,Monthly fee,
6163,259,6,2940.35,USD,2022-09-13T17:05:24,Interest credit,
6164,338,5,-4101.74,USD,2024-06-07T07:24:32,Monthly fee,
6165,62,5,-825.31,USD,2023-11-02T14:48:38,Monthly fee,
6166,347,1,2195.8,USD,2024-02-09T20:18:36,Deposit,
6167,372,2,-3835.14,USD,2024-10-13T12:05:24,ATM withdrawal,
6168,359,5,-1234.01,USD,2023-01-07T20:42:25,Monthly fee,
6169,448,5,-878.17,USD,2025-11-13T10:04:59,Monthly fee,
6170,480,6,697.87,USD,2025-12-24T23:08:25,Interest credit,
6171,426,2,-4643.6,USD,2022-01-04T10:50:55,ATM withdrawal,
6172,490,1,1659.02,USD,2022-08-03T23:47:49,Deposit,
6173,487,6,2045.91,USD,2025-07-05T06:19:11,Interest credit,
6174,231,2,-702.73,USD,2025-10-23T21:32:15,ATM withdrawal,
6175,366,6,813.55,USD,2025-12-23T06:30:06,Interest credit,
6176,90,1,4137.05,USD,2025-10-24T04:55:55,Deposit,
6177,6,6,18.75,USD,2023-12-25T09:52:01,Interest credit,
6178,444,2,-4744.88,USD,2025-08-27T22:53:03,ATM withdrawal,
6179,67,1,1042.73,USD,2025-01-18T05:26:23,Deposit,
6180,341,1,684.06,USD,2025-08-11T14:35:49,Deposit,
6181,198,5,-2544.64,USD,2022-05-25T20:36:58,Monthly fee,
6182,347,6,505.09,USD,2024-03-29T07:38:30,Interest credit,
6183,29,1,981.62,USD,2025-10-12T11:51:46,Deposit,
6184,172,6,4606.57,USD,2025-05-05T12:21:01,Interest credit,
6185,86,6,2357.24,USD,2024-09-22T07:13:33,Interest credit,
6186,210,2,-2913.31,USD,2024-08-31T20:26:54,ATM withdrawal,
6187,97,1,4792.35,USD,2023-05-14T03:33:49,Deposit,
6188,253,2,-1910.86,USD,2025-12-28T17:38:58,ATM withdrawal,
6189,284,2,-4295.67,USD,2024-11-08T07:35:05,ATM withdrawal,
6190,432,5,-1782.34,USD,2024-08-19T12:27:07,Monthly fee,
6191,263,1,2792.04,USD,2025-12-28T01:05:15,Deposit,
6192,502,5,-4951.17,USD,2024-01-10T17:31:05,Monthly fee,
6193,102,6,4390.83,USD,2022-07-14T09:45:08,Interest credit,
6194,174,6,1836.52,USD,2022-07-17T01:37:20,Interest credit,
6195,463,5,-2050.89,USD,2023-11-17T22:19:09,Monthly fee,
6196,26,6,1883.3,USD,2022-08-10T05:17:39,Interest credit,
6197,278,5,-1175.55,USD,2024-11-07T10:55:16,Monthly fee,
6198,151,1,3579.93,USD,2025-03-03T17:40:42,Deposit,
6199,436,1,4061.88,USD,2024-09-28T16:16:44,Deposit,
6200,521,2,-2626.02,USD,2023-02-05T18:11:44,ATM withdrawal,
6201,312,2,-3302.61,USD,2024-11-21T02:05:08,ATM withdrawal,
6202,193,6,795.3,USD,2023-03-20T17:52:57,Interest credit,
6203,156,6,2237.65,USD,2025-01-11T23:52:52,Interest credit,
6204,509,2,-624.27,USD,2023-04-07T10:56:00,ATM withdrawal,
6205,237,5,-4851.14,USD,2023-06-13T07:15:59,Monthly fee,
6206,351,1,4944.38,USD,2025-08-23T06:55:37,Deposit,
6207,452,6,1136.34,USD,2023-06-21T00:29:18,Interest credit,
6208,108,6,2024.62,USD,2022-07-26T23:33:13,Interest credit,
6209,401,6,1464.54,USD,2025-10-08T06:15:42,Interest credit,
6210,54,2,-1468.16,USD,2025-04-30T08:24:29,ATM withdrawal,
6211,43,2,-4007.34,USD,2025-09-10T15:24:35,ATM withdrawal,
6212,10,6,2347.9,USD,2023-06-23T17:03:12,Interest credit,
6213,548,2,-1461.25,USD,2023-01-23T23:00:27,ATM withdrawal,
6214,32,2,-1586.93,USD,2023-12-28T12:17:46,ATM withdrawal,
6215,79,6,2253.51,USD,2023-01-15T01:39:00,Interest credit,
6216,445,1,743.22,USD,2022-07-30T17:39:33,Deposit,
6217,20,2,-3308.41,USD,2024-06-12T06:04:00,ATM withdrawal,
6218,87,2,-4934.99,USD,2024-11-08T17:03:35,ATM withdrawal,
6219,419,2,-3014.2,USD,2025-11-20T12:40:26,ATM withdrawal,
6220,176,2,-976.12,USD,2025-03-15T03:40:10,ATM withdrawal,
6221,183,6,2104.38,USD,2023-12-25T11:22:14,Interest credit,
6222,200,6,3274.79,USD,2023-10-21T15:38:48,Interest credit,
6223,520,6,3361.85,USD,2023-05-01T09:56:51,Interest credit,
6224,408,2,-3073.78,USD,2025-02-04T10:57:49,ATM withdrawal,
6225,142,1,4977.16,USD,2025-11-21T08:55:29,Deposit,
6226,322,2,-2737.79,USD,2025-04-20T06:35:13,ATM withdrawal,
6227,37,2,-4464.03,USD,2025-02-12T11:47:52,ATM withdrawal,
6228,268,6,3635.97,USD,2024-11-25T18:53:23,Interest credit,
6229,258,2,-593.8,USD,2023-07-08T23:21:48,ATM withdrawal,
6230,527,5,-1890.46,USD,2025-02-28T15:56:58,Monthly fee,
6231,523,1,4095.57,USD,2023-08-25T17:47:06,Deposit,
6232,515,1,782.38,USD,2022-03-22T03:33:48,Deposit,
6233,83,1,4270.86,USD,2023-06-05T01:29:41,Deposit,
6234,140,5,-2767.68,USD,2024-12-29T06:04:33,Monthly fee,
6235,67,1,184.86,USD,2024-09-28T21:01:56,Deposit,
6236,369,6,1241.61,USD,2024-09-10T07:52:12,Interest credit,
6237,515,6,501.51,USD,2022-03-24T18:41:25,Interest credit,
6238,74,5,-1224.58,USD,2025-12-08T05:11:54,Monthly fee,
6239,30,2,-806.56,USD,2024-01-17T09:18:02,ATM withdrawal,
6240,124,2,-2467.77,USD,2022-12-06T22:31:45,ATM withdrawal,
6241,484,6,3701.88,USD,2022-07-23T03:43:20,Interest credit,
6242,65,2,-2039.76,USD,2024-03-17T11:06:50,ATM withdrawal,
6243,243,1,2167.54,USD,2025-05-11T02:51:13,Deposit,
6244,233,5,-4749.17,USD,2025-12-21T09:46:25,Monthly fee,
6245,232,1,2611.62,USD,2023-08-09T14:24:07,Deposit,
6246,170,5,-169.85,USD,2025-11-01T04:38:42,Monthly fee,
6247,209,6,2530.4,USD,2025-04-16T10:43:18,Interest credit,
6248,54,5,-2432.04,USD,2024-10-03T15:37:15,Monthly fee,
6249,175,1,2528.0,USD,2022-09-28T17:44:19,Deposit,
6250,107,5,-4390.63,USD,2025-04-01T10:35:56,Monthly fee,
6251,275,6,618.28,USD,2024-04-06T20:33:26,Interest credit,
6252,264,2,-2063.97,USD,2022-08-22T04:33:04,ATM withdrawal,
6253,84,6,1089.25,USD,2022-06-05T00:20:10,Interest credit,
6254,82,5,-2070.58,USD,2024-10-17T17:47:13,Monthly fee,
6255,73,2,-1138.45,USD,2023-07-19T04:39:43,ATM withdrawal,
6256,169,6,1276.95,USD,2024-09-07T12:41:38,Interest credit,
6257,425,5,-4095.98,USD,2023-05-18T00:04:50,Monthly fee,
6258,539,5,-96.37,USD,2025-07-29T15:12:01,Monthly fee,
6259,383,5,-3341.15,USD,2024-10-05T14:40:07,Monthly fee,
6260,271,2,-3144.9,USD,2025-08-13T22:27:36,ATM withdrawal,
6261,99,6,339.92,USD,2025-05-31T21:05:51,Interest credit,
6262,134,1,1414.4,USD,2024-02-16T09:18:18,Deposit,
6263,415,2,-2351.79,USD,2022-05-19T06:59:43,ATM withdrawal,
6264,498,5,-2093.69,USD,2024-04-11T19:36:50,Monthly fee,
6265,237,5,-3571.3,USD,2023-09-08T19:03:50,Monthly fee,
6266,365,6,1574.69,USD,2022-01-06T14:57:11,Interest credit,
6267,318,6,1003.34,USD,2025-09-18T02:15:17,Interest credit,
6268,207,2,-4194.01,USD,2025-02-22T02:12:09,ATM withdrawal,
6269,12,1,2154.11,USD,2024-09-02T12:09:24,Deposit,
6270,348,1,2136.45,USD,2022-02-27T06:57:26,Deposit,
6271,305,1,3649.31,USD,2025-04-22T14:10:10,Deposit,
6272,365,6,938.74,USD,2025-08-05T02:08:06,Interest credit,
6273,38,6,922.7,USD,2024-02-14T09:09:31,Interest credit,
6274,191,5,-322.81,USD,2022-03-20T21:38:52,Monthly fee,
6275,431,5,-2307.51,USD,2022-06-22T12:59:20,Monthly fee,
6276,215,5,-1388.72,USD,2023-05-30T13:38:38,Monthly fee,
6277,315,1,1633.27,USD,2024-09-22T02:56:32,Deposit,
6278,89,6,2614.44,USD,2022-06-16T15:29:02,Interest credit,
6279,495,6,966.72,USD,2025-06-07T23:09:13,Interest credit,
6280,456,2,-670.63,USD,2023-02-25T11:07:56,ATM withdrawal,
6281,295,2,-3692.52,USD,2025-12-19T22:20:50,ATM withdrawal,
6282,307,5,-3462.81,USD,2023-01-11T09:00:33,Monthly fee,
6283,408,2,-689.86,USD,2023-02-15T03:27:35,ATM withdrawal,
6284,160,6,2743.99,USD,2022-12-26T15:49:00,Interest credit,
6285,526,6,4547.62,USD,2025-08-22T11:59:02,Interest credit,
6286,167,1,3661.36,USD,2023-03-26T13:03:32,Deposit,
6287,43,6,230.72,USD,2023-04-02T20:05:46,Interest credit,
6288,487,5,-3184.67,USD,2022-10-08T15:16:18,Monthly fee,
6289,543,1,1909.5,USD,2025-12-16T17:44:35,Deposit,
6290,242,5,-2507.38,USD,2025-12-30T09:10:26,Monthly fee,
6291,187,5,-3595.48,USD,2023-08-23T02:07:35,Monthly fee,
6292,332,5,-2005.87,USD,2024-09-05T13:06:01,Monthly fee,
6293,167,2,-1299.21,USD,2025-03-11T01:38:00,ATM withdrawal,
6294,386,5,-1634.24,USD,2023-12-31T21:24:47,Monthly fee,
6295,205,2,-1603.59,USD,2023-10-30T05:26:04,ATM withdrawal,
6296,325,2,-1908.07,USD,2022-07-16T22:03:59,ATM withdrawal,
6297,325,6,673.86,USD,2022-04-02T13:24:35,Interest credit,
6298,43,2,-3156.55,USD,2022-04-16T05:26:20,ATM withdrawal,
6299,128,6,1147.96,USD,2025-08-12T06:30:12,Interest credit,
6300,136,2,-4042.43,USD,2023-01-08T19:03:01,ATM withdrawal,
6301,3,3,-3950.35,USD,2024-03-29T19:41:16,Transfer to account 261,
6302,161,3,-4033.74,USD,2025-01-17T14:53:58,Transfer to account 444,6303
6303,444,4,4033.74,USD,2025-01-17T14:53:58,Transfer from account 161,6302
6304,48,3,-1325.07,USD,2023-03-26T12:12:50,Transfer to account 335,6305
6305,335,4,1325.07,USD,2023-03-26T12:14:50,Transfer from account 48,6304
6306,423,3,-2905.9,USD,2023-01-08T22:22:23,Transfer to account 88,
6307,105,3,-3981.88,USD,2024-09-30T15:27:05,Transfer to account 402,6308
6308,402,4,3981.88,USD,2024-09-30T15:32:05,Transfer from account 105,6307
6309,61,3,-1312.94,USD,2025-07-31T03:49:00,Transfer to account 282,6310
6310,282,4,1312.94,USD,2025-07-31T03:49:00,Transfer from account 61,6309
6311,129,3,-5567.87,USD,2025-01-28T05:13:49,Transfer to account 127,6312
6312,127,4,5567.87,USD,2025-01-28T05:16:49,Transfer from account 129,6311
6313,406,3,-5866.3,USD,2025-01-20T14:35:36,Transfer to account 245,6314
6314,245,4,5866.3,USD,2025-01-20T14:40:36,Transfer from account 406,6313
6315,534,3,-2424.67,USD,2025-03-06T10:11:26,Transfer to account 62,6316
6316,62,4,2424.67,USD,2025-03-06T10:14:26,Transfer from account 534,6315
6317,376,3,-470.21,USD,2022-11-07T22:50:26,Transfer to account 479,
6318,123,3,-7164.97,USD,2024-11-09T21:00:16,Transfer to account 319,6319
6319,319,4,7164.97,USD,2024-11-09T21:02:16,Transfer from account 123,6318
6320,156,3,-1786.39,USD,2023-08-11T11:03:45,Transfer to account 497,6321
6321,497,4,1786.39,USD,2023-08-11T11:05:45,Transfer from account 156,6320
6322,193,3,-1745.32,USD,2025-08-17T16:18:54,Transfer to account 370,6323
6323,370,4,1745.32,USD,2025-08-17T16:21:54,Transfer from account 193,6322
6324,219,3,-1138.48,USD,2024-12-03T16:09:58,Transfer to account 401,6325
6325,401,4,1138.48,USD,2024-12-03T16:12:58,Transfer from account 219,6324
6326,59,3,-989.54,USD,2023-10-14T15:38:42,Transfer to account 476,6327
6327,476,4,989.54,USD,2023-10-14T15:41:42,Transfer from account 59,6326
6328,304,3,-2608.13,USD,2025-05-23T11:57:56,Transfer to account 252,6329
6329,252,4,2608.13,USD,2025-05-23T12:02:56,Transfer from account 304,6328
6330,235,3,-3731.68,USD,2023-10-21T19:19:14,Transfer to account 306,6331
6331,306,4,3731.68,USD,2023-10-21T19:22:14,Transfer from account 235,6330
6332,471,3,-5144.48,USD,2024-07-23T02:42:23,Transfer to account 484,6333
6333,484,4,5144.48,USD,2024-07-23T02:47:23,Transfer from account 471,6332
6334,202,3,-7875.62,USD,2025-08-27T23:03:51,Transfer to account 228,
6335,142,3,-7542.71,USD,2022-10-19T20:29:05,Transfer to account 490,6336
6336,490,4,7542.71,USD,2022-10-19T20:30:05,Transfer from account 142,6335
6337,410,3,-6651.41,USD,2024-09-22T22:46:04,Transfer to account 284,6338
6338,284,4,6651.41,USD,2024-09-22T22:49:04,Transfer from account 410,6337
6339,432,3,-449.38,USD,2023-03-02T07:07:43,Transfer to account 343,6340
6340,343,4,449.38,USD,2023-03-02T07:07:43,Transfer from account 432,6339
6341,264,3,-60.84,USD,2024-10-31T07:42:10,Transfer to account 9,6342
6342,9,4,60.84,USD,2024-10-31T07:42:10,Transfer from account 264,6341
6343,111,3,-1776.13,USD,2025-04-07T00:56:33,Transfer to account 172,6344
6344,172,4,1776.13,USD,2025-04-07T00:57:33,Transfer from account 111,6343
6345,516,3,-4494.24,USD,2022-05-07T12:48:55,Transfer to account 352,6346
6346,352,4,4494.24,USD,2022-05-07T12:53:55,Transfer from account 516,6345
6347,236,3,-1615.57,USD,2024-02-20T16:55:23,Transfer to account 375,6348
6348,375,4,1615.57,USD,2024-02-20T16:55:23,Transfer from account 236,6347
6349,140,3,-622.98,USD,2025-12-02T17:27:50,Transfer to account 266,6350
6350,266,4,622.98,USD,2025-12-02T17:28:50,Transfer from account 140,6349
6351,442,3,-6666.57,USD,2023-02-10T00:46:24,Transfer to account 301,6352
6352,301,4,6666.57,USD,2023-02-10T00:46:24,Transfer from account 442,6351
6353,99,3,-2662.41,USD,2023-10-15T10:41:19,Transfer to account 464,6354
6354,464,4,2662.41,USD,2023-10-15T10:45:19,Transfer from account 99,6353
6355,300,3,-3075.87,USD,2025-07-24T13:14:37,Transfer to account 501,6356
6356,501,4,3075.87,USD,2025-07-24T13:16:37,Transfer from account 300,6355
6357,446,3,-1128.63,USD,2023-11-13T05:25:12,Transfer to account 358,6358
6358,358,4,1128.63,USD,2023-11-13T05:25:12,Transfer from account 446,6357
6359,206,3,-1068.88,USD,2022-03-01T14:22:28,Transfer to account 281,6360
6360,281,4,1068.88,USD,2022-03-01T14:25:28,Transfer from account 206,6359
6361,75,3,-23.56,USD,2022-02-05T13:41:00,Transfer to account 252,6362
6362,252,4,23.56,USD,2022-02-05T13:43:00,Transfer from account 75,6361
6363,451,3,-1556.2,USD,2024-12-27T17:17:09,Transfer to account 504,6364
6364,504,4,1556.2,USD,2024-12-27T17:19:09,Transfer from account 451,6363
6365,203,3,-3077.19,USD,2025-10-14T04:56:39,Transfer to account 64,6366
6366,64,4,3077.19,USD,2025-10-14T04:58:39,Transfer from account 203,6365
6367,384,3,-5317.2,USD,2024-11-24T02:10:35,Transfer to account 301,6368
6368,301,4,5317.2,USD,2024-11-24T02:15:35,Transfer from account 384,6367
6369,190,3,-1698.7,USD,2025-01-09T01:56:00,Transfer to account 277,6370
6370,277,4,1698.7,USD,2025-01-09T01:58:00,Transfer from account 190,6369
6371,174,3,-7341.79,USD,2022-03-09T06:21:57,Transfer to account 415,
6372,186,3,-5115.77,USD,2025-07-13T22:35:22,Transfer to account 330,
6373,322,3,-7733.26,USD,2022-03-21T02:12:08,Transfer to account 524,6374
6374,524,4,7733.26,USD,2022-03-21T02:14:08,Transfer from account 322,6373
6375,221,3,-3851.63,USD,2025-07-03T15:41:18,Transfer to account 263,6376
6376,263,4,3851.63,USD,2025-07-03T15:46:18,Transfer from account 221,6375
6377,369,3,-7133.8,USD,2022-07-17T05:44:42,Transfer to account 217,6378
6378,217,4,7133.8,USD,2022-07-17T05:46:42,Transfer from account 369,6377
6379,176,3,-4802.64,USD,2025-05-17T06:24:25,Transfer to account 461,6380
6380,461,4,4802.64,USD,2025-05-17T06:26:25,Transfer from account 176,6379
6381,6,3,-5044.34,USD,2022-04-23T07:47:05,Transfer to account 119,
6382,258,3,-7274.46,USD,2022-03-01T09:05:50,Transfer to account 515,6383
6383,515,4,7274.46,USD,2022-03-01T09:08:50,Transfer from account 258,6382
6384,451,3,-7776.73,USD,2022-02-07T14:32:04,Transfer to account 391,6385
6385,391,4,7776.73,USD,2022-02-07T14:35:04,Transfer from account 451,6384
6386,467,3,-1753.08,USD,2024-12-20T02:19:42,Transfer to account 236,6387
6387,236,4,1753.08,USD,2024-12-20T02:21:42,Transfer from account 467,6386
6388,462,3,-7869.97,USD,2025-12-31T06:22:59,Transfer to account 206,6389
6389,206,4,7869.97,USD,2025-12-31T06:22:59,Transfer from account 462,6388
6390,375,3,-2038.92,USD,2023-12-15T23:30:28,Transfer to account 152,6391
6391,152,4,2038.92,USD,2023-12-15T23:35:28,Transfer from account 375,6390
6392,325,3,-7428.04,USD,2022-02-21T18:52:59,Transfer to account 222,
6393,146,3,-3494.4,USD,2024-02-16T11:41:33,Transfer to account 167,6394
6394,167,4,3494.4,USD,2024-02-16T11:46:33,Transfer from account 146,6393
6395,242,3,-914.97,USD,2023-07-04T09:49:38,Transfer to account 516,6396
6396,516,4,914.97,USD,2023-07-04T09:53:38,Transfer from account 242,6395
6397,356,3,-3608.79,USD,2022-08-22T16:43:03,Transfer to account 348,6398
6398,348,4,3608.79,USD,2022-08-22T16:48:03,Transfer from account 356,6397
6399,484,3,-5187.82,USD,2022-12-10T04:11:46,Transfer to account 323,6400
6400,323,4,5187.82,USD,2022-12-10T04:16:46,Transfer from account 484,6399
6401,223,3,-5193.08,USD,2023-07-11T13:03:00,Transfer to account 343,6402
6402,343,4,5193.08,USD,2023-07-11T13:06:00,Transfer from account 223,6401
6403,300,3,-6361.13,USD,2022-04-06T08:53:35,Transfer to account 91,
6404,390,3,-4641.19,USD,2023-12-04T14:04:43,Transfer to account 519,6405
6405,519,4,4641.19,USD,2023-12-04T14:08:43,Transfer from account 390,6404
6406,504,3,-4036.2,USD,2024-03-22T07:00:34,Transfer to account 186,6407
6407,186,4,4036.2,USD,2024-03-22T07:05:34,Transfer from account 504,6406
6408,84,3,-3607.67,USD,2023-05-13T20:38:30,Transfer to account 444,6409
6409,444,4,3607.67,USD,2023-05-13T20:39:30,Transfer from account 84,6408
6410,390,3,-3847.92,USD,2025-10-14T14:11:30,Transfer to account 217,6411
6411,217,4,3847.92,USD,2025-10-14T14:16:30,Transfer from account 390,6410
6412,300,3,-4170.17,USD,2022-02-28T20:31:02,Transfer to account 32,6413
6413,32,4,4170.17,USD,2022-02-28T20:31:02,Transfer from account 300,6412
6414,414,3,-2726.48,USD,2022-06-12T21:42:57,Transfer to account 455,6415
6415,455,4,2726.48,USD,2022-06-12T21:42:57,Transfer from account 414,6414
6416,497,3,-4635.64,USD,2025-02-20T16:50:21,Transfer to account 452,6417
6417,452,4,4635.64,USD,2025-02-20T16:55:21,Transfer from account 497,6416
6418,444,3,-4889.98,USD,2025-11-03T16:05:49,Transfer to account 93,6419
6419,93,4,4889.98,USD,2025-11-03T16:09:49,Transfer from account 444,6418
6420,147,3,-1950.95,USD,2024-07-19T19:26:44,Transfer to account 525,6421
6421,525,4,1950.95,USD,2024-07-19T19:27:44,Transfer from account 147,6420
6422,10,3,-4594.9,USD,2025-03-11T15:01:39,Transfer to account 504,
6423,163,3,-2171.2,USD,2025-01-31T02:43:34,Transfer to account 108,6424
6424,108,4,2171.2,USD,2025-01-31T02:47:34,Transfer from account 163,6423
6425,53,3,-3955.36,USD,2023-08-05T00:15:39,Transfer to account 97,
6426,189,3,-1978.63,USD,2022-12-21T21:41:05,Transfer to account 191,
6427,327,3,-1743.82,USD,2022-03-10T00:52:29,Transfer to account 309,6428
6428,309,4,1743.82,USD,2022-03-10T00:57:29,Transfer from account 327,6427
6429,144,3,-3376.55,USD,2025-11-26T14:49:38,Transfer to account 215,6430
6430,215,4,3376.55,USD,2025-11-26T14:49:38,Transfer from account 144,6429
6431,444,3,-3470.12,USD,2023-06-09T19:11:09,Transfer to account 346,6432
6432,346,4,3470.12,USD,2023-06-09T19:11:09,Transfer from account 444,6431
6433,179,3,-3862.35,USD,2024-01-11T23:17:47,Transfer to account 112,6434
6434,112,4,3862.35,USD,2024-01-11T23:17:47,Transfer from account 179,6433
6435,444,3,-7639.82,USD,2024-06-19T03:58:15,Transfer to account 102,6436
6436,102,4,7639.82,USD,2024-06-19T04:02:15,Transfer from account 444,6435
6437,340,3,-3309.89,USD,2024-06-01T02:28:31,Transfer to account 199,6438
6438,199,4,3309.89,USD,2024-06-01T02:33:31,Transfer from account 340,6437
6439,336,3,-7738.82,USD,2025-09-05T18:38:03,Transfer to account 211,6440
6440,211,4,7738.82,USD,2025-09-05T18:43:03,Transfer from account 336,6439
6441,361,3,-5154.93,USD,2024-03-11T19:24:09,Transfer to account 299,6442
6442,299,4,5154.93,USD,2024-03-11T19:26:09,Transfer from account 361,6441
6443,332,3,-7419.57,USD,2024-06-26T07:56:27,Transfer to account 53,
6444,364,3,-646.88,USD,2024-11-18T20:54:28,Transfer to account 403,6445
6445,403,4,646.88,USD,2024-11-18T20:56:28,Transfer from account 364,6444
6446,491,3,-4897.89,USD,2025-10-29T02:48:54,Transfer to account 266,6447
6447,266,4,4897.89,USD,2025-10-29T02:50:54,Transfer from account 491,6446
6448,203,3,-7755.41,USD,2023-12-28T18:39:55,Transfer to account 30,
6449,197,3,-6877.25,USD,2023-04-13T10:47:01,Transfer to account 410,6450
6450,410,4,6877.25,USD,2023-04-13T10:47:01,Transfer from account 197,6449
6451,117,3,-6035.56,USD,2025-04-05T11:00:40,Transfer to account 162,6452
6452,162,4,6035.56,USD,2025-04-05T11:00:40,Transfer from account 117,6451
6453,432,3,-639.26,USD,2025-05-29T03:46:44,Transfer to account 400,6454
6454,400,4,639.26,USD,2025-05-29T03:46:44,Transfer from account 432,6453
6455,201,3,-421.86,USD,2023-12-13T00:19:50,Transfer to account 539,6456
6456,539,4,421.86,USD,2023-12-13T00:19:50,Transfer from account 201,6455
6457,328,3,-7668.54,USD,2022-04-22T07:41:24,Transfer to account 120,6458
6458,120,4,7668.54,USD,2022-04-22T07:44:24,Transfer from account 328,6457
6459,225,3,-3019.44,USD,2024-05-17T09:15:27,Transfer to account 212,6460
6460,212,4,3019.44,USD,2024-05-17T09:20:27,Transfer from account 225,6459
6461,3,3,-2967.23,USD,2023-07-31T04:54:20,Transfer to account 458,6462
6462,458,4,2967.23,USD,2023-07-31T04:55:20,Transfer from account 3,6461
6463,250,3,-6226.72,USD,2023-07-29T02:20:43,Transfer to account 136,6464
6464,136,4,6226.72,USD,2023-07-29T02:24:43,Transfer from account 250,6463
6465,465,3,-4421.75,USD,2024-06-06T00:01:31,Transfer to account 148,6466
6466,148,4,4421.75,USD,2024-06-06T00:05:31,Transfer from account 465,6465
6467,332,3,-5179.26,USD,2022-08-31T17:56:00,Transfer to account 18,
6468,340,3,-7955.41,USD,2024-01-29T03:44:52,Transfer to account 82,6469
6469,82,4,7955.41,USD,2024-01-29T03:48:52,Transfer from account 340,6468
6470,87,3,-2539.7,USD,2023-09-30T03:05:40,Transfer to account 292,6471
6471,292,4,2539.7,USD,2023-09-30T03:10:40,Transfer from account 87,6470
6472,141,3,-1184.81,USD,2024-10-30T11:29:45,Transfer to account 540,6473
6473,540,4,1184.81,USD,2024-10-30T11:29:45,Transfer from account 141,6472
6474,40,3,-5662.23,USD,2022-08-28T19:49:40,Transfer to account 463,6475
6475,463,4,5662.23,USD,2022-08-28T19:49:40,Transfer from account 40,6474
6476,136,3,-6726.33,USD,2025-08-12T22:53:43,Transfer to account 523,
6477,151,3,-2613.75,USD,2024-11-26T02:44:48,Transfer to account 349,
6478,427,3,-3274.49,USD,2022-06-22T17:59:35,Transfer to account 389,6479
6479,389,4,3274.49,USD,2022-06-22T18:03:35,Transfer from account 427,6478
6480,469,3,-2207.51,USD,2024-01-26T19:23:57,Transfer to account 159,6481
6481,159,4,2207.51,USD,2024-01-26T19:23:57,Transfer from account 469,6480
6482,139,3,-6873.12,USD,2024-01-27T12:43:12,Transfer to account 108,6483
6483,108,4,6873.12,USD,2024-01-27T12:45:12,Transfer from account 139,6482
6484,268,3,-2154.18,USD,2025-10-28T13:32:51,Transfer to account 29,
6485,497,3,-2608.75,USD,2024-06-14T05:24:39,Transfer to account 467,6486
6486,467,4,2608.75,USD,2024-06-14T05:25:39,Transfer from account 497,6485
6487,166,3,-3657.41,USD,2022-01-09T12:51:37,Transfer to account 149,
6488,416,3,-2537.24,USD,2023-11-20T20:33:15,Transfer to account 458,6489
6489,458,4,2537.24,USD,2023-11-20T20:33:15,Transfer from account 416,6488
6490,546,3,-1335.04,USD,2023-07-03T17:38:15,Transfer to account 108,6491
6491,108,4,1335.04,USD,2023-07-03T17:39:15,Transfer from account 546,6490
6492,299,3,-738.36,USD,2022-08-28T17:27:20,Transfer to account 343,6493
6493,343,4,738.36,USD,2022-08-28T17:32:20,Transfer from account 299,6492
6494,479,3,-7376.67,USD,2025-02-07T23:42:03,Transfer to account 442,6495
6495,442,4,7376.67,USD,2025-02-07T23:44:03,Transfer from account 479,6494
6496,421,3,-1813.91,USD,2023-02-17T00:46:15,Transfer to account 113,6497
6497,113,4,1813.91,USD,2023-02-17T00:49:15,Transfer from account 421,6496
6498,181,3,-1525.51,USD,2023-11-26T00:25:16,Transfer to account 88,6499
6499,88,4,1525.51,USD,2023-11-26T00:26:16,Transfer from account 181,6498
6500,26,3,-4268.75,USD,2024-04-07T00:43:04,Transfer to account 384,6501
6501,384,4,4268.75,USD,2024-04-07T00:44:04,Transfer from account 26,6500
6502,93,3,-5510.53,USD,2022-04-13T23:21:29,Transfer to account 243,6503
6503,243,4,5510.53,USD,2022-04-13T23:23:29,Transfer from account 93,6502
6504,371,3,-1611.38,USD,2022-10-15T11:05:13,Transfer to account 228,6505
6505,228,4,1611.38,USD,2022-10-15T11:09:13,Transfer from account 371,6504
6506,220,3,-2791.82,USD,2024-06-08T17:09:44,Transfer to account 462,6507
6507,462,4,2791.82,USD,2024-06-08T17:11:44,Transfer from account 220,6506
6508,203,3,-1041.57,USD,2024-07-05T06:14:56,Transfer to account 124,6509
6509,124,4,1041.57,USD,2024-07-05T06:16:56,Transfer from account 203,6508
6510,256,3,-6197.67,USD,2022-12-16T13:21:38,Transfer to account 9,6511
6511,9,4,6197.67,USD,2022-12-16T13:24:38,Transfer from account 256,6510
6512,22,3,-6644.38,USD,2023-02-16T01:03:06,Transfer to account 242,6513
6513,242,4,6644.38,USD,2023-02-16T01:07:06,Transfer from account 22,6512
6514,73,3,-3916.99,USD,2025-10-07T04:00:51,Transfer to account 486,
6515,11,3,-6926.45,USD,2022-12-21T16:57:14,Transfer to account 194,6516
6516,194,4,6926.45,USD,2022-12-21T16:57:14,Transfer from account 11,6515
6517,193,3,-2349.2,USD,2022-11-11T22:50:48,Transfer to account 474,6518
6518,474,4,2349.2,USD,2022-11-11T22:52:48,Transfer from account 193,6517
6519,296,3,-5243.58,USD,2025-07-25T09:31:44,Transfer to account 434,
6520,253,3,-6446.13,USD,2022-10-21T00:26:06,Transfer to account 44,6521
6521,44,4,6446.13,USD,2022-10-21T00:30:06,Transfer from account 253,6520
6522,283,3,-5112.44,USD,2024-04-07T20:56:42,Transfer to account 440,6523
6523,440,4,5112.44,USD,2024-04-07T21:01:42,Transfer from account 283,6522
6524,219,3,-1497.23,USD,2022-03-06T12:32:04,Transfer to account 118,6525
6525,118,4,1497.23,USD,2022-03-06T12:34:04,Transfer from account 219,6524
6526,520,3,-4223.02,USD,2022-08-20T20:40:57,Transfer to account 486,6527
6527,486,4,4223.02,USD,2022-08-20T20:40:57,Transfer from account 520,6526
6528,352,3,-3916.32,USD,2024-05-23T20:06:08,Transfer to account 182,6529
6529,182,4,3916.32,USD,2024-05-23T20:06:08,Transfer from account 352,6528
6530,429,3,-2307.85,USD,2022-12-21T08:20:35,Transfer to account 98,6531
6531,98,4,2307.85,USD,2022-12-21T08:20:35,Transfer from account 429,6530
6532,345,3,-1473.86,USD,2022-05-09T06:56:44,Transfer to account 524,6533
6533,524,4,1473.86,USD,2022-05-09T06:58:44,Transfer from account 345,6532
6534,478,3,-1844.39,USD,2022-02-14T14:28:13,Transfer to account 204,6535
6535,204,4,1844.39,USD,2022-02-14T14:30:13,Transfer from account 478,6534
6536,318,3,-2178.6,USD,2023-07-23T12:19:00,Transfer to account 512,6537
6537,512,4,2178.6,USD,2023-07-23T12:19:00,Transfer from account 318,6536
6538,364,3,-5556.61,USD,2022-09-20T03:10:19,Transfer to account 315,
6539,533,3,-2671.85,USD,2025-07-31T19:40:16,Transfer to account 218,6540
6540,218,4,2671.85,USD,2025-07-31T19:40:16,Transfer from account 533,6539
6541,423,3,-7207.11,USD,2025-07-04T03:57:17,Transfer to account 14,6542
6542,14,4,7207.11,USD,2025-07-04T03:58:17,Transfer from account 423,6541
6543,508,3,-4742.51,USD,2022-08-18T04:14:22,Transfer to account 438,6544
6544,438,4,4742.51,USD,2022-08-18T04:17:22,Transfer from account 508,6543
6545,108,3,-90.35,USD,2023-01-20T06:06:25,Transfer to account 30,
6546,381,3,-3165.98,USD,2022-03-11T15:56:00,Transfer to account 10,
6547,538,3,-3602.38,USD,2025-10-27T18:21:05,Transfer to account 400,6548
6548,400,4,3602.38,USD,2025-10-27T18:26:05,Transfer from account 538,6547
6549,412,3,-5586.69,USD,2024-01-10T10:47:58,Transfer to account 383,6550
6550,383,4,5586.69,USD,2024-01-10T10:50:58,Transfer from account 412,6549
6551,454,3,-2444.1,USD,2023-07-18T17:07:40,Transfer to account 360,6552
6552,360,4,2444.1,USD,2023-07-18T17:07:40,Transfer from account 454,6551
6553,449,3,-7800.65,USD,2022-12-05T23:05:22,Transfer to account 90,6554
6554,90,4,7800.65,USD,2022-12-05T23:06:22,Transfer from account 449,6553
6555,439,3,-3649.89,USD,2024-01-10T08:41:39,Transfer to account 184,
6556,60,3,-440.18,USD,2024-05-28T23:51:18,Transfer to account 301,6557
6557,301,4,440.18,USD,2024-05-28T23:54:18,Transfer from account 60,6556
6558,12,3,-3782.03,USD,2022-01-01T08:39:13,Transfer to account 147,6559
6559,147,4,3782.03,USD,2022-01-01T08:43:13,Transfer from account 12,6558
6560,280,3,-812.27,USD,2024-09-02T20:16:18,Transfer to account 105,6561
6561,105,4,812.27,USD,2024-09-02T20:16:18,Transfer from account 280,6560
6562,247,3,-689.68,USD,2022-03-25T14:20:36,Transfer to account 390,6563
6563,390,4,689.68,USD,2022-03-25T14:20:36,Transfer from account 247,6562
6564,58,3,-534.89,USD,2022-10-22T23:57:54,Transfer to account 24,
6565,220,3,-320.86,USD,2023-12-17T23:26:11,Transfer to account 451,6566
6566,451,4,320.86,USD,2023-12-17T23:31:11,Transfer from account 220,6565
6567,238,3,-3240.78,USD,2025-07-21T01:19:14,Transfer to account 373,6568
6568,373,4,3240.78,USD,2025-07-21T01:23:14,Transfer from account 238,6567
6569,355,3,-464.52,USD,2023-07-17T02:14:04,Transfer to account 55,6570
6570,55,4,464.52,USD,2023-07-17T02:18:04,Transfer from account 355,6569
6571,476,3,-1219.18,USD,2023-12-26T01:07:08,Transfer to account 122,6572
6572,122,4,1219.18,USD,2023-12-26T01:08:08,Transfer from account 476,6571
6573,495,3,-5827.64,USD,2022-11-07T00:38:03,Transfer to account 83,6574
6574,83,4,5827.64,USD,2022-11-07T00:40:03,Transfer from account 495,6573
6575,395,3,-1119.3,USD,2024-03-31T07:04:54,Transfer to account 122,6576
6576,122,4,1119.3,USD,2024-03-31T07:06:54,Transfer from account 395,6575
6577,487,3,-7847.12,USD,2024-08-22T22:04:26,Transfer to account 104,6578
6578,104,4,7847.12,USD,2024-08-22T22:07:26,Transfer from account 487,6577
6579,134,3,-2175.31,USD,2025-08-24T12:29:47,Transfer to account 81,6580
6580,81,4,2175.31,USD,2025-08-24T12:32:47,Transfer from account 134,6579
6581,37,3,-7354.99,USD,2022-09-08T21:22:33,Transfer to account 173,6582
6582,173,4,7354.99,USD,2022-09-08T21:26:33,Transfer from account 37,6581
6583,387,3,-5899.81,USD,2023-05-04T09:56:28,Transfer to account 74,6584
6584,74,4,5899.81,USD,2023-05-04T09:59:28,Transfer from account 387,6583
6585,96,3,-6863.05,USD,2025-03-24T17:52:34,Transfer to account 200,6586
6586,200,4,6863.05,USD,2025-03-24T17:55:34,Transfer from account 96,6585
6587,302,3,-7842.77,USD,2025-04-13T11:58:38,Transfer to account 258,6588
6588,258,4,7842.77,USD,2025-04-13T12:01:38,Transfer from account 302,6587
6589,437,3,-3249.48,USD,2025-11-15T18:07:54,Transfer to account 173,6590
6590,173,4,3249.48,USD,2025-11-15T18:11:54,Transfer from account 437,6589
6591,400,3,-4549.68,USD,2022-05-22T15:38:11,Transfer to account 200,6592
6592,200,4,4549.68,USD,2022-05-22T15:39:11,Transfer from account 400,6591
6593,513,3,-1877.06,USD,2022-02-06T21:11:42,Transfer to account 521,6594
6594,521,4,1877.06,USD,2022-02-06T21:15:42,Transfer from account 513,6593
6595,168,3,-1698.25,USD,2022-03-01T16:51:24,Transfer to account 419,6596
6596,419,4,1698.25,USD,2022-03-01T16:54:24,Transfer from account 168,6595
6597,131,3,-124.88,USD,2024-12-12T14:15:30,Transfer to account 117,6598
6598,117,4,124.88,USD,2024-12-12T14:17:30,Transfer from account 131,6597
6599,301,3,-6257.87,USD,2023-10-15T13:19:32,Transfer to account 317,6600
6600,317,4,6257.87,USD,2023-10-15T13:23:32,Transfer from account 301,6599
6601,261,3,-3157.63,USD,2024-06-15T18:14:02,Transfer to account 59,6602
6602,59,4,3157.63,USD,2024-06-15T18:17:02,Transfer from account 261,6601
6603,400,3,-1867.15,USD,2025-02-03T14:49:12,Transfer to account 317,6604
6604,317,4,1867.15,USD,2025-02-03T14:54:12,Transfer from account 400,6603
6605,165,3,-2285.79,USD,2024-04-03T08:17:08,Transfer to account 168,6606
6606,168,4,2285.79,USD,2024-04-03T08:18:08,Transfer from account 165,6605
6607,228,3,-7390.25,USD,2025-07-10T06:57:00,Transfer to account 103,
6608,2,3,-5110.76,USD,2022-05-13T05:47:39,Transfer to account 7,6609
6609,7,4,5110.76,USD,2022-05-13T05:51:39,Transfer from account 2,6608
6610,194,3,-6348.66,USD,2023-09-02T19:22:12,Transfer to account 338,6611
6611,338,4,6348.66,USD,2023-09-02T19:24:12,Transfer from account 194,6610
6612,241,3,-1283.21,USD,2022-03-18T06:43:40,Transfer to account 361,6613
6613,361,4,1283.21,USD,2022-03-18T06:44:40,Transfer from account 241,6612
6614,79,3,-3054.72,USD,2022-10-15T12:14:36,Transfer to account 231,6615
6615,231,4,3054.72,USD,2022-10-15T12:18:36,Transfer from account 79,6614
6616,191,3,-4360.52,USD,2022-11-03T01:00:35,Transfer to account 302,6617
6617,302,4,4360.52,USD,2022-11-03T01:02:35,Transfer from account 191,6616
6618,230,3,-6982.17,USD,2024-04-26T04:52:10,Transfer to account 381,6619
6619,381,4,6982.17,USD,2024-04-26T04:57:10,Transfer from account 230,6618
6620,95,3,-4391.13,USD,2022-03-29T01:02:46,Transfer to account 18,
6621,101,3,-3133.69,USD,2024-08-17T19:18:07,Transfer to account 500,6622
6622,500,4,3133.69,USD,2024-08-17T19:20:07,Transfer from account 101,6621
6623,193,3,-4702.06,USD,2022-06-19T02:07:47,Transfer to account 104,6624
6624,104,4,4702.06,USD,2022-06-19T02:07:47,Transfer from account 193,6623
6625,500,3,-1233.8,USD,2023-04-25T16:21:21,Transfer to account 145,6626
6626,145,4,1233.8,USD,2023-04-25T16:24:21,Transfer from account 500,6625
6627,519,3,-3717.96,USD,2024-02-17T15:20:55,Transfer to account 267,
6628,398,3,-2247.11,USD,2024-08-14T00:37:17,Transfer to account 204,
6629,306,3,-3961.81,USD,2022-04-17T15:25:26,Transfer to account 183,6630
6630,183,4,3961.81,USD,2022-04-17T15:27:26,Transfer from account 306,6629
6631,51,3,-983.09,USD,2022-12-07T01:32:50,Transfer to account 387,6632
6632,387,4,983.09,USD,2022-12-07T01:34:50,Transfer from account 51,6631
6633,142,3,-1191.91,USD,2025-12-27T07:46:34,Transfer to account 146,6634
6634,146,4,1191.91,USD,2025-12-27T07:49:34,Transfer from account 142,6633
6635,213,3,-5837.48,USD,2022-10-09T18:46:04,Transfer to account 548,6636
6636,548,4,5837.48,USD,2022-10-09T18:49:04,Transfer from account 213,6635
6637,146,3,-1948.71,USD,2022-08-11T16:08:19,Transfer to account 142,6638
6638,142,4,1948.71,USD,2022-08-11T16:13:19,Transfer from account 146,6637
6639,100,3,-5895.94,USD,2024-04-22T11:15:18,Transfer to account 293,6640
6640,293,4,5895.94,USD,2024-04-22T11:19:18,Transfer from account 100,6639
6641,403,3,-3974.4,USD,2025-10-20T06:06:27,Transfer to account 396,6642
6642,396,4,3974.4,USD,2025-10-20T06:11:27,Transfer from account 403,6641
6643,29,3,-1516.7,USD,2023-06-26T09:15:04,Transfer to account 315,6644
6644,315,4,1516.7,USD,2023-06-26T09:18:04,Transfer from account 29,6643
6645,373,3,-1094.6,USD,2025-04-04T14:58:09,Transfer to account 266,6646
6646,266,4,1094.6,USD,2025-04-04T14:58:09,Transfer from account 373,6645
6647,506,3,-6558.38,USD,2022-12-19T16:16:22,Transfer to account 24,6648
6648,24,4,6558.38,USD,2022-12-19T16:16:22,Transfer from account 506,6647
6649,365,3,-3639.47,USD,2024-07-21T19:05:42,Transfer to account 542,
6650,269,3,-5557.56,USD,2023-01-22T19:33:53,Transfer to account 109,6651
6651,109,4,5557.56,USD,2023-01-22T19:37:53,Transfer from account 269,6650
6652,7,3,-3161.75,USD,2023-09-13T08:40:58,Transfer to account 528,6653
6653,528,4,3161.75,USD,2023-09-13T08:44:58,Transfer from account 7,6652
6654,541,3,-434.73,USD,2025-04-26T17:04:33,Transfer to account 337,6655
6655,337,4,434.73,USD,2025-04-26T17:08:33,Transfer from account 541,6654
6656,426,3,-5159.41,USD,2023-03-10T07:46:29,Transfer to account 278,6657
6657,278,4,5159.41,USD,2023-03-10T07:48:29,Transfer from account 426,6656
6658,482,3,-6365.85,USD,2023-04-16T07:12:19,Transfer to account 269,6659
6659,269,4,6365.85,USD,2023-04-16T07:14:19,Transfer from account 482,6658
6660,128,3,-1431.47,USD,2025-07-28T23:57:23,Transfer to account 518,6661
6661,518,4,1431.47,USD,2025-07-28T23:57:23,Transfer from account 128,6660
6662,547,3,-5910.42,USD,2023-05-28T00:50:09,Transfer to account 410,6663
6663,410,4,5910.42,USD,2023-05-28T00:54:09,Transfer from account 547,6662
6664,514,3,-482.84,USD,2022-11-04T20:09:00,Transfer to account 246,6665
6665,246,4,482.84,USD,2022-11-04T20:13:00,Transfer from account 514,6664
6666,174,3,-3588.49,USD,2025-09-25T07:41:39,Transfer to account 539,
6667,195,3,-4467.09,USD,2024-03-10T04:07:15,Transfer to account 359,6668
6668,359,4,4467.09,USD,2024-03-10T04:11:15,Transfer from account 195,6667
6669,277,3,-7134.87,USD,2025-02-21T01:46:30,Transfer to account 82,6670
6670,82,4,7134.87,USD,2025-02-21T01:49:30,Transfer from account 277,6669
6671,52,3,-3150.34,USD,2024-02-06T18:33:22,Transfer to account 548,
6672,73,3,-6212.07,USD,2022-12-31T06:18:41,Transfer to account 505,6673
6673,505,4,6212.07,USD,2022-12-31T06:18:41,Transfer from account 73,6672
6674,517,3,-947.84,USD,2023-10-16T20:20:26,Transfer to account 448,6675
6675,448,4,947.84,USD,2023-10-16T20:23:26,Transfer from account 517,6674
6676,265,3,-3214.64,USD,2022-03-07T20:40:40,Transfer to account 173,6677
6677,173,4,3214.64,USD,2022-03-07T20:40:40,Transfer from account 265,6676
6678,301,3,-2114.61,USD,2024-02-07T05:01:49,Transfer to account 226,6679
6679,226,4,2114.61,USD,2024-02-07T05:03:49,Transfer from account 301,6678
6680,1,3,-2304.64,USD,2022-05-30T21:08:18,Transfer to account 352,6681
6681,352,4,2304.64,USD,2022-05-30T21:11:18,Transfer from account 1,6680
6682,296,3,-441.95,USD,2025-11-08T21:54:21,Transfer to account 217,6683
6683,217,4,441.95,USD,2025-11-08T21:57:21,Transfer from account 296,6682
6684,197,3,-1545.16,USD,2023-01-27T05:16:19,Transfer to account 334,
6685,155,3,-5289.56,USD,2025-05-01T14:35:24,Transfer to account 349,6686
6686,349,4,5289.56,USD,2025-05-01T14:35:24,Transfer from account 155,6685
6687,416,3,-453.87,USD,2023-06-06T04:47:10,Transfer to account 8,
6688,171,3,-3093.91,USD,2023-07-18T12:45:46,Transfer to account 378,6689
6689,378,4,3093.91,USD,2023-07-18T12:47:46,Transfer from account 171,6688
6690,406,3,-5744.14,USD,2024-04-14T07:00:15,Transfer to account 403,
6691,508,3,-932.19,USD,2022-07-26T13:10:44,Transfer to account 154,6692
6692,154,4,932.19,USD,2022-07-26T13:15:44,Transfer from account 508,6691
6693,175,3,-3326.29,USD,2025-10-12T18:24:04,Transfer to account 69,6694
6694,69,4,3326.29,USD,2025-10-12T18:27:04,Transfer from account 175,6693
6695,42,3,-7742.02,USD,2022-01-16T20:19:03,Transfer to account 3,6696
6696,3,4,7742.02,USD,2022-01-16T20:24:03,Transfer from account 42,6695
6697,197,3,-5430.22,USD,2025-10-23T13:24:25,Transfer to account 444,6698
6698,444,4,5430.22,USD,2025-10-23T13:27:25,Transfer from account 197,6697
6699,520,3,-5551.79,USD,2025-01-30T16:54:44,Transfer to account 346,6700
6700,346,4,5551.79,USD,2025-01-30T16:57:44,Transfer from account 520,6699
6701,47,3,-2650.69,USD,2023-11-04T17:17:22,Transfer to account 213,6702
6702,213,4,2650.69,USD,2023-11-04T17:20:22,Transfer from account 47,6701
6703,492,3,-2294.07,USD,2024-08-11T09:00:16,Transfer to account 242,6704
6704,242,4,2294.07,USD,2024-08-11T09:02:16,Transfer from account 492,6703
6705,142,3,-1124.95,USD,2022-09-04T07:53:52,Transfer to account 116,6706
6706,116,4,1124.95,USD,2022-09-04T07:57:52,Transfer from account 142,6705
6707,505,3,-6385.39,USD,2023-02-26T04:53:55,Transfer to account 29,6708
6708,29,4,6385.39,USD,2023-02-26T04:57:55,Transfer from account 505,6707
6709,272,3,-4144.7,USD,2025-03-10T19:03:03,Transfer to account 431,6710
6710,431,4,4144.7,USD,2025-03-10T19:07:03,Transfer from account 272,6709
6711,443,3,-3456.52,USD,2023-02-07T06:47:17,Transfer to account 334,
6712,380,3,-5448.11,USD,2022-03-29T23:44:30,Transfer to account 514,6713
6713,514,4,5448.11,USD,2022-03-29T23:49:30,Transfer from account 380,6712
6714,336,3,-2371.19,USD,2024-05-23T19:14:52,Transfer to account 176,6715
6715,176,4,2371.19,USD,2024-05-23T19:16:52,Transfer from account 336,6714
6716,155,3,-73.26,USD,2023-10-25T05:37:21,Transfer to account 8,6717
6717,8,4,73.26,USD,2023-10-25T05:39:21,Transfer from account 155,6716
6718,401,3,-2370.25,USD,2025-10-12T10:34:27,Transfer to account 165,6719
6719,165,4,2370.25,USD,2025-10-12T10:36:27,Transfer from account 401,6718
6720,390,3,-6419.32,USD,2023-08-26T00:00:06,Transfer to account 77,
6721,513,3,-30.35,USD,2023-08-19T07:19:07,Transfer to account 526,6722
6722,526,4,30.35,USD,2023-08-19T07:20:07,Transfer from account 513,6721
6723,367,3,-6880.09,USD,2024-11-27T00:25:29,Transfer to account 193,6724
6724,193,4,6880.09,USD,2024-11-27T00:26:29,Transfer from account 367,6723
6725,306,3,-1871.84,USD,2022-01-26T12:36:20,Transfer to account 207,6726
6726,207,4,1871.84,USD,2022-01-26T12:38:20,Transfer from account 306,6725
6727,163,3,-1801.67,USD,2022-02-10T02:11:58,Transfer to account 170,
6728,322,3,-1011.92,USD,2023-03-26T07:30:51,Transfer to account 66,6729
6729,66,4,1011.92,USD,2023-03-26T07:33:51,Transfer from account 322,6728
6730,61,3,-1684.78,USD,2022-11-19T05:17:40,Transfer to account 36,6731
6731,36,4,1684.78,USD,2022-11-19T05:20:40,Transfer from account 61,6730
6732,219,3,-3163.33,USD,2023-04-29T23:44:50,Transfer to account 100,6733
6733,100,4,3163.33,USD,2023-04-29T23:46:50,Transfer from account 219,6732
6734,515,3,-7549.01,USD,2022-07-01T08:30:49,Transfer to account 20,6735
6735,20,4,7549.01,USD,2022-07-01T08:35:49,Transfer from account 515,6734
6736,317,3,-7823.54,USD,2022-10-10T07:22:32,Transfer to account 66,6737
6737,66,4,7823.54,USD,2022-10-10T07:27:32,Transfer from account 317,6736
6738,6,3,-596.43,USD,2023-06-12T06:33:30,Transfer to account 203,6739
6739,203,4,596.43,USD,2023-06-12T06:33:30,Transfer from account 6,6738
6740,407,3,-886.37,USD,2022-03-05T04:29:34,Transfer to account 211,6741
6741,211,4,886.37,USD,2022-03-05T04:34:34,Transfer from account 407,6740
6742,151,3,-1713.35,USD,2022-12-12T18:28:19,Transfer to account 195,6743
6743,195,4,1713.35,USD,2022-12-12T18:32:19,Transfer from account 151,6742
6744,358,3,-142.63,USD,2025-08-26T13:09:48,Transfer to account 355,6745
6745,355,4,142.63,USD,2025-08-26T13:11:48,Transfer from account 358,6744
6746,37,3,-5019.88,USD,2024-10-01T13:13:14,Transfer to account 274,6747
6747,274,4,5019.88,USD,2024-10-01T13:13:14,Transfer from account 37,6746
6748,173,3,-2541.6,USD,2023-07-25T08:58:45,Transfer to account 26,6749
6749,26,4,2541.6,USD,2023-07-25T09:03:45,Transfer from account 173,6748
6750,533,3,-1061.15,USD,2024-10-10T17:35:23,Transfer to account 286,6751
6751,286,4,1061.15,USD,2024-10-10T17:35:23,Transfer from account 533,6750
6752,131,3,-6090.55,USD,2025-03-15T15:34:49,Transfer to account 462,6753
6753,462,4,6090.55,USD,2025-03-15T15:36:49,Transfer from account 131,6752
6754,410,3,-7955.22,USD,2024-12-03T11:47:01,Transfer to account 498,6755
6755,498,4,7955.22,USD,2024-12-03T11:52:01,Transfer from account 410,6754
6756,536,3,-7038.44,USD,2025-06-10T14:03:05,Transfer to account 1,6757
6757,1,4,7038.44,USD,2025-06-10T14:03:05,Transfer from account 536,6756
6758,30,3,-7968.85,USD,2022-11-28T23:51:28,Transfer to account 36,6759
6759,36,4,7968.85,USD,2022-11-28T23:55:28,Transfer from account 30,6758
6760,308,3,-1291.67,USD,2025-11-26T16:09:56,Transfer to account 75,6761
6761,75,4,1291.67,USD,2025-11-26T16:10:56,Transfer from account 308,6760
6762,186,3,-1336.09,USD,2025-11-22T06:02:37,Transfer to account 236,
6763,472,3,-5600.19,USD,2025-12-21T05:24:35,Transfer to account 58,6764
6764,58,4,5600.19,USD,2025-12-21T05:25:35,Transfer from account 472,6763
6765,241,3,-2148.13,USD,2023-01-31T14:16:45,Transfer to account 206,6766
6766,206,4,2148.13,USD,2023-01-31T14:19:45,Transfer from account 241,6765
6767,152,3,-1574.57,USD,2025-04-15T16:56:11,Transfer to account 140,6768
6768,140,4,1574.57,USD,2025-04-15T16:56:11,Transfer from account 152,6767
6769,436,3,-4922.27,USD,2023-01-21T18:30:40,Transfer to account 147,6770
6770,147,4,4922.27,USD,2023-01-21T18:32:40,Transfer from account 436,6769
6771,188,3,-4573.02,USD,2023-08-28T23:27:10,Transfer to account 450,6772
6772,450,4,4573.02,USD,2023-08-28T23:27:10,Transfer from account 188,6771
6773,352,3,-1350.15,USD,2024-09-09T10:33:32,Transfer to account 157,
6774,463,3,-2270.53,USD,2025-11-09T12:21:15,Transfer to account 125,6775
6775,125,4,2270.53,USD,2025-11-09T12:22:15,Transfer from account 463,6774
6776,475,3,-436.59,USD,2022-09-14T16:34:18,Transfer to account 481,6777
6777,481,4,436.59,USD,2022-09-14T16:36:18,Transfer from account 475,6776
6778,441,3,-3468.69,USD,2025-03-12T22:19:34,Transfer to account 369,6779
6779,369,4,3468.69,USD,2025-03-12T22:22:34,Transfer from account 441,6778
6780,491,3,-7251.12,USD,2022-05-08T17:39:46,Transfer to account 135,6781
6781,135,4,7251.12,USD,2022-05-08T17:41:46,Transfer from account 491,6780
6782,110,3,-5657.51,USD,2022-02-14T15:21:30,Transfer to account 156,6783
6783,156,4,5657.51,USD,2022-02-14T15:21:30,Transfer from account 110,6782
6784,159,3,-3412.83,USD,2022-09-04T15:03:05,Transfer to account 435,6785
6785,435,4,3412.83,USD,2022-09-04T15:06:05,Transfer from account 159,6784
6786,356,3,-250.11,USD,2023-06-13T20:54:27,Transfer to account 230,6787
6787,230,4,250.11,USD,2023-06-13T20:55:27,Transfer from account 356,6786
6788,457,3,-1386.49,USD,2022-02-16T14:20:14,Transfer to account 530,6789
6789,530,4,1386.49,USD,2022-02-16T14:25:14,Transfer from account 457,6788
6790,278,3,-1355.75,USD,2024-10-19T02:48:49,Transfer to account 523,6791
6791,523,4,1355.75,USD,2024-10-19T02:51:49,Transfer from account 278,6790
6792,130,3,-1850.74,USD,2025-01-27T11:06:24,Transfer to account 65,6793
6793,65,4,1850.74,USD,2025-01-27T11:06:24,Transfer from account 130,6792
6794,271,3,-2292.51,USD,2023-02-01T09:23:52,Transfer to account 236,
6795,52,3,-6945.49,USD,2024-08-27T10:43:44,Transfer to account 105,6796
6796,105,4,6945.49,USD,2024-08-27T10:44:44,Transfer from account 52,6795
6797,485,3,-7083.07,USD,2025-06-28T21:41:46,Transfer to account 291,6798
6798,291,4,7083.07,USD,2025-06-28T21:46:46,Transfer from account 485,6797
6799,327,3,-6195.34,USD,2022-02-24T18:23:09,Transfer to account 372,6800
6800,372,4,6195.34,USD,2022-02-24T18:26:09,Transfer from account 327,6799
6801,247,3,-6589.11,USD,2025-12-22T11:26:15,Transfer to account 3,6802
6802,3,4,6589.11,USD,2025-12-22T11:28:15,Transfer from account 247,6801
6803,244,3,-6918.33,USD,2022-11-11T17:46:32,Transfer to account 549,6804
6804,549,4,6918.33,USD,2022-11-11T17:50:32,Transfer from account 244,6803
6805,484,3,-2437.24,USD,2023-12-11T10:01:59,Transfer to account 375,6806
6806,375,4,2437.24,USD,2023-12-11T10:01:59,Transfer from account 484,6805
6807,498,3,-6270.35,USD,2024-10-31T01:57:24,Transfer to account 29,6808
6808,29,4,6270.35,USD,2024-10-31T02:00:24,Transfer from account 498,6807
6809,184,3,-5671.52,USD,2025-05-22T22:14:39,Transfer to account 287,6810
6810,287,4,5671.52,USD,2025-05-22T22:14:39,Transfer from account 184,6809
6811,138,3,-2642.52,USD,2025-05-15T01:19:25,Transfer to account 8,6812
6812,8,4,2642.52,USD,2025-05-15T01:24:25,Transfer from account 138,6811
6813,46,3,-7724.74,USD,2025-03-27T09:50:00,Transfer to account 519,6814
6814,519,4,7724.74,USD,2025-03-27T09:51:00,Transfer from account 46,6813
6815,506,3,-7238.26,USD,2024-09-27T19:49:47,Transfer to account 274,6816
6816,274,4,7238.26,USD,2024-09-27T19:52:47,Transfer from account 506,6815
6817,155,3,-4086.18,USD,2024-05-20T04:18:20,Transfer to account 431,
6818,532,3,-586.95,USD,2023-08-30T01:36:07,Transfer to account 199,6819
6819,199,4,586.95,USD,2023-08-30T01:39:07,Transfer from account 532,6818
6820,277,3,-1407.04,USD,2022-03-12T07:49:57,Transfer to account 495,6821
6821,495,4,1407.04,USD,2022-03-12T07:53:57,Transfer from account 277,6820
6822,273,3,-2573.08,USD,2023-04-16T13:08:09,Transfer to account 249,6823
6823,249,4,2573.08,USD,2023-04-16T13:11:09,Transfer from account 273,6822
6824,333,3,-3497.86,USD,2024-09-08T20:44:39,Transfer to account 56,6825
6825,56,4,3497.86,USD,2024-09-08T20:45:39,Transfer from account 333,6824
6826,352,3,-2112.25,USD,2022-04-05T08:07:45,Transfer to account 378,6827
6827,378,4,2112.25,USD,2022-04-05T08:11:45,Transfer from account 352,6826
6828,369,3,-5978.4,USD,2024-03-28T05:12:36,Transfer to account 520,6829
6829,520,4,5978.4,USD,2024-03-28T05:16:36,Transfer from account 369,6828
6830,506,3,-2464.8,USD,2023-06-09T21:54:40,Transfer to account 454,6831
6831,454,4,2464.8,USD,2023-06-09T21:59:40,Transfer from account 506,6830
6832,386,3,-580.95,USD,2025-09-03T00:04:59,Transfer to account 452,6833
6833,452,4,580.95,USD,2025-09-03T00:06:59,Transfer from account 386,6832
6834,495,3,-2800.78,USD,2025-07-18T19:52:00,Transfer to account 216,6835
6835,216,4,2800.78,USD,2025-07-18T19:53:00,Transfer from account 495,6834
6836,233,3,-4696.21,USD,2024-02-27T09:22:36,Transfer to account 395,6837
6837,395,4,4696.21,USD,2024-02-27T09:24:36,Transfer from account 233,6836
6838,5,3,-248.13,USD,2024-07-05T14:52:44,Transfer to account 309,
6839,470,3,-1118.4,USD,2022-03-07T00:14:19,Transfer to account 383,6840
6840,383,4,1118.4,USD,2022-03-07T00:19:19,Transfer from account 470,6839
6841,68,3,-2522.94,USD,2025-05-29T18:10:25,Transfer to account 115,6842
6842,115,4,2522.94,USD,2025-05-29T18:10:25,Transfer from account 68,6841
6843,257,3,-155.31,USD,2025-01-09T12:52:30,Transfer to account 98,6844
6844,98,4,155.31,USD,2025-01-09T12:52:30,Transfer from account 257,6843
6845,224,3,-2671.28,USD,2025-09-15T20:16:27,Transfer to account 19,6846
6846,19,4,2671.28,USD,2025-09-15T20:20:27,Transfer from account 224,6845
6847,509,3,-3538.05,USD,2023-08-27T20:52:46,Transfer to account 539,6848
6848,539,4,3538.05,USD,2023-08-27T20:55:46,Transfer from account 509,6847
6849,321,3,-4522.34,USD,2022-10-29T18:35:55,Transfer to account 88,
6850,195,3,-3672.75,USD,2022-06-09T03:40:10,Transfer to account 191,6851
6851,191,4,3672.75,USD,2022-06-09T03:41:10,Transfer from account 195,6850
6852,532,3,-4078.04,USD,2025-11-27T08:07:26,Transfer to account 241,6853
6853,241,4,4078.04,USD,2025-11-27T08:08:26,Transfer from account 532,6852
6854,424,3,-46.09,USD,2024-06-02T07:10:36,Transfer to account 453,6855
6855,453,4,46.09,USD,2024-06-02T07:15:36,Transfer from account 424,6854
6856,338,3,-4660.22,USD,2022-09-10T18:31:45,Transfer to account 273,6857
6857,273,4,4660.22,USD,2022-09-10T18:34:45,Transfer from account 338,6856
6858,511,3,-6713.24,USD,2022-09-05T20:54:40,Transfer to account 101,6859
6859,101,4,6713.24,USD,2022-09-05T20:55:40,Transfer from account 511,6858
6860,248,3,-2418.85,USD,2024-05-09T14:49:33,Transfer to account 20,6861
6861,20,4,2418.85,USD,2024-05-09T14:53:33,Transfer from account 248,6860
6862,344,3,-3877.53,USD,2025-02-09T07:33:40,Transfer to account 214,6863
6863,214,4,3877.53,USD,2025-02-09T07:35:40,Transfer from account 344,6862
6864,411,3,-1917.91,USD,2023-08-28T20:00:41,Transfer to account 181,6865
6865,181,4,1917.91,USD,2023-08-28T20:01:41,Transfer from account 411,6864
6866,389,3,-5671.1,USD,2024-05-19T20:28:06,Transfer to account 263,6867
6867,263,4,5671.1,USD,2024-05-19T20:30:06,Transfer from account 389,6866
6868,154,3,-3336.22,USD,2023-09-11T17:08:39,Transfer to account 545,6869
6869,545,4,3336.22,USD,2023-09-11T17:09:39,Transfer from account 154,6868
6870,263,3,-1063.53,USD,2025-11-19T14:48:06,Transfer to account 232,
6871,80,3,-7193.25,USD,2023-03-01T23:22:46,Transfer to account 327,6872
6872,327,4,7193.25,USD,2023-03-01T23:22:46,Transfer from account 80,6871
6873,116,3,-1446.06,USD,2022-03-17T11:44:57,Transfer to account 63,6874
6874,63,4,1446.06,USD,2022-03-17T11:44:57,Transfer from account 116,6873
6875,528,3,-3965.4,USD,2025-06-14T19:04:17,Transfer to account 134,6876
6876,134,4,3965.4,USD,2025-06-14T19:04:17,Transfer from account 528,6875
6877,424,3,-2792.53,USD,2023-05-05T16:01:18,Transfer to account 60,6878
6878,60,4,2792.53,USD,2023-05-05T16:03:18,Transfer from account 424,6877
6879,374,3,-6646.51,USD,2022-11-02T13:20:17,Transfer to account 186,6880
6880,186,4,6646.51,USD,2022-11-02T13:20:17,Transfer from account 374,6879
6881,502,3,-3271.57,USD,2025-01-26T16:57:14,Transfer to account 183,6882
6882,183,4,3271.57,USD,2025-01-26T17:02:14,Transfer from account 502,6881
6883,540,3,-4587.76,USD,2025-06-16T13:15:00,Transfer to account 10,6884
6884,10,4,4587.76,USD,2025-06-16T13:20:00,Transfer from account 540,6883
6885,485,3,-2576.99,USD,2025-09-05T06:28:59,Transfer to account 371,6886
6886,371,4,2576.99,USD,2025-09-05T06:33:59,Transfer from account 485,6885
6887,497,3,-4648.63,USD,2022-08-22T07:14:39,Transfer to account 526,6888
6888,526,4,4648.63,USD,2022-08-22T07:17:39,Transfer from account 497,6887
6889,446,3,-7870.75,USD,2024-04-04T18:06:07,Transfer to account 167,6890
6890,167,4,7870.75,USD,2024-04-04T18:08:07,Transfer from account 446,6889
6891,427,3,-1725.15,USD,2024-01-20T16:44:30,Transfer to account 550,6892
6892,550,4,1725.15,USD,2024-01-20T16:47:30,Transfer from account 427,6891
6893,109,3,-600.27,USD,2025-05-31T17:44:27,Transfer to account 447,
6894,53,3,-6814.9,USD,2023-05-25T15:26:28,Transfer to account 382,
6895,261,3,-2567.33,USD,2022-01-21T12:05:57,Transfer to account 85,6896
6896,85,4,2567.33,USD,2022-01-21T12:10:57,Transfer from account 261,6895
6897,344,3,-7972.11,USD,2024-04-07T01:20:28,Transfer to account 147,6898
6898,147,4,7972.11,USD,2024-04-07T01:21:28,Transfer from account 344,6897
6899,128,3,-520.78,USD,2023-08-24T16:58:47,Transfer to account 182,6900
6900,182,4,520.78,USD,2023-08-24T16:58:47,Transfer from account 128,6899
6901,348,3,-5589.84,USD,2023-10-28T12:02:22,Transfer to account 501,6902
6902,501,4,5589.84,USD,2023-10-28T12:02:22,Transfer from account 348,6901
6903,248,3,-3520.4,USD,2022-06-21T03:32:34,Transfer to account 478,
6904,259,3,-7988.52,USD,2023-10-15T03:11:23,Transfer to account 167,6905
6905,167,4,7988.52,USD,2023-10-15T03:12:23,Transfer from account 259,6904
6906,9,3,-5117.2,USD,2025-03-28T08:43:47,Transfer to account 411,6907
6907,411,4,5117.2,USD,2025-03-28T08:44:47,Transfer from account 9,6906
6908,107,3,-5216.03,USD,2025-11-10T05:56:07,Transfer to account 294,6909
6909,294,4,5216.03,USD,2025-11-10T05:56:07,Transfer from account 107,6908
6910,43,3,-521.62,USD,2022-04-30T23:08:41,Transfer to account 174,
6911,514,3,-5717.93,USD,2024-11-16T13:12:43,Transfer to account 253,
6912,382,3,-7147.22,USD,2025-10-24T20:31:47,Transfer to account 326,6913
6913,326,4,7147.22,USD,2025-10-24T20:32:47,Transfer from account 382,6912
6914,465,3,-7417.18,USD,2025-12-22T10:58:18,Transfer to account 184,6915
6915,184,4,7417.18,USD,2025-12-22T11:03:18,Transfer from account 465,6914
6916,332,3,-786.19,USD,2022-06-14T23:07:51,Transfer to account 180,6917
6917,180,4,786.19,USD,2022-06-14T23:12:51,Transfer from account 332,6916
6918,451,3,-6881.43,USD,2024-03-21T12:23:17,Transfer to account 195,6919
6919,195,4,6881.43,USD,2024-03-21T12:28:17,Transfer from account 451,6918
6920,538,3,-352.49,USD,2023-07-25T06:32:25,Transfer to account 35,6921
6921,35,4,352.49,USD,2023-07-25T06:33:25,Transfer from account 538,6920
6922,536,3,-687.73,USD,2024-05-30T23:01:20,Transfer to account 293,6923
6923,293,4,687.73,USD,2024-05-30T23:01:20,Transfer from account 536,6922
6924,2,3,-4503.41,USD,2023-07-21T16:49:05,Transfer to account 370,6925
6925,370,4,4503.41,USD,2023-07-21T16:54:05,Transfer from account 2,6924
6926,354,3,-6149.12,USD,2024-04-27T10:26:25,Transfer to account 429,6927
6927,429,4,6149.12,USD,2024-04-27T10:27:25,Transfer from account 354,6926
6928,10,3,-7444.65,USD,2023-06-07T06:29:13,Transfer to account 168,6929
6929,168,4,7444.65,USD,2023-06-07T06:32:13,Transfer from account 10,6928
6930,430,3,-3700.17,USD,2022-09-13T23:43:45,Transfer to account 514,6931
6931,514,4,3700.17,USD,2022-09-13T23:45:45,Transfer from account 430,6930
6932,408,3,-7718.38,USD,2022-02-17T22:54:25,Transfer to account 269,6933
6933,269,4,7718.38,USD,2022-02-17T22:56:25,Transfer from account 408,6932
6934,73,3,-2156.34,USD,2022-12-25T16:03:04,Transfer to account 33,6935
6935,33,4,2156.34,USD,2022-12-25T16:08:04,Transfer from account 73,6934
6936,357,3,-3467.38,USD,2024-03-31T12:11:27,Transfer to account 312,6937
6937,312,4,3467.38,USD,2024-03-31T12:15:27,Transfer from account 357,6936
6938,492,3,-7507.47,USD,2022-01-12T03:11:13,Transfer to account 205,6939
6939,205,4,7507.47,USD,2022-01-12T03:16:13,Transfer from account 492,6938
6940,373,3,-3110.71,USD,2024-03-25T18:30:38,Transfer to account 405,6941
6941,405,4,3110.71,USD,2024-03-25T18:32:38,Transfer from account 373,6940
6942,400,3,-3282.86,USD,2025-03-18T12:41:08,Transfer to account 22,
6943,495,3,-2787.8,USD,2024-10-29T16:25:42,Transfer to account 441,6944
6944,441,4,2787.8,USD,2024-10-29T16:29:42,Transfer from account 495,6943
6945,173,3,-7115.19,USD,2025-08-04T22:05:59,Transfer to account 360,6946
6946,360,4,7115.19,USD,2025-08-04T22:09:59,Transfer from account 173,6945
6947,512,3,-1392.89,USD,2024-10-11T01:36:56,Transfer to account 488,
6948,272,3,-3046.13,USD,2025-02-09T09:03:56,Transfer to account 70,6949
6949,70,4,3046.13,USD,2025-02-09T09:03:56,Transfer from account 272,6948
6950,495,3,-6547.42,USD,2023-05-02T11:26:05,Transfer to account 196,6951
6951,196,4,6547.42,USD,2023-05-02T11:30:05,Transfer from account 495,6950
6952,43,3,-1154.52,USD,2025-08-06T17:12:49,Transfer to account 442,6953
6953,442,4,1154.52,USD,2025-08-06T17:12:49,Transfer from account 43,6952
6954,326,3,-878.83,USD,2024-10-30T00:46:14,Transfer to account 116,6955
6955,116,4,878.83,USD,2024-10-30T00:46:14,Transfer from account 326,6954
6956,478,3,-6029.82,USD,2025-04-15T04:27:07,Transfer to account 377,
6957,159,3,-2109.84,USD,2022-05-04T08:02:28,Transfer to account 437,6958
6958,437,4,2109.84,USD,2022-05-04T08:03:28,Transfer from account 159,6957
6959,26,3,-1543.05,USD,2023-05-20T03:21:42,Transfer to account 435,6960
6960,435,4,1543.05,USD,2023-05-20T03:26:42,Transfer from account 26,6959
6961,175,3,-2181.38,USD,2022-12-13T00:43:28,Transfer to account 428,6962
6962,428,4,2181.38,USD,2022-12-13T00:43:28,Transfer from account 175,6961
6963,201,3,-3696.35,USD,2022-08-31T05:53:50,Transfer to account 531,
6964,27,3,-1876.02,USD,2024-07-27T23:07:45,Transfer to account 535,6965
6965,535,4,1876.02,USD,2024-07-27T23:08:45,Transfer from account 27,6964
6966,309,3,-7946.4,USD,2024-07-13T03:12:19,Transfer to account 514,
6967,37,3,-6206.67,USD,2025-03-08T14:58:22,Transfer to account 546,6968
6968,546,4,6206.67,USD,2025-03-08T15:03:22,Transfer from account 37,6967
6969,216,3,-5003.44,USD,2024-02-06T11:09:09,Transfer to account 295,6970
6970,295,4,5003.44,USD,2024-02-06T11:11:09,Transfer from account 216,6969
6971,445,3,-51.59,USD,2022-03-25T23:29:17,Transfer to account 335,6972
6972,335,4,51.59,USD,2022-03-25T23:29:17,Transfer from account 445,6971
6973,161,3,-1826.06,USD,2023-07-27T14:05:56,Transfer to account 190,
6974,57,3,-3703.76,USD,2023-06-03T03:49:28,Transfer to account 350,6975
6975,350,4,3703.76,USD,2023-06-03T03:50:28,Transfer from account 57,6974
6976,182,3,-5187.49,USD,2023-08-10T09:02:37,Transfer to account 88,6977
6977,88,4,5187.49,USD,2023-08-10T09:04:37,Transfer from account 182,6976
6978,528,3,-3265.61,USD,2025-05-28T19:32:38,Transfer to account 142,6979
6979,142,4,3265.61,USD,2025-05-28T19:34:38,Transfer from account 528,6978
6980,418,3,-2301.31,USD,2024-11-22T14:04:00,Transfer to account 99,
6981,349,3,-1497.85,USD,2022-06-07T09:25:22,Transfer to account 400,6982
6982,400,4,1497.85,USD,2022-06-07T09:29:22,Transfer from account 349,6981
6983,190,3,-6957.85,USD,2025-06-25T12:15:04,Transfer to account 403,6984
6984,403,4,6957.85,USD,2025-06-25T12:18:04,Transfer from account 190,6983
6985,126,3,-701.9,USD,2022-02-27T23:24:07,Transfer to account 535,6986
6986,535,4,701.9,USD,2022-02-27T23:25:07,Transfer from account 126,6985
6987,518,3,-7048.78,USD,2022-11-25T06:44:49,Transfer to account 245,6988
6988,245,4,7048.78,USD,2022-11-25T06:48:49,Transfer from account 518,6987
6989,436,3,-379.54,USD,2025-10-05T16:31:48,Transfer to account 44,6990
6990,44,4,379.54,USD,2025-10-05T16:36:48,Transfer from account 436,6989
6991,315,3,-7278.99,USD,2022-07-21T03:01:09,Transfer to account 365,
6992,6,3,-3222.5,USD,2024-10-25T08:00:51,Transfer to account 212,6993
6993,212,4,3222.5,USD,2024-10-25T08:02:51,Transfer from account 6,6992
6994,245,3,-7281.07,USD,2024-06-21T14:49:15,Transfer to account 523,6995
6995,523,4,7281.07,USD,2024-06-21T14:53:15,Transfer from account 245,6994
6996,450,3,-610.98,USD,2023-03-19T05:52:28,Transfer to account 71,6997
6997,71,4,610.98,USD,2023-03-19T05:57:28,Transfer from account 450,6996
6998,191,3,-270.62,USD,2024-05-18T05:26:05,Transfer to account 77,6999
6999,77,4,270.62,USD,2024-05-18T05:27:05,Transfer from account 191,6998
7000,151,3,-172.05,USD,2025-10-06T19:53:10,Transfer to account 290,7001
7001,290,4,172.05,USD,2025-10-06T19:53:10,Transfer from account 151,7000
7002,412,3,-2362.08,USD,2025-06-13T20:34:50,Transfer to account 167,7003
7003,167,4,2362.08,USD,2025-06-13T20:37:50,Transfer from account 412,7002
7004,314,3,-6591.03,USD,2022-04-24T13:38:48,Transfer to account 325,7005
7005,325,4,6591.03,USD,2022-04-24T13:38:48,Transfer from account 314,7004
7006,49,3,-1673.98,USD,2025-10-17T10:19:07,Transfer to account 222,7007
7007,222,4,1673.98,USD,2025-10-17T10:20:07,Transfer from account 49,7006
7008,364,3,-6898.35,USD,2024-07-29T18:31:48,Transfer to account 32,7009
7009,32,4,6898.35,USD,2024-07-29T18:33:48,Transfer from account 364,7008
7010,109,3,-7044.24,USD,2024-10-13T10:07:16,Transfer to account 371,7011
7011,371,4,7044.24,USD,2024-10-13T10:07:16,Transfer from account 109,7010
7012,261,3,-6177.88,USD,2025-07-29T06:31:25,Transfer to account 311,7013
7013,311,4,6177.88,USD,2025-07-29T06:36:25,Transfer from account 261,7012
7014,421,3,-3664.75,USD,2023-05-06T06:00:24,Transfer to account 486,7015
7015,486,4,3664.75,USD,2023-05-06T06:02:24,Transfer from account 421,7014
7016,187,3,-1135.88,USD,2022-07-16T06:29:05,Transfer to account 95,7017
7017,95,4,1135.88,USD,2022-07-16T06:29:05,Transfer from account 187,7016
7018,160,3,-4502.89,USD,2025-07-04T23:44:12,Transfer to account 275,7019
7019,275,4,4502.89,USD,2025-07-04T23:44:12,Transfer from account 160,7018
7020,38,3,-567.27,USD,2024-05-30T23:36:55,Transfer to account 476,7021
7021,476,4,567.27,USD,2024-05-30T23:38:55,Transfer from account 38,7020
7022,450,3,-3394.87,USD,2022-07-07T20:45:50,Transfer to account 522,7023
7023,522,4,3394.87,USD,2022-07-07T20:48:50,Transfer from account 450,7022
7024,209,3,-2276.05,USD,2024-05-23T00:07:03,Transfer to account 96,7025
7025,96,4,2276.05,USD,2024-05-23T00:09:03,Transfer from account 209,7024
7026,374,3,-608.51,USD,2023-10-02T20:15:00,Transfer to account 199,7027
7027,199,4,608.51,USD,2023-10-02T20:15:00,Transfer from account 374,7026
7028,66,3,-329.49,USD,2023-11-12T16:12:33,Transfer to account 112,7029
7029,112,4,329.49,USD,2023-11-12T16:13:33,Transfer from account 66,7028
7030,469,3,-4373.57,USD,2024-11-21T18:31:50,Transfer to account 147,7031
7031,147,4,4373.57,USD,2024-11-21T18:35:50,Transfer from account 469,7030
7032,377,3,-772.63,USD,2022-10-02T23:46:10,Transfer to account 340,7033
7033,340,4,772.63,USD,2022-10-02T23:48:10,Transfer from account 377,7032
7034,285,3,-5508.01,USD,2024-10-01T01:46:44,Transfer to account 536,7035
7035,536,4,5508.01,USD,2024-10-01T01:48:44,Transfer from account 285,7034
7036,464,3,-5123.53,USD,2023-07-06T16:18:44,Transfer to account 302,7037
7037,302,4,5123.53,USD,2023-07-06T16:22:44,Transfer from account 464,7036
7038,204,3,-5321.76,USD,2024-03-03T12:11:03,Transfer to account 388,7039
7039,388,4,5321.76,USD,2024-03-03T12:16:03,Transfer from account 204,7038
7040,18,3,-1343.64,USD,2025-01-23T14:57:28,Transfer to account 274,7041
7041,274,4,1343.64,USD,2025-01-23T15:02:28,Transfer from account 18,7040
7042,192,3,-7103.85,USD,2022-05-23T12:07:12,Transfer to account 474,
7043,395,3,-4308.5,USD,2025-02-16T03:52:55,Transfer to account 515,7044
7044,515,4,4308.5,USD,2025-02-16T03:56:55,Transfer from account 395,7043
7045,118,3,-4096.83,USD,2023-10-28T13:24:21,Transfer to account 454,7046
7046,454,4,4096.83,USD,2023-10-28T13:24:21,Transfer from account 118,7045
7047,462,3,-5055.86,USD,2022-11-21T01:32:59,Transfer to account 90,7048
7048,90,4,5055.86,USD,2022-11-21T01:33:59,Transfer from account 462,7047
7049,179,3,-920.51,USD,2022-11-06T10:18:36,Transfer to account 291,7050
7050,291,4,920.51,USD,2022-11-06T10:18:36,Transfer from account 179,7049
7051,212,3,-7716.07,USD,2025-01-02T11:49:43,Transfer to account 246,7052
7052,246,4,7716.07,USD,2025-01-02T11:53:43,Transfer from account 212,7051
7053,59,3,-3929.61,USD,2024-07-26T13:30:18,Transfer to account 550,7054
7054,550,4,3929.61,USD,2024-07-26T13:33:18,Transfer from account 59,7053
7055,267,3,-6674.56,USD,2022-10-24T11:54:51,Transfer to account 509,7056
7056,509,4,6674.56,USD,2022-10-24T11:58:51,Transfer from account 267,7055
7057,484,3,-6398.9,USD,2025-05-21T03:05:07,Transfer to account 62,7058
7058,62,4,6398.9,USD,2025-05-21T03:07:07,Transfer from account 484,7057
7059,488,3,-7211.95,USD,2023-08-04T13:56:11,Transfer to account 490,7060
7060,490,4,7211.95,USD,2023-08-04T13:56:11,Transfer from account 488,7059
7061,108,3,-5287.92,USD,2023-01-12T22:50:47,Transfer to account 395,7062
7062,395,4,5287.92,USD,2023-01-12T22:51:47,Transfer from account 108,7061
7063,424,3,-3564.25,USD,2024-01-24T21:52:51,Transfer to account 503,7064
7064,503,4,3564.25,USD,2024-01-24T21:56:51,Transfer from account 424,7063
7065,368,3,-136.75,USD,2025-09-14T03:19:36,Transfer to account 261,7066
7066,261,4,136.75,USD,2025-09-14T03:24:36,Transfer from account 368,7065
7067,103,3,-1276.85,USD,2024-01-16T04:59:38,Transfer to account 445,7068
7068,445,4,1276.85,USD,2024-01-16T05:03:38,Transfer from account 103,7067
7069,153,3,-6333.69,USD,2025-10-01T03:19:59,Transfer to account 231,7070
7070,231,4,6333.69,USD,2025-10-01T03:19:59,Transfer from account 153,7069
7071,399,3,-868.76,USD,2023-12-19T13:05:09,Transfer to account 459,7072
7072,459,4,868.76,USD,2023-12-19T13:08:09,Transfer from account 399,7071
7073,460,3,-7358.17,USD,2024-01-23T21:23:25,Transfer to account 77,7074
7074,77,4,7358.17,USD,2024-01-23T21:25:25,Transfer from account 460,7073
7075,393,3,-3076.46,USD,2023-11-27T01:22:53,Transfer to account 453,7076
7076,453,4,3076.46,USD,2023-11-27T01:24:53,Transfer from account 393,7075
7077,474,3,-1747.36,USD,2025-08-01T09:30:19,Transfer to account 137,7078
7078,137,4,1747.36,USD,2025-08-01T09:30:19,Transfer from account 474,7077
7079,130,3,-3849.48,USD,2024-05-14T15:05:44,Transfer to account 12,7080
7080,12,4,3849.48,USD,2024-05-14T15:10:44,Transfer from account 130,7079
7081,162,3,-2597.83,USD,2022-08-24T20:58:49,Transfer to account 205,7082
7082,205,4,2597.83,USD,2022-08-24T21:02:49,Transfer from account 162,7081
7083,172,3,-2167.63,USD,2025-01-24T17:19:50,Transfer to account 175,7084
7084,175,4,2167.63,USD,2025-01-24T17:19:50,Transfer from account 172,7083
7085,327,3,-7017.4,USD,2024-07-31T03:54:04,Transfer to account 185,
7086,78,3,-984.07,USD,2024-07-08T13:30:32,Transfer to account 356,
7087,153,3,-6203.94,USD,2024-01-08T02:14:22,Transfer to account 244,7088
7088,244,4,6203.94,USD,2024-01-08T02:17:22,Transfer from account 153,7087
7089,143,3,-2813.41,USD,2025-09-25T19:37:18,Transfer to account 228,7090
7090,228,4,2813.41,USD,2025-09-25T19:41:18,Transfer from account 143,7089
7091,486,3,-4088.43,USD,2022-05-09T21:19:42,Transfer to account 475,7092
7092,475,4,4088.43,USD,2022-05-09T21:24:42,Transfer from account 486,7091
7093,321,3,-4117.85,USD,2024-12-19T12:51:24,Transfer to account 184,7094
7094,184,4,4117.85,USD,2024-12-19T12:54:24,Transfer from account 321,7093
7095,521,3,-1931.82,USD,2024-08-02T18:16:13,Transfer to account 424,7096
7096,424,4,1931.82,USD,2024-08-02T18:18:13,Transfer from account 521,7095
7097,351,3,-2208.34,USD,2022-10-16T07:04:19,Transfer to account 391,7098
7098,391,4,2208.34,USD,2022-10-16T07:04:19,Transfer from account 351,7097
7099,67,3,-1441.01,USD,2024-01-12T16:03:54,Transfer to account 475,7100
7100,475,4,1441.01,USD,2024-01-12T16:07:54,Transfer from account 67,7099
7101,503,3,-3833.8,USD,2022-08-14T19:26:57,Transfer to account 136,
7102,219,3,-6541.56,USD,2025-03-15T10:24:38,Transfer to account 419,
7103,93,3,-2540.2,USD,2024-10-30T08:44:02,Transfer to account 478,7104
7104,478,4,2540.2,USD,2024-10-30T08:49:02,Transfer from account 93,7103
7105,439,3,-1206.16,USD,2024-05-23T22:46:13,Transfer to account 137,7106
7106,137,4,1206.16,USD,2024-05-23T22:46:13,Transfer from account 439,7105
7107,416,3,-1473.84,USD,2024-08-28T10:38:59,Transfer to account 38,7108
7108,38,4,1473.84,USD,2024-08-28T10:43:59,Transfer from account 416,7107
7109,272,3,-2815.12,USD,2023-05-20T20:52:46,Transfer to account 145,7110
7110,145,4,2815.12,USD,2023-05-20T20:56:46,Transfer from account 272,7109
7111,328,3,-298.73,USD,2025-07-18T17:42:43,Transfer to account 253,7112
7112,253,4,298.73,USD,2025-07-18T17:46:43,Transfer from account 328,7111
7113,489,3,-1205.69,USD,2022-02-17T14:57:18,Transfer to account 459,7114
7114,459,4,1205.69,USD,2022-02-17T15:02:18,Transfer from account 489,7113
7115,514,3,-388.68,USD,2023-12-20T03:56:43,Transfer to account 205,7116
7116,205,4,388.68,USD,2023-12-20T03:56:43,Transfer from account 514,7115
7117,194,3,-3509.07,USD,2024-07-15T21:34:05,Transfer to account 547,7118
7118,547,4,3509.07,USD,2024-07-15T21:38:05,Transfer from account 194,7117
7119,80,3,-955.33,USD,2025-05-07T15:51:30,Transfer to account 539,7120
7120,539,4,955.33,USD,2025-05-07T15:56:30,Transfer from account 80,7119
7121,457,3,-3190.58,USD,2023-06-28T02:58:22,Transfer to account 289,
7122,259,3,-4011.79,USD,2024-02-24T06:05:27,Transfer to account 14,7123
7123,14,4,4011.79,USD,2024-02-24T06:09:27,Transfer from account 259,7122
7124,374,3,-2731.01,USD,2024-04-15T03:51:54,Transfer to account 233,7125
7125,233,4,2731.01,USD,2024-04-15T03:52:54,Transfer from account 374,7124
7126,453,3,-4410.74,USD,2022-07-23T12:16:19,Transfer to account 310,7127
7127,310,4,4410.74,USD,2022-07-23T12:19:19,Transfer from account 453,7126
7128,30,3,-6887.95,USD,2022-04-26T01:50:21,Transfer to account 145,7129
7129,145,4,6887.95,USD,2022-04-26T01:50:21,Transfer from account 30,7128
7130,291,3,-5536.72,USD,2024-08-15T18:57:45,Transfer to account 12,7131
7131,12,4,5536.72,USD,2024-08-15T19:01:45,Transfer from account 291,7130
7132,68,3,-4515.9,USD,2024-03-13T11:43:05,Transfer to account 298,7133
7133,298,4,4515.9,USD,2024-03-13T11:48:05,Transfer from account 68,7132
7134,490,3,-4600.95,USD,2025-07-31T07:55:33,Transfer to account 281,7135
7135,281,4,4600.95,USD,2025-07-31T07:59:33,Transfer from account 490,7134
7136,516,3,-3791.03,USD,2022-02-26T16:16:30,Transfer to account 353,7137
7137,353,4,3791.03,USD,2022-02-26T16:19:30,Transfer from account 516,7136
7138,457,3,-5738.92,USD,2022-04-28T00:18:55,Transfer to account 461,7139
7139,461,4,5738.92,USD,2022-04-28T00:20:55,Transfer from account 457,7138
7140,159,3,-5888.11,USD,2025-06-20T11:37:44,Transfer to account 476,
7141,332,3,-5876.65,USD,2023-08-20T20:45:07,Transfer to account 238,7142
7142,238,4,5876.65,USD,2023-08-20T20:47:07,Transfer from account 332,7141
7143,230,3,-1564.37,USD,2025-08-02T05:01:35,Transfer to account 56,7144
7144,56,4,1564.37,USD,2025-08-02T05:03:35,Transfer from account 230,7143
7145,87,3,-2246.71,USD,2025-02-11T12:45:57,Transfer to account 529,7146
7146,529,4,2246.71,USD,2025-02-11T12:46:57,Transfer from account 87,7145
7147,378,3,-225.44,USD,2023-02-27T22:53:55,Transfer to account 438,7148
7148,438,4,225.44,USD,2023-02-27T22:58:55,Transfer from account 378,7147
7149,430,3,-2410.23,USD,2024-11-14T19:31:20,Transfer to account 164,7150
7150,164,4,2410.23,USD,2024-11-14T19:35:20,Transfer from account 430,7149
7151,297,3,-6625.08,USD,2022-08-20T04:26:49,Transfer to account 531,7152
7152,531,4,6625.08,USD,2022-08-20T04:28:49,Transfer from account 297,7151
7153,429,3,-1193.92,USD,2023-03-14T15:05:42,Transfer to account 470,7154
7154,470,4,1193.92,USD,2023-03-14T15:09:42,Transfer from account 429,7153
7155,417,3,-1949.96,USD,2022-07-09T17:54:37,Transfer to account 410,
7156,5,3,-2593.07,USD,2023-05-28T09:52:51,Transfer to account 108,7157
7157,108,4,2593.07,USD,2023-05-28T09:57:51,Transfer from account 5,7156
7158,14,3,-2656.1,USD,2025-11-12T23:51:20,Transfer to account 106,
7159,61,3,-350.49,USD,2025-10-11T01:46:25,Transfer to account 219,7160
7160,219,4,350.49,USD,2025-10-11T01:48:25,Transfer from account 61,7159
7161,259,3,-3986.83,USD,2023-05-24T03:42:12,Transfer to account 103,7162
7162,103,4,3986.83,USD,2023-05-24T03:42:12,Transfer from account 259,7161
7163,294,3,-6169.44,USD,2024-03-05T15:40:10,Transfer to account 352,
7164,390,3,-672.94,USD,2025-11-15T03:57:01,Transfer to account 542,7165
7165,542,4,672.94,USD,2025-11-15T03:59:01,Transfer from account 390,7164
7166,80,3,-7190.19,USD,2025-04-15T01:26:16,Transfer to account 463,7167
7167,463,4,7190.19,USD,2025-04-15T01:29:16,Transfer from account 80,7166
7168,362,3,-678.76,USD,2025-11-19T00:06:38,Transfer to account 87,7169
7169,87,4,678.76,USD,2025-11-19T00:08:38,Transfer from account 362,7168
7170,363,3,-4975.06,USD,2023-05-14T02:13:41,Transfer to account 220,7171
7171,220,4,4975.06,USD,2023-05-14T02:15:41,Transfer from account 363,7170
7172,451,3,-5441.93,USD,2025-08-28T19:44:19,Transfer to account 82,7173
7173,82,4,5441.93,USD,2025-08-28T19:46:19,Transfer from account 451,7172
7174,227,3,-1961.19,USD,2024-06-27T07:12:29,Transfer to account 141,7175
7175,141,4,1961.19,USD,2024-06-27T07:16:29,Transfer from account 227,7174
7176,187,3,-6613.35,USD,2025-07-12T04:46:42,Transfer to account 351,
7177,439,3,-2924.41,USD,2025-01-10T20:54:49,Transfer to account 406,7178
7178,406,4,2924.41,USD,2025-01-10T20:57:49,Transfer from account 439,7177
7179,106,3,-5272.75,USD,2022-11-13T04:16:13,Transfer to account 256,7180
7180,256,4,5272.75,USD,2022-11-13T04:21:13,Transfer from account 106,7179
7181,392,3,-2509.45,USD,2025-10-18T09:40:18,Transfer to account 519,7182
7182,519,4,2509.45,USD,2025-10-18T09:40:18,Transfer from account 392,7181
7183,193,3,-6533.77,USD,2022-04-27T15:04:02,Transfer to account 134,7184
7184,134,4,6533.77,USD,2022-04-27T15:06:02,Transfer from account 193,7183
7185,361,3,-2866.37,USD,2025-04-08T04:34:18,Transfer to account 390,7186
7186,390,4,2866.37,USD,2025-04-08T04:38:18,Transfer from account 361,7185
7187,119,3,-4852.45,USD,2024-06-11T23:04:37,Transfer to account 362,7188
7188,362,4,4852.45,USD,2024-06-11T23:09:37,Transfer from account 119,7187
7189,177,3,-7778.08,USD,2022-12-04T12:19:33,Transfer to account 76,7190
7190,76,4,7778.08,USD,2022-12-04T12:22:33,Transfer from account 177,7189
7191,429,3,-542.79,USD,2023-04-28T02:17:06,Transfer to account 268,7192
7192,268,4,542.79,USD,2023-04-28T02:21:06,Transfer from account 429,7191
7193,540,3,-4316.2,USD,2023-09-20T12:58:06,Transfer to account 497,7194
7194,497,4,4316.2,USD,2023-09-20T13:00:06,Transfer from account 540,7193
7195,188,3,-1951.9,USD,2025-10-30T21:20:50,Transfer to account 258,7196
7196,258,4,1951.9,USD,2025-10-30T21:21:50,Transfer from account 188,7195
7197,523,3,-651.08,USD,2022-04-23T17:13:34,Transfer to account 6,7198
7198,6,4,651.08,USD,2022-04-23T17:17:34,Transfer from account 523,7197
7199,9,3,-6381.31,USD,2025-11-10T00:34:21,Transfer to account 40,7200
7200,40,4,6381.31,USD,2025-11-10T00:34:21,Transfer from account 9,7199
7201,488,3,-3706.03,USD,2022-05-23T09:52:43,Transfer to account 364,7202
7202,364,4,3706.03,USD,2022-05-23T09:54:43,Transfer from account 488,7201
7203,391,3,-3973.31,USD,2025-08-28T23:34:09,Transfer to account 14,7204
7204,14,4,3973.31,USD,2025-08-28T23:39:09,Transfer from account 391,7203
7205,376,3,-3488.52,USD,2022-08-19T01:09:11,Transfer to account 457,7206
7206,457,4,3488.52,USD,2022-08-19T01:11:11,Transfer from account 376,7205
7207,415,3,-4336.02,USD,2022-06-27T07:54:47,Transfer to account 286,
7208,436,3,-5150.77,USD,2024-09-17T21:42:39,Transfer to account 464,
7209,241,3,-7342.33,USD,2024-01-25T16:25:17,Transfer to account 177,
7210,499,3,-5192.7,USD,2024-07-05T01:07:24,Transfer to account 69,7211
7211,69,4,5192.7,USD,2024-07-05T01:11:24,Transfer from account 499,7210
7212,226,3,-3253.07,USD,2023-10-13T03:05:58,Transfer to account 403,7213
7213,403,4,3253.07,USD,2023-10-13T03:06:58,Transfer from account 226,7212
7214,313,3,-1652.49,USD,2025-05-21T16:30:18,Transfer to account 460,7215
7215,460,4,1652.49,USD,2025-05-21T16:31:18,Transfer from account 313,7214
7216,358,3,-5461.06,USD,2023-05-16T22:56:34,Transfer to account 137,7217
7217,137,4,5461.06,USD,2023-05-16T22:58:34,Transfer from account 358,7216
7218,413,3,-6076.74,USD,2024-01-30T14:46:06,Transfer to account 343,7219
7219,343,4,6076.74,USD,2024-01-30T14:48:06,Transfer from account 413,7218
7220,409,3,-6845.87,USD,2022-11-18T05:02:28,Transfer to account 96,7221
7221,96,4,6845.87,USD,2022-11-18T05:03:28,Transfer from account 409,7220
7222,228,3,-3696.28,USD,2022-11-08T04:45:02,Transfer to account 35,7223
7223,35,4,3696.28,USD,2022-11-08T04:47:02,Transfer from account 228,7222
7224,259,3,-55.57,USD,2025-11-23T04:27:50,Transfer to account 179,7225
7225,179,4,55.57,USD,2025-11-23T04:32:50,Transfer from account 259,7224
7226,388,3,-3918.67,USD,2025-11-04T16:50:41,Transfer to account 43,7227
7227,43,4,3918.67,USD,2025-11-04T16:54:41,Transfer from account 388,7226
7228,83,3,-704.21,USD,2022-03-20T07:07:20,Transfer to account 172,7229
7229,172,4,704.21,USD,2022-03-20T07:11:20,Transfer from account 83,7228
7230,114,3,-952.28,USD,2023-05-09T18:53:02,Transfer to account 387,7231
7231,387,4,952.28,USD,2023-05-09T18:53:02,Transfer from account 114,7230
7232,165,3,-3528.0,USD,2025-11-09T15:38:26,Transfer to account 213,7233
7233,213,4,3528.0,USD,2025-11-09T15:39:26,Transfer from account 165,7232
7234,95,3,-57.67,USD,2025-04-16T23:41:54,Transfer to account 179,7235
7235,179,4,57.67,USD,2025-04-16T23:46:54,Transfer from account 95,7234
7236,115,3,-6669.76,USD,2023-03-25T11:18:32,Transfer to account 498,7237
7237,498,4,6669.76,USD,2023-03-25T11:18:32,Transfer from account 115,7236
7238,241,3,-4967.8,USD,2023-06-10T01:30:24,Transfer to account 125,7239
7239,125,4,4967.8,USD,2023-06-10T01:32:24,Transfer from account 241,7238
7240,41,3,-7597.62,USD,2025-09-02T07:33:23,Transfer to account 24,7241
7241,24,4,7597.62,USD,2025-09-02T07:37:23,Transfer from account 41,7240
7242,90,3,-898.83,USD,2023-03-03T04:44:43,Transfer to account 272,
7243,26,3,-1969.7,USD,2025-05-10T03:28:37,Transfer to account 312,7244
7244,312,4,1969.7,USD,2025-05-10T03:29:37,Transfer from account 26,7243
7245,193,3,-1664.2,USD,2022-07-31T03:03:39,Transfer to account 133,7246
7246,133,4,1664.2,USD,2022-07-31T03:06:39,Transfer from account 193,7245
7247,92,3,-5647.03,USD,2024-01-14T12:59:20,Transfer to account 186,7248
7248,186,4,5647.03,USD,2024-01-14T13:00:20,Transfer from account 92,7247
7249,500,3,-4642.85,USD,2025-11-02T02:52:11,Transfer to account 156,
7250,195,3,-7088.08,USD,2025-04-25T05:39:30,Transfer to account 433,7251
7251,433,4,7088.08,USD,2025-04-25T05:41:30,Transfer from account 195,7250
7252,530,3,-2282.08,USD,2022-05-29T20:18:41,Transfer to account 409,7253
7253,409,4,2282.08,USD,2022-05-29T20:22:41,Transfer from account 530,7252
7254,287,3,-7003.06,USD,2022-12-04T07:52:29,Transfer to account 401,7255
7255,401,4,7003.06,USD,2022-12-04T07:55:29,Transfer from account 287,7254
7256,94,3,-4916.75,USD,2023-09-19T07:16:52,Transfer to account 510,7257
7257,510,4,4916.75,USD,2023-09-19T07:17:52,Transfer from account 94,7256
7258,16,3,-4284.76,USD,2022-01-04T14:43:50,Transfer to account 275,7259
7259,275,4,4284.76,USD,2022-01-04T14:48:50,Transfer from account 16,7258
7260,111,3,-7334.02,USD,2024-10-24T12:35:13,Transfer to account 151,7261
7261,151,4,7334.02,USD,2024-10-24T12:36:13,Transfer from account 111,7260
7262,261,3,-2961.72,USD,2023-05-14T09:19:12,Transfer to account 163,7263
7263,163,4,2961.72,USD,2023-05-14T09:20:12,Transfer from account 261,7262
7264,434,3,-4699.32,USD,2024-08-02T18:12:37,Transfer to account 28,7265
7265,28,4,4699.32,USD,2024-08-02T18:15:37,Transfer from account 434,7264
7266,31,3,-5545.94,USD,2025-01-20T21:59:09,Transfer to account 405,7267
7267,405,4,5545.94,USD,2025-01-20T21:59:09,Transfer from account 31,7266
7268,493,3,-1393.8,USD,2025-03-27T19:58:49,Transfer to account 403,7269
7269,403,4,1393.8,USD,2025-03-27T19:58:49,Transfer from account 493,7268
7270,185,3,-7384.9,USD,2025-11-20T09:10:22,Transfer to account 395,7271
7271,395,4,7384.9,USD,2025-11-20T09:12:22,Transfer from account 185,7270
7272,524,3,-5510.31,USD,2023-11-24T12:46:43,Transfer to account 422,7273
7273,422,4,5510.31,USD,2023-11-24T12:49:43,Transfer from account 524,7272
7274,208,3,-7921.23,USD,2025-05-04T22:43:15,Transfer to account 256,7275
7275,256,4,7921.23,USD,2025-05-04T22:47:15,Transfer from account 208,7274
7276,307,3,-3087.43,USD,2025-05-31T23:12:31,Transfer to account 390,
7277,138,3,-7774.84,USD,2022-05-02T21:57:56,Transfer to account 167,7278
7278,167,4,7774.84,USD,2022-05-02T21:59:56,Transfer from account 138,7277
7279,51,3,-3995.52,USD,2025-08-24T05:01:53,Transfer to account 448,7280
7280,448,4,3995.52,USD,2025-08-24T05:05:53,Transfer from account 51,7279
7281,40,3,-5250.24,USD,2022-08-21T09:19:47,Transfer to account 245,7282
7282,245,4,5250.24,USD,2022-08-21T09:21:47,Transfer from account 40,7281
7283,544,3,-4752.11,USD,2025-11-13T12:21:10,Transfer to account 403,7284
7284,403,4,4752.11,USD,2025-11-13T12:22:10,Transfer from account 544,7283
7285,311,3,-7846.46,USD,2025-09-24T02:18:05,Transfer to account 253,7286
7286,253,4,7846.46,USD,2025-09-24T02:20:05,Transfer from account 311,7285
7287,343,3,-3340.5,USD,2023-07-21T23:23:30,Transfer to account 431,7288
7288,431,4,3340.5,USD,2023-07-21T23:24:30,Transfer from account 343,7287
7289,4,3,-6725.71,USD,2022-02-06T21:32:02,Transfer to account 23,7290
7290,23,4,6725.71,USD,2022-02-06T21:36:02,Transfer from account 4,7289
7291,368,3,-1232.05,USD,2023-11-19T05:13:05,Transfer to account 284,7292
7292,284,4,1232.05,USD,2023-11-19T05:17:05,Transfer from account 368,7291
7293,534,3,-5391.32,USD,2022-10-22T09:55:10,Transfer to account 199,7294
7294,199,4,5391.32,USD,2022-10-22T09:59:10,Transfer from account 534,7293
7295,216,3,-3128.59,USD,2024-03-24T02:26:49,Transfer to account 550,7296
7296,550,4,3128.59,USD,2024-03-24T02:26:49,Transfer from account 216,7295
7297,319,3,-7661.93,USD,2025-06-14T20:34:53,Transfer to account 353,7298
7298,353,4,7661.93,USD,2025-06-14T20:38:53,Transfer from account 319,7297
7299,92,3,-7223.55,USD,2025-06-13T23:22:25,Transfer to account 369,7300
7300,369,4,7223.55,USD,2025-06-13T23:22:25,Transfer from account 92,7299
7301,332,3,-1486.4,USD,2025-11-25T15:54:33,Transfer to account 482,
7302,274,3,-6197.63,USD,2025-12-16T12:44:25,Transfer to account 6,7303
7303,6,4,6197.63,USD,2025-12-16T12:47:25,Transfer from account 274,7302
7304,415,3,-2232.62,USD,2024-12-09T16:20:12,Transfer to account 321,
7305,40,3,-1615.47,USD,2023-02-19T08:13:09,Transfer to account 331,7306
7306,331,4,1615.47,USD,2023-02-19T08:18:09,Transfer from account 40,7305
7307,192,3,-3272.95,USD,2024-12-29T03:59:52,Transfer to account 486,7308
7308,486,4,3272.95,USD,2024-12-29T04:04:52,Transfer from account 192,7307
7309,514,3,-411.84,USD,2022-04-07T05:51:38,Transfer to account 364,7310
7310,364,4,411.84,USD,2022-04-07T05:55:38,Transfer from account 514,7309
7311,497,3,-3335.26,USD,2025-01-12T04:58:34,Transfer to account 458,7312
7312,458,4,3335.26,USD,2025-01-12T05:01:34,Transfer from account 497,7311
7313,150,3,-1939.07,USD,2025-01-19T13:28:19,Transfer to account 512,7314
7314,512,4,1939.07,USD,2025-01-19T13:28:19,Transfer from account 150,7313
7315,348,3,-4216.81,USD,2025-03-07T03:21:02,Transfer to account 535,7316
7316,535,4,4216.81,USD,2025-03-07T03:22:02,Transfer from account 348,7315
7317,90,3,-3763.72,USD,2022-12-10T17:15:31,Transfer to account 242,7318
7318,242,4,3763.72,USD,2022-12-10T17:15:31,Transfer from account 90,7317
7319,154,3,-7740.07,USD,2024-05-28T07:50:29,Transfer to account 502,7320
7320,502,4,7740.07,USD,2024-05-28T07:51:29,Transfer from account 154,7319
7321,292,3,-5435.1,USD,2023-06-16T07:29:09,Transfer to account 257,7322
7322,257,4,5435.1,USD,2023-06-16T07:33:09,Transfer from account 292,7321
7323,284,3,-7616.85,USD,2022-10-14T04:52:32,Transfer to account 112,7324
7324,112,4,7616.85,USD,2022-10-14T04:56:32,Transfer from account 284,7323
7325,342,3,-7573.36,USD,2022-12-25T15:59:17,Transfer to account 33,7326
7326,33,4,7573.36,USD,2022-12-25T16:03:17,Transfer from account 342,7325
7327,53,3,-5632.32,USD,2022-03-07T12:28:53,Transfer to account 423,7328
7328,423,4,5632.32,USD,2022-03-07T12:29:53,Transfer from account 53,7327
7329,46,3,-4951.44,USD,2025-05-29T12:45:35,Transfer to account 233,7330
7330,233,4,4951.44,USD,2025-05-29T12:48:35,Transfer from account 46,7329
7331,101,3,-1179.7,USD,2024-07-25T07:36:08,Transfer to account 179,
7332,38,3,-5103.11,USD,2024-08-13T11:01:46,Transfer to account 215,7333
7333,215,4,5103.11,USD,2024-08-13T11:06:46,Transfer from account 38,7332
7334,58,3,-7139.61,USD,2024-05-23T01:30:56,Transfer to account 138,7335
7335,138,4,7139.61,USD,2024-05-23T01:30:56,Transfer from account 58,7334
7336,536,3,-3692.41,USD,2022-06-25T05:47:55,Transfer to account 42,7337
7337,42,4,3692.41,USD,2022-06-25T05:50:55,Transfer from account 536,7336
7338,315,3,-1003.11,USD,2025-02-24T20:48:37,Transfer to account 40,
7339,429,3,-429.29,USD,2023-04-17T19:36:54,Transfer to account 345,7340
7340,345,4,429.29,USD,2023-04-17T19:39:54,Transfer from account 429,7339
7341,204,3,-1653.93,USD,2024-07-11T03:51:42,Transfer to account 317,7342
7342,317,4,1653.93,USD,2024-07-11T03:53:42,Transfer from account 204,7341
7343,112,3,-4722.9,USD,2025-12-12T19:09:53,Transfer to account 199,7344
7344,199,4,4722.9,USD,2025-12-12T19:14:53,Transfer from account 112,7343
7345,393,3,-3386.68,USD,2022-01-10T04:27:33,Transfer to account 100,7346
7346,100,4,3386.68,USD,2022-01-10T04:32:33,Transfer from account 393,7345
7347,455,3,-2808.59,USD,2022-07-08T08:01:25,Transfer to account 96,7348
7348,96,4,2808.59,USD,2022-07-08T08:03:25,Transfer from account 455,7347
7349,124,3,-1153.8,USD,2023-11-24T03:29:14,Transfer to account 114,7350
7350,114,4,1153.8,USD,2023-11-24T03:31:14,Transfer from account 124,7349
7351,159,3,-6070.14,USD,2023-08-13T19:12:50,Transfer to account 318,7352
7352,318,4,6070.14,USD,2023-08-13T19:17:50,Transfer from account 159,7351
7353,69,3,-633.58,USD,2025-01-15T11:40:22,Transfer to account 208,7354
7354,208,4,633.58,USD,2025-01-15T11:42:22,Transfer from account 69,7353
7355,88,3,-3171.72,USD,2023-08-31T21:41:39,Transfer to account 506,7356
7356,506,4,3171.72,USD,2023-08-31T21:44:39,Transfer from account 88,7355
7357,451,3,-4307.32,USD,2023-04-20T03:27:21,Transfer to account 379,
7358,430,3,-3683.64,USD,2022-04-04T05:27:01,Transfer to account 277,7359
7359,277,4,3683.64,USD,2022-04-04T05:30:01,Transfer from account 430,7358
7360,46,3,-3809.62,USD,2023-06-29T06:26:37,Transfer to account 258,7361
7361,258,4,3809.62,USD,2023-06-29T06:28:37,Transfer from account 46,7360
7362,392,3,-2902.73,USD,2025-08-20T21:25:14,Transfer to account 62,7363
7363,62,4,2902.73,USD,2025-08-20T21:27:14,Transfer from account 392,7362
7364,334,3,-372.68,USD,2023-01-26T21:33:27,Transfer to account 251,7365
7365,251,4,372.68,USD,2023-01-26T21:36:27,Transfer from account 334,7364
7366,170,3,-1743.0,USD,2025-05-02T20:53:10,Transfer to account 384,7367
7367,384,4,1743.0,USD,2025-05-02T20:57:10,Transfer from account 170,7366
7368,312,3,-6810.66,USD,2024-05-21T16:22:04,Transfer to account 446,7369
7369,446,4,6810.66,USD,2024-05-21T16:25:04,Transfer from account 312,7368
7370,232,3,-5846.07,USD,2025-07-13T13:37:54,Transfer to account 17,7371
7371,17,4,5846.07,USD,2025-07-13T13:39:54,Transfer from account 232,7370
7372,236,3,-7924.7,USD,2024-09-24T08:02:45,Transfer to account 541,7373
7373,541,4,7924.7,USD,2024-09-24T08:07:45,Transfer from account 236,7372
7374,177,3,-6776.19,USD,2025-12-14T01:42:56,Transfer to account 546,7375
7375,546,4,6776.19,USD,2025-12-14T01:43:56,Transfer from account 177,7374
7376,369,3,-7563.01,USD,2023-06-30T09:20:28,Transfer to account 223,7377
7377,223,4,7563.01,USD,2023-06-30T09:24:28,Transfer from account 369,7376
7378,254,3,-2574.51,USD,2024-03-11T12:02:31,Transfer to account 215,7379
7379,215,4,2574.51,USD,2024-03-11T12:06:31,Transfer from account 254,7378
7380,403,3,-1539.61,USD,2024-08-08T16:34:58,Transfer to account 466,
7381,396,3,-854.38,USD,2024-07-23T03:46:12,Transfer to account 463,7382
7382,463,4,854.38,USD,2024-07-23T03:50:12,Transfer from account 396,7381
7383,149,3,-6181.11,USD,2023-01-15T22:26:31,Transfer to account 238,7384
7384,238,4,6181.11,USD,2023-01-15T22:27:31,Transfer from account 149,7383
7385,492,3,-6942.11,USD,2022-10-31T07:10:13,Transfer to account 412,7386
7386,412,4,6942.11,USD,2022-10-31T07:14:13,Transfer from account 492,7385
7387,7,3,-2704.98,USD,2024-06-04T16:07:35,Transfer to account 473,7388
7388,473,4,2704.98,USD,2024-06-04T16:07:35,Transfer from account 7,7387
7389,363,3,-6979.11,USD,2024-07-01T09:55:16,Transfer to account 331,7390
7390,331,4,6979.11,USD,2024-07-01T10:00:16,Transfer from account 363,7389
7391,424,3,-5945.66,USD,2022-03-19T03:26:38,Transfer to account 104,7392
7392,104,4,5945.66,USD,2022-03-19T03:26:38,Transfer from account 424,7391
7393,247,3,-4779.59,USD,2022-10-21T09:54:22,Transfer to account 62,7394
7394,62,4,4779.59,USD,2022-10-21T09:54:22,Transfer from account 247,7393
7395,412,3,-3888.92,USD,2025-08-09T23:03:33,Transfer to account 545,7396
7396,545,4,3888.92,USD,2025-08-09T23:06:33,Transfer from account 412,7395
7397,102,3,-6442.33,USD,2022-09-14T05:10:28,Transfer to account 404,
7398,55,3,-5922.42,USD,2024-04-07T02:27:27,Transfer to account 47,7399
7399,47,4,5922.42,USD,2024-04-07T02:28:27,Transfer from account 55,7398
7400,227,3,-4982.08,USD,2022-05-06T22:24:42,Transfer to account 185,7401
7401,185,4,4982.08,USD,2022-05-06T22:24:42,Transfer from account 227,7400
7402,94,3,-6437.59,USD,2022-08-30T12:27:00,Transfer to account 379,7403
7403,379,4,6437.59,USD,2022-08-30T12:31:00,Transfer from account 94,7402
7404,550,3,-2609.72,USD,2023-04-13T01:37:32,Transfer to account 397,
7405,447,3,-5238.01,USD,2022-07-10T13:23:01,Transfer to account 431,7406
7406,431,4,5238.01,USD,2022-07-10T13:28:01,Transfer from account 447,7405
7407,375,3,-3851.35,USD,2023-05-05T17:49:22,Transfer to account 402,7408
7408,402,4,3851.35,USD,2023-05-05T17:49:22,Transfer from account 375,7407
7409,92,3,-2870.87,USD,2022-12-10T09:04:52,Transfer to account 292,7410
7410,292,4,2870.87,USD,2022-12-10T09:09:52,Transfer from account 92,7409
7411,119,3,-7270.6,USD,2022-02-14T20:20:55,Transfer to account 58,7412
7412,58,4,7270.6,USD,2022-02-14T20:20:55,Transfer from account 119,7411
7413,44,3,-7188.9,USD,2023-08-18T08:06:55,Transfer to account 58,7414
7414,58,4,7188.9,USD,2023-08-18T08:09:55,Transfer from account 44,7413
7415,236,3,-470.3,USD,2023-03-24T22:30:59,Transfer to account 352,7416
7416,352,4,470.3,USD,2023-03-24T22:30:59,Transfer from account 236,7415
7417,322,3,-3393.76,USD,2024-11-06T21:41:53,Transfer to account 526,7418
7418,526,4,3393.76,USD,2024-11-06T21:42:53,Transfer from account 322,7417
7419,231,3,-4832.0,USD,2022-02-04T12:12:34,Transfer to account 498,7420
7420,498,4,4832.0,USD,2022-02-04T12:15:34,Transfer from account 231,7419
7421,420,3,-1253.47,USD,2022-03-06T01:24:17,Transfer to account 510,7422
7422,510,4,1253.47,USD,2022-03-06T01:29:17,Transfer from account 420,7421
7423,319,3,-4159.89,USD,2023-05-25T18:51:27,Transfer to account 159,7424
7424,159,4,4159.89,USD,2023-05-25T18:51:27,Transfer from account 319,7423
7425,244,3,-6817.54,USD,2024-10-30T20:32:28,Transfer to account 521,7426
7426,521,4,6817.54,USD,2024-10-30T20:33:28,Transfer from account 244,7425
7427,408,3,-1601.19,USD,2025-07-07T07:56:21,Transfer to account 515,7428
7428,515,4,1601.19,USD,2025-07-07T08:00:21,Transfer from account 408,7427
7429,399,3,-7940.11,USD,2025-03-16T03:18:50,Transfer to account 413,7430
7430,413,4,7940.11,USD,2025-03-16T03:20:50,Transfer from account 399,7429
7431,146,3,-5249.23,USD,2023-10-20T11:43:38,Transfer to account 333,7432
7432,333,4,5249.23,USD,2023-10-20T11:48:38,Transfer from account 146,7431
7433,351,3,-1605.92,USD,2025-10-14T17:57:31,Transfer to account 243,7434
7434,243,4,1605.92,USD,2025-10-14T18:02:31,Transfer from account 351,7433
7435,383,3,-2069.91,USD,2025-02-08T07:16:06,Transfer to account 146,7436
7436,146,4,2069.91,USD,2025-02-08T07:21:06,Transfer from account 383,7435
7437,215,3,-3130.74,USD,2022-04-12T10:23:42,Transfer to account 196,7438
7438,196,4,3130.74,USD,2022-04-12T10:26:42,Transfer from account 215,7437
7439,525,3,-7332.79,USD,2025-03-20T03:57:20,Transfer to account 164,7440
7440,164,4,7332.79,USD,2025-03-20T03:57:20,Transfer from account 525,7439
7441,104,3,-1011.8,USD,2024-10-28T11:18:31,Transfer to account 436,7442
7442,436,4,1011.8,USD,2024-10-28T11:22:31,Transfer from account 104,7441
7443,381,3,-7965.68,USD,2024-12-10T18:22:41,Transfer to account 489,7444
7444,489,4,7965.68,USD,2024-12-10T18:27:41,Transfer from account 381,7443
7445,271,3,-7712.54,USD,2025-06-18T10:58:11,Transfer to account 158,7446
7446,158,4,7712.54,USD,2025-06-18T11:01:11,Transfer from account 271,7445
7447,166,3,-4691.34,USD,2022-07-02T19:40:06,Transfer to account 385,7448
7448,385,4,4691.34,USD,2022-07-02T19:41:06,Transfer from account 166,7447
7449,14,3,-375.23,USD,2025-10-12T22:15:14,Transfer to account 341,7450
7450,341,4,375.23,USD,2025-10-12T22:17:14,Transfer from account 14,7449
7451,357,3,-6120.7,USD,2024-01-02T22:48:13,Transfer to account 537,7452
7452,537,4,6120.7,USD,2024-01-02T22:53:13,Transfer from account 357,7451
7453,406,3,-1545.78,USD,2023-11-28T03:04:39,Transfer to account 517,7454
7454,517,4,1545.78,USD,2023-11-28T03:05:39,Transfer from account 406,7453
7455,363,3,-3575.41,USD,2025-12-11T11:25:15,Transfer to account 201,7456
7456,201,4,3575.41,USD,2025-12-11T11:27:15,Transfer from account 363,7455
7457,359,3,-5437.18,USD,2025-05-21T22:15:51,Transfer to account 247,7458
7458,247,4,5437.18,USD,2025-05-21T22:17:51,Transfer from account 359,7457
7459,437,3,-5916.36,USD,2022-12-13T19:08:30,Transfer to account 310,
7460,465,3,-1439.75,USD,2024-04-01T17:04:57,Transfer to account 547,
7461,81,3,-1950.44,USD,2022-09-26T00:16:10,Transfer to account 279,7462
7462,279,4,1950.44,USD,2022-09-26T00:20:10,Transfer from account 81,7461
7463,466,3,-4221.72,USD,2025-10-04T21:52:33,Transfer to account 441,7464
7464,441,4,4221.72,USD,2025-10-04T21:52:33,Transfer from account 466,7463
7465,15,3,-5385.65,USD,2022-03-28T20:54:12,Transfer to account 385,7466
7466,385,4,5385.65,USD,2022-03-28T20:55:12,Transfer from account 15,7465
7467,388,3,-6190.93,USD,2022-08-24T22:53:49,Transfer to account 215,
7468,316,3,-3051.13,USD,2024-05-27T04:20:11,Transfer to account 332,7469
7469,332,4,3051.13,USD,2024-05-27T04:21:11,Transfer from account 316,7468
7470,368,3,-5062.55,USD,2023-09-12T23:24:46,Transfer to account 105,
7471,340,3,-5188.71,USD,2022-06-26T19:58:12,Transfer to account 230,7472
7472,230,4,5188.71,USD,2022-06-26T20:00:12,Transfer from account 340,7471
7473,263,3,-7237.46,USD,2023-09-18T14:45:46,Transfer to account 28,7474
7474,28,4,7237.46,USD,2023-09-18T14:47:46,Transfer from account 263,7473
7475,369,3,-5720.5,USD,2024-04-25T12:11:35,Transfer to account 174,7476
7476,174,4,5720.5,USD,2024-04-25T12:12:35,Transfer from account 369,7475
7477,225,3,-1426.87,USD,2022-07-03T13:30:12,Transfer to account 48,
7478,4,3,-7098.49,USD,2024-04-20T14:53:47,Transfer to account 312,7479
7479,312,4,7098.49,USD,2024-04-20T14:57:47,Transfer from account 4,7478
7480,252,3,-688.98,USD,2023-03-04T22:50:33,Transfer to account 57,7481
7481,57,4,688.98,USD,2023-03-04T22:52:33,Transfer from account 252,7480
7482,233,3,-778.47,USD,2023-02-13T20:18:39,Transfer to account 57,7483
7483,57,4,778.47,USD,2023-02-13T20:19:39,Transfer from account 233,7482
7484,342,3,-5990.17,USD,2022-05-18T16:35:45,Transfer to account 57,
7485,485,3,-1016.6,USD,2025-08-02T20:22:41,Transfer to account 143,7486
7486,143,4,1016.6,USD,2025-08-02T20:22:41,Transfer from account 485,7485
7487,227,3,-3848.95,USD,2025-01-26T07:10:32,Transfer to account 421,7488
7488,421,4,3848.95,USD,2025-01-26T07:10:32,Transfer from account 227,7487
7489,428,3,-1054.89,USD,2025-08-20T16:51:06,Transfer to account 84,7490
7490,84,4,1054.89,USD,2025-08-20T16:56:06,Transfer from account 428,7489
7491,188,3,-4598.57,USD,2023-01-30T23:09:35,Transfer to account 315,7492
7492,315,4,4598.57,USD,2023-01-30T23:14:35,Transfer from account 188,7491
7493,164,3,-2579.21,USD,2024-07-21T20:58:18,Transfer to account 338,7494
7494,338,4,2579.21,USD,2024-07-21T21:00:18,Transfer from account 164,7493
7495,429,3,-2973.66,USD,2023-04-09T11:16:04,Transfer to account 244,7496
7496,244,4,2973.66,USD,2023-04-09T11:17:04,Transfer from account 429,7495
7497,447,3,-4429.87,USD,2024-07-19T19:27:54,Transfer to account 474,
7498,431,3,-1004.85,USD,2022-01-05T03:51:16,Transfer to account 121,7499
7499,121,4,1004.85,USD,2022-01-05T03:53:16,Transfer from account 431,7498
7500,50,3,-7476.95,USD,2024-05-03T16:39:59,Transfer to account 315,7501
7501,315,4,7476.95,USD,2024-05-03T16:40:59,Transfer from account 50,7500
7502,407,3,-565.79,USD,2023-06-27T08:58:44,Transfer to account 406,
7503,56,3,-2535.94,USD,2023-04-15T14:58:39,Transfer to account 400,7504
7504,400,4,2535.94,USD,2023-04-15T14:58:39,Transfer from account 56,7503
7505,218,3,-490.22,USD,2024-07-30T03:27:48,Transfer to account 104,
7506,311,3,-4518.23,USD,2022-06-27T22:33:50,Transfer to account 231,7507
7507,231,4,4518.23,USD,2022-06-27T22:36:50,Transfer from account 311,7506
7508,446,3,-2400.86,USD,2025-01-24T20:18:28,Transfer to account 484,
7509,340,3,-3133.86,USD,2022-10-25T02:33:31,Transfer to account 532,7510
7510,532,4,3133.86,USD,2022-10-25T02:38:31,Transfer from account 340,7509
7511,441,3,-3889.42,USD,2025-12-25T04:54:09,Transfer to account 325,7512
7512,325,4,3889.42,USD,2025-12-25T04:58:09,Transfer from account 441,7511
7513,158,3,-3969.23,USD,2022-09-10T07:00:41,Transfer to account 467,7514
7514,467,4,3969.23,USD,2022-09-10T07:04:41,Transfer from account 158,7513
7515,438,3,-6716.19,USD,2025-09-05T23:02:07,Transfer to account 112,7516
7516,112,4,6716.19,USD,2025-09-05T23:04:07,Transfer from account 438,7515
7517,215,3,-2351.12,USD,2022-07-20T05:12:46,Transfer to account 195,7518
7518,195,4,2351.12,USD,2022-07-20T05:14:46,Transfer from account 215,7517
7519,213,3,-3795.59,USD,2025-08-05T15:30:42,Transfer to account 254,7520
7520,254,4,3795.59,USD,2025-08-05T15:32:42,Transfer from account 213,7519
7521,481,3,-7648.92,USD,2024-06-10T15:15:47,Transfer to account 305,7522
7522,305,4,7648.92,USD,2024-06-10T15:18:47,Transfer from account 481,7521
7523,22,3,-392.36,USD,2022-09-15T01:24:25,Transfer to account 9,
7524,78,3,-6415.9,USD,2024-08-13T03:43:08,Transfer to account 487,7525
7525,487,4,6415.9,USD,2024-08-13T03:47:08,Transfer from account 78,7524
7526,305,3,-1014.84,USD,2022-08-31T12:26:54,Transfer to account 292,
7527,45,3,-1379.1,USD,2025-06-25T16:50:37,Transfer to account 499,7528
7528,499,4,1379.1,USD,2025-06-25T16:51:37,Transfer from account 45,7527
7529,337,3,-2784.7,USD,2024-12-20T07:18:52,Transfer to account 501,7530
7530,501,4,2784.7,USD,2024-12-20T07:23:52,Transfer from account 337,7529
7531,458,3,-6952.93,USD,2025-05-11T06:16:56,Transfer to account 489,7532
7532,489,4,6952.93,USD,2025-05-11T06:21:56,Transfer from account 458,7531
7533,205,3,-1563.35,USD,2022-10-25T08:49:32,Transfer to account 223,
7534,53,3,-169.29,USD,2022-07-22T19:01:36,Transfer to account 5,
7535,486,3,-5404.33,USD,2025-08-24T02:40:42,Transfer to account 417,7536
7536,417,4,5404.33,USD,2025-08-24T02:43:42,Transfer from account 486,7535
7537,214,3,-7962.01,USD,2025-12-06T04:03:42,Transfer to account 187,7538
7538,187,4,7962.01,USD,2025-12-06T04:08:42,Transfer from account 214,7537
7539,230,3,-5280.97,USD,2023-07-30T03:00:15,Transfer to account 383,7540
7540,383,4,5280.97,USD,2023-07-30T03:05:15,Transfer from account 230,7539
7541,266,3,-7974.13,USD,2025-11-19T23:59:22,Transfer to account 365,7542
7542,365,4,7974.13,USD,2025-11-20T00:01:22,Transfer from account 266,7541
7543,210,3,-5419.65,USD,2024-09-21T21:48:41,Transfer to account 58,7544
7544,58,4,5419.65,USD,2024-09-21T21:48:41,Transfer from account 210,7543
7545,179,3,-6701.95,USD,2025-04-27T00:03:42,Transfer to account 138,7546
7546,138,4,6701.95,USD,2025-04-27T00:04:42,Transfer from account 179,7545
7547,444,3,-2992.14,USD,2022-03-15T09:56:19,Transfer to account 336,7548
7548,336,4,2992.14,USD,2022-03-15T09:59:19,Transfer from account 444,7547
7549,177,3,-6087.11,USD,2023-01-31T12:38:38,Transfer to account 13,
7550,343,3,-5736.18,USD,2023-05-18T16:02:59,Transfer to account 486,7551
7551,486,4,5736.18,USD,2023-05-18T16:06:59,Transfer from account 343,7550
7552,107,3,-5076.02,USD,2022-09-24T16:54:03,Transfer to account 191,7553
7553,191,4,5076.02,USD,2022-09-24T16:55:03,Transfer from account 107,7552
7554,414,3,-5633.13,USD,2022-06-13T23:06:25,Transfer to account 281,
7555,143,3,-4947.71,USD,2022-11-05T14:36:41,Transfer to account 527,7556
7556,527,4,4947.71,USD,2022-11-05T14:41:41,Transfer from account 143,7555
7557,96,3,-7526.87,USD,2023-12-26T01:29:35,Transfer to account 367,
7558,436,3,-6305.98,USD,2023-05-25T21:03:33,Transfer to account 99,7559
7559,99,4,6305.98,USD,2023-05-25T21:08:33,Transfer from account 436,7558
7560,370,3,-5378.87,USD,2022-08-25T21:56:28,Transfer to account 21,7561
7561,21,4,5378.87,USD,2022-08-25T22:01:28,Transfer from account 370,7560
7562,175,3,-5562.35,USD,2025-04-09T19:51:47,Transfer to account 34,7563
7563,34,4,5562.35,USD,2025-04-09T19:52:47,Transfer from account 175,7562
7564,2,3,-6538.94,USD,2024-11-06T11:55:09,Transfer to account 14,7565
7565,14,4,6538.94,USD,2024-11-06T11:59:09,Transfer from account 2,7564
7566,421,3,-299.9,USD,2024-12-20T18:27:19,Transfer to account 203,7567
7567,203,4,299.9,USD,2024-12-20T18:30:19,Transfer from account 421,7566
7568,296,3,-6120.47,USD,2022-08-15T07:16:39,Transfer to account 193,
7569,149,3,-2866.2,USD,2025-04-15T11:36:23,Transfer to account 344,
7570,160,3,-3443.9,USD,2024-09-29T04:08:56,Transfer to account 94,7571
7571,94,4,3443.9,USD,2024-09-29T04:09:56,Transfer from account 160,7570
7572,32,3,-6366.88,USD,2025-01-26T14:37:42,Transfer to account 183,
7573,470,3,-3404.94,USD,2023-05-05T20:53:29,Transfer to account 195,7574
7574,195,4,3404.94,USD,2023-05-05T20:57:29,Transfer from account 470,7573
7575,226,3,-2168.99,USD,2024-02-23T12:35:37,Transfer to account 137,7576
7576,137,4,2168.99,USD,2024-02-23T12:38:37,Transfer from account 226,7575
7577,75,3,-3259.36,USD,2024-07-25T07:26:49,Transfer to account 222,7578
7578,222,4,3259.36,USD,2024-07-25T07:31:49,Transfer from account 75,7577
7579,346,3,-450.7,USD,2023-02-15T10:27:48,Transfer to account 262,
7580,527,3,-6008.04,USD,2022-10-02T19:04:08,Transfer to account 470,7581
7581,470,4,6008.04,USD,2022-10-02T19:05:08,Transfer from account 527,7580
7582,299,3,-699.22,USD,2025-10-23T22:14:02,Transfer to account 203,
7583,95,3,-6178.05,USD,2023-12-30T11:59:02,Transfer to account 150,7584
7584,150,4,6178.05,USD,2023-12-30T12:02:02,Transfer from account 95,7583
7585,168,3,-2609.14,USD,2024-05-29T13:41:17,Transfer to account 142,7586
7586,142,4,2609.14,USD,2024-05-29T13:44:17,Transfer from account 168,7585
7587,156,3,-5703.26,USD,2025-02-01T17:53:02,Transfer to account 281,7588
7588,281,4,5703.26,USD,2025-02-01T17:58:02,Transfer from account 156,7587
7589,48,3,-4158.77,USD,2023-11-03T17:00:56,Transfer to account 403,7590
7590,403,4,4158.77,USD,2023-11-03T17:03:56,Transfer from account 48,7589
7591,274,3,-7292.87,USD,2025-07-31T18:55:55,Transfer to account 243,
7592,496,3,-4136.4,USD,2022-12-08T21:53:15,Transfer to account 364,7593
7593,364,4,4136.4,USD,2022-12-08T21:55:15,Transfer from account 496,7592
7594,71,3,-7393.65,USD,2024-06-13T04:40:52,Transfer to account 95,7595
7595,95,4,7393.65,USD,2024-06-13T04:43:52,Transfer from account 71,7594
7596,1,3,-3668.97,USD,2025-04-26T09:34:51,Transfer to account 52,7597
7597,52,4,3668.97,USD,2025-04-26T09:36:51,Transfer from account 1,7596
7598,81,3,-3166.16,USD,2024-03-22T02:11:35,Transfer to account 16,7599
7599,16,4,3166.16,USD,2024-03-22T02:14:35,Transfer from account 81,7598
7600,126,3,-1479.61,USD,2025-11-23T00:36:44,Transfer to account 228,7601
7601,228,4,1479.61,USD,2025-11-23T00:39:44,Transfer from account 126,7600
7602,328,3,-7719.31,USD,2025-03-22T04:53:04,Transfer to account 468,7603
7603,468,4,7719.31,USD,2025-03-22T04:55:04,Transfer from account 328,7602
7604,90,3,-121.72,USD,2023-04-25T18:38:35,Transfer to account 436,7605
7605,436,4,121.72,USD,2023-04-25T18:43:35,Transfer from account 90,7604
7606,28,3,-5147.78,USD,2022-07-26T10:08:23,Transfer to account 372,7607
7607,372,4,5147.78,USD,2022-07-26T10:11:23,Transfer from account 28,7606
7608,115,3,-1212.42,USD,2025-04-01T02:20:12,Transfer to account 188,7609
7609,188,4,1212.42,USD,2025-04-01T02:25:12,Transfer from account 115,7608
7610,87,3,-4756.16,USD,2025-01-04T14:33:29,Transfer to account 90,
7611,337,3,-7497.3,USD,2024-07-02T06:21:43,Transfer to account 136,7612
7612,136,4,7497.3,USD,2024-07-02T06:22:43,Transfer from account 337,7611
7613,398,3,-266.89,USD,2023-01-08T15:54:02,Transfer to account 115,7614
7614,115,4,266.89,USD,2023-01-08T15:59:02,Transfer from account 398,7613
7615,308,3,-2760.74,USD,2025-12-17T03:03:47,Transfer to account 162,
7616,90,3,-6510.97,USD,2022-01-20T00:55:23,Transfer to account 46,7617
7617,46,4,6510.97,USD,2022-01-20T00:58:23,Transfer from account 90,7616
7618,522,3,-5406.98,USD,2025-09-08T03:49:30,Transfer to account 391,7619
7619,391,4,5406.98,USD,2025-09-08T03:53:30,Transfer from account 522,7618
7620,529,3,-1111.89,USD,2025-08-30T18:33:15,Transfer to account 220,7621
7621,220,4,1111.89,USD,2025-08-30T18:35:15,Transfer from account 529,7620
7622,80,3,-1365.7,USD,2024-08-02T01:28:13,Transfer to account 177,7623
7623,177,4,1365.7,USD,2024-08-02T01:32:13,Transfer from account 80,7622
7624,67,3,-2595.44,USD,2024-08-12T12:11:32,Transfer to account 490,7625
7625,490,4,2595.44,USD,2024-08-12T12:15:32,Transfer from account 67,7624
7626,507,3,-7378.76,USD,2024-02-20T12:14:44,Transfer to account 370,7627
7627,370,4,7378.76,USD,2024-02-20T12:15:44,Transfer from account 507,7626
7628,462,3,-6249.61,USD,2023-11-16T08:58:29,Transfer to account 205,7629
7629,205,4,6249.61,USD,2023-11-16T09:03:29,Transfer from account 462,7628
7630,32,3,-4214.85,USD,2022-05-17T11:39:45,Transfer to account 68,7631
7631,68,4,4214.85,USD,2022-05-17T11:39:45,Transfer from account 32,7630
7632,346,3,-5972.81,USD,2025-07-25T17:49:33,Transfer to account 426,7633
7633,426,4,5972.81,USD,2025-07-25T17:49:33,Transfer from account 346,7632
7634,380,3,-6374.44,USD,2023-10-10T02:47:15,Transfer to account 379,7635
7635,379,4,6374.44,USD,2023-10-10T02:52:15,Transfer from account 380,7634
7636,168,3,-3686.32,USD,2024-04-28T15:38:33,Transfer to account 62,7637
7637,62,4,3686.32,USD,2024-04-28T15:42:33,Transfer from account 168,7636
7638,418,3,-2058.41,USD,2024-10-09T10:47:58,Transfer to account 521,7639
7639,521,4,2058.41,USD,2024-10-09T10:49:58,Transfer from account 418,7638
7640,398,3,-5078.96,USD,2023-02-08T09:17:38,Transfer to account 403,7641
7641,403,4,5078.96,USD,2023-02-08T09:18:38,Transfer from account 398,7640
7642,472,3,-3106.09,USD,2022-06-18T16:44:30,Transfer to account 483,7643
7643,483,4,3106.09,USD,2022-06-18T16:47:30,Transfer from account 472,7642
7644,538,3,-496.9,USD,2022-06-03T06:19:50,Transfer to account 123,7645
7645,123,4,496.9,USD,2022-06-03T06:21:50,Transfer from account 538,7644
7646,429,3,-2483.12,USD,2022-07-12T04:07:32,Transfer to account 430,7647
7647,430,4,2483.12,USD,2022-07-12T04:09:32,Transfer from account 429,7646
7648,540,3,-704.56,USD,2025-09-06T12:16:49,Transfer to account 156,7649
7649,156,4,704.56,USD,2025-09-06T12:16:49,Transfer from account 540,7648
7650,2,3,-5378.91,USD,2025-01-08T12:50:38,Transfer to account 457,7651
7651,457,4,5378.91,USD,2025-01-08T12:54:38,Transfer from account 2,7650
7652,378,3,-7488.64,USD,2025-11-03T03:49:47,Transfer to account 463,7653
7653,463,4,7488.64,USD,2025-11-03T03:49:47,Transfer from account 378,7652
7654,2,3,-7902.48,USD,2023-05-24T01:16:33,Transfer to account 244,7655
7655,244,4,7902.48,USD,2023-05-24T01:19:33,Transfer from account 2,7654
7656,511,3,-4807.75,USD,2022-09-12T12:18:31,Transfer to account 195,7657
7657,195,4,4807.75,USD,2022-09-12T12:23:31,Transfer from account 511,7656
7658,10,3,-2287.66,USD,2025-12-10T22:09:15,Transfer to account 505,
7659,37,3,-4556.59,USD,2023-02-02T20:39:14,Transfer to account 170,7660
7660,170,4,4556.59,USD,2023-02-02T20:39:14,Transfer from account 37,7659
7661,223,3,-5673.96,USD,2025-03-11T02:19:36,Transfer to account 165,7662
7662,165,4,5673.96,USD,2025-03-11T02:20:36,Transfer from account 223,7661
7663,90,3,-3227.15,USD,2022-01-27T18:50:52,Transfer to account 43,7664
7664,43,4,3227.15,USD,2022-01-27T18:50:52,Transfer from account 90,7663
7665,278,3,-2572.2,USD,2024-06-09T22:43:57,Transfer to account 35,7666
7666,35,4,2572.2,USD,2024-06-09T22:48:57,Transfer from account 278,7665
7667,330,3,-1933.15,USD,2023-02-15T20:52:32,Transfer to account 388,7668
7668,388,4,1933.15,USD,2023-02-15T20:54:32,Transfer from account 330,7667
7669,401,3,-2061.58,USD,2024-12-27T20:25:36,Transfer to account 36,7670
7670,36,4,2061.58,USD,2024-12-27T20:26:36,Transfer from account 401,7669
7671,53,3,-2643.01,USD,2025-12-02T17:11:34,Transfer to account 439,7672
7672,439,4,2643.01,USD,2025-12-02T17:11:34,Transfer from account 53,7671
7673,362,3,-5040.25,USD,2022-08-04T06:25:53,Transfer to account 126,7674
7674,126,4,5040.25,USD,2022-08-04T06:28:53,Transfer from account 362,7673
7675,331,3,-5569.65,USD,2022-12-16T22:50:38,Transfer to account 297,7676
7676,297,4,5569.65,USD,2022-12-16T22:54:38,Transfer from account 331,7675
7677,465,3,-2744.63,USD,2022-08-04T13:59:37,Transfer to account 199,7678
7678,199,4,2744.63,USD,2022-08-04T14:04:37,Transfer from account 465,7677
7679,208,3,-820.83,USD,2025-03-03T01:29:11,Transfer to account 442,7680
7680,442,4,820.83,USD,2025-03-03T01:32:11,Transfer from account 208,7679
7681,491,3,-3301.72,USD,2025-10-05T10:24:09,Transfer to account 72,7682
7682,72,4,3301.72,USD,2025-10-05T10:27:09,Transfer from account 491,7681
7683,365,3,-7372.74,USD,2022-07-30T12:23:29,Transfer to account 492,7684
7684,492,4,7372.74,USD,2022-07-30T12:25:29,Transfer from account 365,7683
7685,23,3,-4027.64,USD,2022-09-24T08:02:46,Transfer to account 150,7686
7686,150,4,4027.64,USD,2022-09-24T08:03:46,Transfer from account 23,7685
7687,104,3,-668.8,USD,2025-04-27T21:11:12,Transfer to account 33,7688
7688,33,4,668.8,USD,2025-04-27T21:11:12,Transfer from account 104,7687
7689,431,3,-4583.06,USD,2022-08-03T19:56:52,Transfer to account 401,7690
7690,401,4,4583.06,USD,2022-08-03T19:59:52,Transfer from account 431,7689
7691,400,3,-1276.06,USD,2025-09-21T20:46:50,Transfer to account 349,7692
7692,349,4,1276.06,USD,2025-09-21T20:46:50,Transfer from account 400,7691
7693,213,3,-2761.72,USD,2025-11-28T05:47:16,Transfer to account 446,7694
7694,446,4,2761.72,USD,2025-11-28T05:49:16,Transfer from account 213,7693
7695,341,3,-7729.59,USD,2025-01-14T20:16:45,Transfer to account 438,7696
7696,438,4,7729.59,USD,2025-01-14T20:16:45,Transfer from account 341,7695
7697,353,3,-621.03,USD,2024-11-03T08:49:14,Transfer to account 390,7698
7698,390,4,621.03,USD,2024-11-03T08:54:14,Transfer from account 353,7697
7699,121,3,-7358.93,USD,2025-06-20T02:43:32,Transfer to account 315,7700
7700,315,4,7358.93,USD,2025-06-20T02:48:32,Transfer from account 121,7699
7701,302,3,-7358.33,USD,2025-12-14T15:22:44,Transfer to account 211,
7702,36,3,-6880.88,USD,2024-04-24T05:10:31,Transfer to account 45,7703
7703,45,4,6880.88,USD,2024-04-24T05:15:31,Transfer from account 36,7702
7704,110,3,-1332.62,USD,2022-04-10T20:31:19,Transfer to account 11,7705
7705,11,4,1332.62,USD,2022-04-10T20:32:19,Transfer from account 110,7704
7706,57,3,-3471.2,USD,2025-12-14T01:55:07,Transfer to account 351,7707
7707,351,4,3471.2,USD,2025-12-14T01:55:07,Transfer from account 57,7706
7708,274,3,-2184.45,USD,2022-08-31T03:45:11,Transfer to account 379,
7709,345,3,-3589.62,USD,2024-11-24T20:17:05,Transfer to account 73,7710
7710,73,4,3589.62,USD,2024-11-24T20:19:05,Transfer from account 345,7709
7711,192,3,-3867.4,USD,2025-01-20T07:42:06,Transfer to account 147,7712
7712,147,4,3867.4,USD,2025-01-20T07:46:06,Transfer from account 192,7711
7713,150,3,-7485.88,USD,2025-12-20T19:46:45,Transfer to account 255,7714
7714,255,4,7485.88,USD,2025-12-20T19:47:45,Transfer from account 150,7713
7715,175,3,-4649.45,USD,2023-04-07T05:54:17,Transfer to account 57,7716
7716,57,4,4649.45,USD,2023-04-07T05:54:17,Transfer from account 175,7715
7717,169,3,-1071.32,USD,2024-11-27T14:35:47,Transfer to account 111,
7718,330,3,-5167.65,USD,2024-09-06T00:11:01,Transfer to account 299,7719
7719,299,4,5167.65,USD,2024-09-06T00:13:01,Transfer from account 330,7718
7720,351,3,-2031.07,USD,2024-05-19T06:56:39,Transfer to account 465,7721
7721,465,4,2031.07,USD,2024-05-19T06:56:39,Transfer from account 351,7720
7722,248,3,-913.78,USD,2024-05-21T17:09:01,Transfer to account 232,7723
7723,232,4,913.78,USD,2024-05-21T17:13:01,Transfer from account 248,7722
7724,169,3,-2664.54,USD,2022-10-02T23:02:25,Transfer to account 462,7725
7725,462,4,2664.54,USD,2022-10-02T23:03:25,Transfer from account 169,7724
7726,124,3,-5642.93,USD,2022-08-10T06:14:36,Transfer to account 169,7727
7727,169,4,5642.93,USD,2022-08-10T06:16:36,Transfer from account 124,7726
7728,33,3,-951.76,USD,2023-08-17T11:15:06,Transfer to account 167,7729
7729,167,4,951.76,USD,2023-08-17T11:19:06,Transfer from account 33,7728
7730,305,3,-4449.69,USD,2024-06-10T22:40:26,Transfer to account 483,
7731,204,3,-1715.17,USD,2024-03-31T02:18:23,Transfer to account 108,7732
7732,108,4,1715.17,USD,2024-03-31T02:22:23,Transfer from account 204,7731
7733,321,3,-7139.62,USD,2022-01-07T16:59:14,Transfer to account 284,7734
7734,284,4,7139.62,USD,2022-01-07T17:01:14,Transfer from account 321,7733
7735,152,3,-5218.83,USD,2023-10-20T17:40:30,Transfer to account 97,7736
7736,97,4,5218.83,USD,2023-10-20T17:42:30,Transfer from account 152,7735
7737,442,3,-3030.94,USD,2025-08-11T05:28:17,Transfer to account 215,7738
7738,215,4,3030.94,USD,2025-08-11T05:30:17,Transfer from account 442,7737
7739,323,3,-4615.17,USD,2023-05-10T10:01:09,Transfer to account 221,
7740,543,3,-5448.55,USD,2025-09-24T10:21:30,Transfer to account 221,7741
7741,221,4,5448.55,USD,2025-09-24T10:26:30,Transfer from account 543,7740
7742,457,3,-3625.95,USD,2023-11-01T04:33:25,Transfer to account 270,7743
7743,270,4,3625.95,USD,2023-11-01T04:38:25,Transfer from account 457,7742
7744,266,3,-1275.24,USD,2023-07-15T15:51:41,Transfer to account 207,7745
7745,207,4,1275.24,USD,2023-07-15T15:51:41,Transfer from account 266,7744
7746,319,3,-2113.71,USD,2024-11-12T07:15:23,Transfer to account 232,7747
7747,232,4,2113.71,USD,2024-11-12T07:19:23,Transfer from account 319,7746
7748,492,3,-2368.1,USD,2023-06-02T13:53:35,Transfer to account 288,7749
7749,288,4,2368.1,USD,2023-06-02T13:56:35,Transfer from account 492,7748
7750,460,3,-4851.84,USD,2025-06-12T21:20:54,Transfer to account 283,7751
7751,283,4,4851.84,USD,2025-06-12T21:24:54,Transfer from account 460,7750
7752,7,3,-741.16,USD,2025-06-24T13:45:23,Transfer to account 461,7753
7753,461,4,741.16,USD,2025-06-24T13:45:23,Transfer from account 7,7752
7754,4,3,-875.11,USD,2024-08-26T20:57:34,Transfer to account 118,7755
7755,118,4,875.11,USD,2024-08-26T21:02:34,Transfer from account 4,7754
7756,404,3,-5847.4,USD,2023-10-29T16:42:32,Transfer to account 318,7757
7757,318,4,5847.4,USD,2023-10-29T16:47:32,Transfer from account 404,7756
7758,146,3,-5393.27,USD,2024-10-10T11:34:20,Transfer to account 77,7759
7759,77,4,5393.27,USD,2024-10-10T11:39:20,Transfer from account 146,7758
7760,30,3,-3177.77,USD,2025-08-02T06:54:25,Transfer to account 163,7761
7761,163,4,3177.77,USD,2025-08-02T06:54:25,Transfer from account 30,7760
7762,381,3,-2508.63,USD,2023-11-05T05:22:04,Transfer to account 529,
7763,121,3,-6558.84,USD,2023-10-19T09:01:05,Transfer to account 148,7764
7764,148,4,6558.84,USD,2023-10-19T09:06:05,Transfer from account 121,7763
7765,371,3,-6605.52,USD,2025-05-25T17:15:16,Transfer to account 534,
7766,492,3,-1374.13,USD,2022-05-21T01:22:10,Transfer to account 46,7767
7767,46,4,1374.13,USD,2022-05-21T01:23:10,Transfer from account 492,7766
7768,424,3,-1625.84,USD,2022-04-09T07:54:28,Transfer to account 249,
7769,121,3,-1410.66,USD,2024-09-07T02:16:54,Transfer to account 511,7770
7770,511,4,1410.66,USD,2024-09-07T02:19:54,Transfer from account 121,7769
7771,30,3,-107.22,USD,2025-11-30T01:04:22,Transfer to account 401,7772
7772,401,4,107.22,USD,2025-11-30T01:05:22,Transfer from account 30,7771
7773,529,3,-426.75,USD,2024-07-02T18:45:43,Transfer to account 483,7774
7774,483,4,426.75,USD,2024-07-02T18:45:43,Transfer from account 529,7773
7775,17,3,-5874.45,USD,2022-11-15T13:40:50,Transfer to account 135,7776
7776,135,4,5874.45,USD,2022-11-15T13:41:50,Transfer from account 17,7775
7777,252,3,-3192.27,USD,2024-11-22T08:29:27,Transfer to account 185,7778
7778,185,4,3192.27,USD,2024-11-22T08:29:27,Transfer from account 252,7777
7779,246,3,-827.93,USD,2025-09-27T05:06:35,Transfer to account 509,7780
7780,509,4,827.93,USD,2025-09-27T05:08:35,Transfer from account 246,7779
7781,209,3,-922.98,USD,2024-06-19T07:07:01,Transfer to account 286,7782
7782,286,4,922.98,USD,2024-06-19T07:08:01,Transfer from account 209,7781
7783,97,3,-1007.22,USD,2022-01-15T22:49:52,Transfer to account 339,7784
7784,339,4,1007.22,USD,2022-01-15T22:54:52,Transfer from account 97,7783
7785,221,3,-3849.83,USD,2025-09-27T05:31:03,Transfer to account 485,7786
7786,485,4,3849.83,USD,2025-09-27T05:32:03,Transfer from account 221,7785
7787,6,3,-5287.55,USD,2023-11-29T17:01:37,Transfer to account 29,7788
7788,29,4,5287.55,USD,2023-11-29T17:05:37,Transfer from account 6,7787
7789,175,3,-5946.04,USD,2024-05-26T13:48:20,Transfer to account 399,7790
7790,399,4,5946.04,USD,2024-05-26T13:52:20,Transfer from account 175,7789
7791,292,3,-4362.74,USD,2022-01-26T06:34:34,Transfer to account 149,7792
7792,149,4,4362.74,USD,2022-01-26T06:35:34,Transfer from account 292,7791
7793,484,3,-3653.48,USD,2023-10-15T06:52:17,Transfer to account 73,7794
7794,73,4,3653.48,USD,2023-10-15T06:56:17,Transfer from account 484,7793
7795,374,3,-5246.87,USD,2023-08-29T20:04:54,Transfer to account 182,
7796,33,3,-5540.93,USD,2024-08-05T03:32:34,Transfer to account 266,7797
7797,266,4,5540.93,USD,2024-08-05T03:33:34,Transfer from account 33,7796
7798,106,3,-854.78,USD,2022-12-10T14:16:31,Transfer to account 35,7799
7799,35,4,854.78,USD,2022-12-10T14:18:31,Transfer from account 106,7798
7800,59,3,-2616.88,USD,2024-03-17T14:02:24,Transfer to account 540,7801
7801,540,4,2616.88,USD,2024-03-17T14:02:24,Transfer from account 59,7800
7802,260,3,-3145.51,USD,2023-08-24T15:38:48,Transfer to account 258,
7803,410,3,-4365.04,USD,2024-09-07T20:18:15,Transfer to account 109,7804
7804,109,4,4365.04,USD,2024-09-07T20:21:15,Transfer from account 410,7803
7805,132,3,-407.05,USD,2024-10-23T08:48:20,Transfer to account 367,7806
7806,367,4,407.05,USD,2024-10-23T08:53:20,Transfer from account 132,7805
7807,517,3,-6529.53,USD,2024-11-19T02:41:11,Transfer to account 350,7808
7808,350,4,6529.53,USD,2024-11-19T02:45:11,Transfer from account 517,7807
7809,206,3,-6560.73,USD,2023-07-08T03:00:02,Transfer to account 90,7810
7810,90,4,6560.73,USD,2023-07-08T03:02:02,Transfer from account 206,7809
7811,543,3,-5759.77,USD,2023-07-02T23:43:05,Transfer to account 164,7812
7812,164,4,5759.77,USD,2023-07-02T23:48:05,Transfer from account 543,7811
7813,481,3,-2553.38,USD,2023-04-27T01:42:16,Transfer to account 416,7814
7814,416,4,2553.38,USD,2023-04-27T01:43:16,Transfer from account 481,7813
7815,141,3,-2700.53,USD,2022-04-06T06:37:40,Transfer to account 92,7816
7816,92,4,2700.53,USD,2022-04-06T06:41:40,Transfer from account 141,7815
7817,28,3,-569.61,USD,2025-02-11T04:04:34,Transfer to account 127,
7818,465,3,-299.82,USD,2024-03-07T23:55:16,Transfer to account 261,7819
7819,261,4,299.82,USD,2024-03-08T00:00:16,Transfer from account 465,7818
7820,41,3,-1992.07,USD,2024-02-04T21:40:23,Transfer to account 463,7821
7821,463,4,1992.07,USD,2024-02-04T21:41:23,Transfer from account 41,7820
7822,135,3,-4690.22,USD,2025-03-26T09:53:23,Transfer to account 130,
7823,199,3,-7565.31,USD,2025-01-15T18:17:42,Transfer to account 73,7824
7824,73,4,7565.31,USD,2025-01-15T18:21:42,Transfer from account 199,7823
7825,493,3,-5658.59,USD,2022-05-15T22:31:15,Transfer to account 44,7826
7826,44,4,5658.59,USD,2022-05-15T22:36:15,Transfer from account 493,7825
7827,88,3,-3237.62,USD,2022-03-03T03:13:47,Transfer to account 365,7828
7828,365,4,3237.62,USD,2022-03-03T03:15:47,Transfer from account 88,7827
7829,484,3,-2712.33,USD,2024-11-09T08:22:29,Transfer to account 415,7830
7830,415,4,2712.33,USD,2024-11-09T08:22:29,Transfer from account 484,7829
7831,45,3,-1277.8,USD,2022-03-04T13:34:07,Transfer to account 323,
7832,429,3,-836.68,USD,2025-01-31T14:49:15,Transfer to account 432,7833
7833,432,4,836.68,USD,2025-01-31T14:54:15,Transfer from account 429,7832
7834,294,3,-2595.0,USD,2024-09-08T02:44:05,Transfer to account 231,7835
7835,231,4,2595.0,USD,2024-09-08T02:44:05,Transfer from account 294,7834
7836,129,3,-2502.34,USD,2024-07-26T22:03:17,Transfer to account 235,7837
7837,235,4,2502.34,USD,2024-07-26T22:04:17,Transfer from account 129,7836
7838,52,3,-1553.18,USD,2024-11-27T17:53:06,Transfer to account 168,7839
7839,168,4,1553.18,USD,2024-11-27T17:57:06,Transfer from account 52,7838
7840,222,3,-1077.96,USD,2025-05-13T17:07:35,Transfer to account 457,7841
7841,457,4,1077.96,USD,2025-05-13T17:08:35,Transfer from account 222,7840
7842,153,3,-6851.52,USD,2024-12-10T23:05:54,Transfer to account 104,7843
7843,104,4,6851.52,USD,2024-12-10T23:07:54,Transfer from account 153,7842
7844,46,3,-7103.43,USD,2024-04-25T18:43:17,Transfer to account 220,7845
7845,220,4,7103.43,USD,2024-04-25T18:46:17,Transfer from account 46,7844
7846,84,3,-6610.65,USD,2023-08-11T12:15:18,Transfer to account 262,7847
7847,262,4,6610.65,USD,2023-08-11T12:18:18,Transfer from account 84,7846
7848,93,3,-6201.89,USD,2022-11-17T11:19:57,Transfer to account 261,
7849,396,3,-1855.91,USD,2024-10-09T04:30:41,Transfer to account 250,7850
7850,250,4,1855.91,USD,2024-10-09T04:30:41,Transfer from account 396,7849
7851,351,3,-4553.66,USD,2024-03-09T12:06:45,Transfer to account 444,7852
7852,444,4,4553.66,USD,2024-03-09T12:09:45,Transfer from account 351,7851
7853,365,3,-894.01,USD,2022-12-04T21:25:51,Transfer to account 401,7854
7854,401,4,894.01,USD,2022-12-04T21:30:51,Transfer from account 365,7853
7855,64,3,-1843.12,USD,2025-03-09T05:46:00,Transfer to account 322,7856
7856,322,4,1843.12,USD,2025-03-09T05:51:00,Transfer from account 64,7855
7857,17,3,-7787.86,USD,2025-01-03T19:13:37,Transfer to account 546,7858
7858,546,4,7787.86,USD,2025-01-03T19:13:37,Transfer from account 17,7857
7859,498,3,-2322.94,USD,2023-06-24T04:35:33,Transfer to account 319,7860
7860,319,4,2322.94,USD,2023-06-24T04:40:33,Transfer from account 498,7859
7861,523,3,-7012.96,USD,2025-11-17T21:11:37,Transfer to account 316,7862
7862,316,4,7012.96,USD,2025-11-17T21:16:37,Transfer from account 523,7861
7863,180,3,-899.27,USD,2024-10-01T04:11:42,Transfer to account 15,7864
7864,15,4,899.27,USD,2024-10-01T04:11:42,Transfer from account 180,7863
7865,82,3,-2295.47,USD,2024-12-23T16:41:48,Transfer to account 424,7866
7866,424,4,2295.47,USD,2024-12-23T16:46:48,Transfer from account 82,7865
7867,545,3,-1816.17,USD,2024-09-24T07:49:11,Transfer to account 239,7868
7868,239,4,1816.17,USD,2024-09-24T07:50:11,Transfer from account 545,7867
7869,216,3,-1856.39,USD,2024-04-29T10:48:42,Transfer to account 340,
7870,7,3,-5593.49,USD,2024-12-27T13:52:54,Transfer to account 178,7871
7871,178,4,5593.49,USD,2024-12-27T13:55:54,Transfer from account 7,7870
7872,506,3,-600.71,USD,2025-01-02T16:05:40,Transfer to account 283,7873
7873,283,4,600.71,USD,2025-01-02T16:07:40,Transfer from account 506,7872
7874,531,3,-721.07,USD,2025-02-09T10:23:58,Transfer to account 281,7875
7875,281,4,721.07,USD,2025-02-09T10:27:58,Transfer from account 531,7874
7876,101,3,-2746.78,USD,2025-07-29T01:40:58,Transfer to account 501,7877
7877,501,4,2746.78,USD,2025-07-29T01:45:58,Transfer from account 101,7876
7878,343,3,-5059.34,USD,2023-06-13T17:51:34,Transfer to account 419,7879
7879,419,4,5059.34,USD,2023-06-13T17:56:34,Transfer from account 343,7878
7880,218,3,-1631.19,USD,2025-05-01T07:33:47,Transfer to account 281,7881
7881,281,4,1631.19,USD,2025-05-01T07:33:47,Transfer from account 218,7880
7882,259,3,-1941.9,USD,2022-08-27T10:42:49,Transfer to account 307,7883
7883,307,4,1941.9,USD,2022-08-27T10:47:49,Transfer from account 259,7882
7884,511,3,-1876.09,USD,2025-06-23T08:27:19,Transfer to account 362,7885
7885,362,4,1876.09,USD,2025-06-23T08:29:19,Transfer from account 511,7884
7886,440,3,-7122.01,USD,2022-09-04T20:40:12,Transfer to account 163,
7887,494,3,-67.51,USD,2022-01-23T09:07:20,Transfer to account 414,7888
7888,414,4,67.51,USD,2022-01-23T09:11:20,Transfer from account 494,7887
7889,54,3,-5366.56,USD,2022-07-17T22:50:52,Transfer to account 115,7890
7890,115,4,5366.56,USD,2022-07-17T22:53:52,Transfer from account 54,7889
7891,128,3,-521.87,USD,2022-11-03T17:15:41,Transfer to account 189,7892
7892,189,4,521.87,USD,2022-11-03T17:20:41,Transfer from account 128,7891
7893,2,3,-5176.24,USD,2025-04-19T04:37:20,Transfer to account 51,
7894,144,3,-5456.25,USD,2025-06-03T00:37:11,Transfer to account 277,7895
7895,277,4,5456.25,USD,2025-06-03T00:42:11,Transfer from account 144,7894
7896,536,3,-505.73,USD,2022-02-28T18:04:15,Transfer to account 44,7897
7897,44,4,505.73,USD,2022-02-28T18:06:15,Transfer from account 536,7896
7898,76,3,-1202.55,USD,2025-04-20T23:03:44,Transfer to account 106,7899
7899,106,4,1202.55,USD,2025-04-20T23:08:44,Transfer from account 76,7898
7900,476,3,-115.76,USD,2025-11-18T20:59:06,Transfer to account 14,7901
7901,14,4,115.76,USD,2025-11-18T21:03:06,Transfer from account 476,7900
7902,76,3,-6883.89,USD,2024-01-15T21:56:01,Transfer to account 197,7903
7903,197,4,6883.89,USD,2024-01-15T21:57:01,Transfer from account 76,7902
7904,226,3,-3232.87,USD,2024-11-15T10:23:23,Transfer to account 265,7905
7905,265,4,3232.87,USD,2024-11-15T10:24:23,Transfer from account 226,7904
7906,239,3,-275.31,USD,2022-07-29T03:52:02,Transfer to account 446,7907
7907,446,4,275.31,USD,2022-07-29T03:57:02,Transfer from account 239,7906
7908,43,3,-6242.7,USD,2022-04-11T01:18:40,Transfer to account 439,7909
7909,439,4,6242.7,USD,2022-04-11T01:18:40,Transfer from account 43,7908
7910,397,3,-2147.98,USD,2024-09-10T17:45:17,Transfer to account 433,7911
7911,433,4,2147.98,USD,2024-09-10T17:50:17,Transfer from account 397,7910
7912,495,3,-6779.34,USD,2022-03-14T18:49:09,Transfer to account 394,7913
7913,394,4,6779.34,USD,2022-03-14T18:53:09,Transfer from account 495,7912
7914,293,3,-1262.8,USD,2024-06-26T18:43:40,Transfer to account 382,7915
7915,382,4,1262.8,USD,2024-06-26T18:45:40,Transfer from account 293,7914
7916,530,3,-5296.5,USD,2023-03-03T09:50:06,Transfer to account 75,7917
7917,75,4,5296.5,USD,2023-03-03T09:55:06,Transfer from account 530,7916
7918,104,3,-4728.43,USD,2022-12-25T13:35:17,Transfer to account 144,7919
7919,144,4,4728.43,USD,2022-12-25T13:35:17,Transfer from account 104,7918
7920,504,3,-598.49,USD,2022-03-25T14:39:35,Transfer to account 107,7921
7921,107,4,598.49,USD,2022-03-25T14:43:35,Transfer from account 504,7920
7922,107,3,-2157.61,USD,2023-05-04T18:50:37,Transfer to account 61,7923
7923,61,4,2157.61,USD,2023-05-04T18:51:37,Transfer from account 107,7922
7924,502,3,-3572.44,USD,2025-03-30T06:16:13,Transfer to account 122,7925
7925,122,4,3572.44,USD,2025-03-30T06:19:13,Transfer from account 502,7924
7926,146,3,-7838.24,USD,2023-02-16T23:59:23,Transfer to account 231,7927
7927,231,4,7838.24,USD,2023-02-17T00:02:23,Transfer from account 146,7926
7928,9,3,-7274.16,USD,2023-07-15T16:27:38,Transfer to account 191,7929
7929,191,4,7274.16,USD,2023-07-15T16:28:38,Transfer from account 9,7928
7930,356,3,-1572.7,USD,2023-09-30T23:26:09,Transfer to account 509,7931
7931,509,4,1572.7,USD,2023-09-30T23:31:09,Transfer from account 356,7930
7932,89,3,-4231.87,USD,2022-12-13T09:58:49,Transfer to account 406,7933
7933,406,4,4231.87,USD,2022-12-13T10:01:49,Transfer from account 89,7932
7934,256,3,-7014.06,USD,2025-02-16T08:02:37,Transfer to account 218,
7935,264,3,-6306.11,USD,2024-01-15T00:13:14,Transfer to account 147,7936
7936,147,4,6306.11,USD,2024-01-15T00:15:14,Transfer from account 264,7935
7937,282,3,-4329.21,USD,2022-09-12T12:09:13,Transfer to account 92,7938
7938,92,4,4329.21,USD,2022-09-12T12:13:13,Transfer from account 282,7937
7939,463,3,-3990.11,USD,2025-07-25T21:41:24,Transfer to account 42,7940
7940,42,4,3990.11,USD,2025-07-25T21:41:24,Transfer from account 463,7939
7941,11,3,-1288.92,USD,2023-01-04T08:50:08,Transfer to account 476,7942
7942,476,4,1288.92,USD,2023-01-04T08:54:08,Transfer from account 11,7941
7943,49,3,-1616.75,USD,2025-03-16T13:31:28,Transfer to account 389,7944
7944,389,4,1616.75,USD,2025-03-16T13:32:28,Transfer from account 49,7943
7945,229,3,-5124.75,USD,2022-08-29T03:10:26,Transfer to account 188,7946
7946,188,4,5124.75,USD,2022-08-29T03:15:26,Transfer from account 229,7945
7947,247,3,-6988.39,USD,2025-12-03T09:14:02,Transfer to account 95,7948
7948,95,4,6988.39,USD,2025-12-03T09:14:02,Transfer from account 247,7947
7949,72,3,-3262.45,USD,2022-05-12T23:44:30,Transfer to account 46,7950
7950,46,4,3262.45,USD,2022-05-12T23:46:30,Transfer from account 72,7949
7951,42,3,-2406.04,USD,2022-06-22T13:18:47,Transfer to account 482,7952
7952,482,4,2406.04,USD,2022-06-22T13:21:47,Transfer from account 42,7951
7953,25,3,-7492.5,USD,2025-04-11T06:07:39,Transfer to account 351,7954
7954,351,4,7492.5,USD,2025-04-11T06:08:39,Transfer from account 25,7953
7955,58,3,-837.33,USD,2022-07-13T23:11:37,Transfer to account 150,7956
7956,150,4,837.33,USD,2022-07-13T23:16:37,Transfer from account 58,7955
7957,527,3,-4404.95,USD,2022-01-12T01:43:04,Transfer to account 364,7958
7958,364,4,4404.95,USD,2022-01-12T01:47:04,Transfer from account 527,7957
7959,451,3,-4866.64,USD,2024-03-31T20:48:09,Transfer to account 210,7960
7960,210,4,4866.64,USD,2024-03-31T20:52:09,Transfer from account 451,7959
7961,171,3,-6048.2,USD,2024-10-12T17:17:50,Transfer to account 481,7962
7962,481,4,6048.2,USD,2024-10-12T17:20:50,Transfer from account 171,7961
7963,515,3,-7181.22,USD,2025-11-06T14:19:34,Transfer to account 496,7964
7964,496,4,7181.22,USD,2025-11-06T14:19:34,Transfer from account 515,7963
7965,398,3,-1291.72,USD,2022-12-27T17:28:12,Transfer to account 394,7966
7966,394,4,1291.72,USD,2022-12-27T17:30:12,Transfer from account 398,7965
7967,478,3,-6274.47,USD,2022-06-29T18:58:43,Transfer to account 402,7968
7968,402,4,6274.47,USD,2022-06-29T18:58:43,Transfer from account 478,7967
7969,155,3,-3951.27,USD,2024-10-31T10:37:45,Transfer to account 103,7970
7970,103,4,3951.27,USD,2024-10-31T10:42:45,Transfer from account 155,7969
7971,137,3,-5314.84,USD,2022-10-28T10:13:10,Transfer to account 415,7972
7972,415,4,5314.84,USD,2022-10-28T10:17:10,Transfer from account 137,7971
7973,17,2,-1172.82,USD,2025-04-22T03:16:31,Misc transaction,
7974,29,1,1486.76,USD,2024-02-06T01:24:17,Misc transaction,
7975,153,1,1349.84,USD,2025-05-25T12:06:55,Misc transaction,
7976,227,2,-986.7,USD,2023-01-05T13:47:05,Misc transaction,
7977,199,1,1157.86,USD,2022-06-17T02:05:45,Misc transaction,
7978,422,2,-768.99,USD,2025-08-03T19:33:46,Misc transaction,
7979,27,2,-1724.66,USD,2023-12-14T22:04:27,Misc transaction,
7980,523,1,1633.93,USD,2023-09-05T00:22:02,Misc transaction,
7981,172,1,1970.66,USD,2024-07-13T05:34:25,Misc transaction,
7982,447,1,1693.59,USD,2023-08-09T11:57:40,Misc transaction,
7983,236,1,23.48,USD,2023-07-17T15:02:14,Misc transaction,
7984,126,2,-1387.28,USD,2022-08-06T12:19:46,Misc transaction,
7985,279,2,-1901.28,USD,2023-04-11T10:35:52,Misc transaction,
7986,306,1,605.2,USD,2024-06-20T23:03:51,Misc transaction,
7987,282,2,-28.6,USD,2023-04-30T15:51:12,Misc transaction,
7988,495,1,1317.55,USD,2023-11-03T12:54:36,Misc transaction,
7989,87,1,26.84,USD,2023-05-31T15:40:18,Misc transaction,
7990,347,1,1537.95,USD,2024-11-11T04:19:44,Misc transaction,
7991,426,2,-125.69,USD,2024-07-25T16:35:06,Misc transaction,
7992,238,2,-1256.56,USD,2023-03-22T04:05:34,Misc transaction,
7993,76,1,843.82,USD,2022-08-18T11:02:57,Misc transaction,
7994,467,2,-820.01,USD,2024-01-09T20:40:29,Misc transaction,
7995,438,1,1666.32,USD,2023-01-02T01:06:14,Misc transaction,
7996,338,1,583.0,USD,2022-10-21T18:32:09,Misc transaction,
7997,392,2,-198.11,USD,2025-08-31T10:55:56,Misc transaction,
7998,175,2,-514.71,USD,2024-12-11T14:08:32,Misc transaction,
7999,103,1,865.19,USD,2022-10-29T14:27:29,Misc transaction,
8000,175,2,-1428.32,USD,2022-04-03T21:21:16,Misc transaction,
8001,75,1,1765.71,USD,2022-08-27T14:37:47,Misc transaction,
8002,290,2,-311.08,USD,2024-12-19T07:43:26,Misc transaction,
8003,210,2,-1157.91,USD,2022-01-05T10:00:31,Misc transaction,
8004,225,1,623.43,USD,2022-07-12T04:01:18,Misc transaction,
8005,450,2,-809.62,USD,2025-05-03T10:11:16,Misc transaction,
8006,414,2,-386.1,USD,2022-10-23T02:49:24,Misc transaction,
8007,21,1,1842.64,USD,2022-01-07T16:56:00,Misc transaction,
8008,457,1,1603.74,USD,2025-08-05T21:56:20,Misc transaction,
8009,102,1,1900.68,USD,2023-03-07T06:10:29,Misc transaction,
8010,273,2,-1212.76,USD,2025-08-03T11:02:07,Misc transaction,
8011,313,1,1943.57,USD,2022-07-06T23:32:34,Misc transaction,
8012,42,2,-1226.43,USD,2025-07-24T02:17:54,Misc transaction,
8013,250,2,-500.1,USD,2024-01-14T14:17:00,Misc transaction,
8014,12,1,1837.12,USD,2022-11-16T13:14:14,Misc transaction,
8015,50,1,1509.04,USD,2025-05-18T23:10:37,Misc transaction,
8016,541,1,1248.05,USD,2022-10-20T17:32:44,Misc transaction,
8017,133,1,83.44,USD,2024-01-04T10:01:34,Misc transaction,
8018,362,2,-1228.87,USD,2024-10-22T14:52:44,Misc transaction,
8019,377,2,-759.44,USD,2024-05-02T02:13:10,Misc transaction,
8020,153,1,872.57,USD,2024-12-16T05:34:00,Misc transaction,
8021,84,2,-359.63,USD,2024-08-25T07:46:01,Misc transaction,
8022,4,1,910.32,USD,2023-04-28T09:48:55,Misc transaction,
8023,448,1,1466.36,USD,2023-05-16T17:17:18,Misc transaction,
8024,226,2,-867.09,USD,2022-10-29T23:03:16,Misc transaction,
8025,109,1,1503.89,USD,2024-04-01T16:01:14,Misc transaction,
8026,254,1,1271.53,USD,2024-07-22T12:46:39,Misc transaction,
8027,363,1,40.42,USD,2025-02-21T14:10:45,Misc transaction,
8028,246,1,1825.71,USD,2025-11-23T18:57:23,Misc transaction,
8029,107,2,-1073.53,USD,2025-08-20T17:01:47,Misc transaction,
8030,67,2,-1940.23,USD,2023-02-21T02:11:50,Misc transaction,
8031,155,1,1642.49,USD,2025-01-03T16:07:38,Misc transaction,
8032,133,2,-1916.57,USD,2025-12-17T04:22:33,Misc transaction,
8033,153,2,-303.99,USD,2023-07-21T21:49:33,Misc transaction,
8034,402,1,1201.96,USD,2024-11-10T22:45:28,Misc transaction,
8035,482,1,634.17,USD,2023-11-06T03:03:48,Misc transaction,
8036,47,1,1049.16,USD,2023-04-21T10:27:30,Misc transaction,
8037,153,1,665.71,USD,2023-07-25T00:36:57,Misc transaction,
8038,232,1,1696.16,USD,2022-09-30T15:54:20,Misc transaction,
8039,415,1,904.87,USD,2025-09-11T06:36:53,Misc transaction,
8040,471,2,-980.93,USD,2024-08-08T14:00:59,Misc transaction,
8041,275,1,1794.68,USD,2023-10-22T12:09:48,Misc transaction,
8042,271,2,-1569.0,USD,2022-05-26T19:38:55,Misc transaction,
8043,208,2,-1560.78,USD,2022-12-04T11:26:42,Misc transaction,
8044,250,2,-1617.07,USD,2022-03-31T16:09:20,Misc transaction,
8045,122,1,394.35,USD,2022-05-09T23:37:25,Misc transaction,
8046,192,2,-1455.98,USD,2025-08-31T07:27:22,Misc transaction,
8047,218,2,-972.54,USD,2024-07-02T07:15:41,Misc transaction,
8048,395,1,1983.24,USD,2023-08-04T05:40:22,Misc transaction,
8049,154,2,-851.62,USD,2022-01-01T12:16:28,Misc transaction,
8050,346,1,315.44,USD,2025-10-27T11:53:49,Misc transaction,
8051,472,1,1114.41,USD,2023-08-13T00:52:28,Misc transaction,
8052,197,2,-668.09,USD,2024-11-03T19:57:37,Misc transaction,
8053,518,2,-1944.98,USD,2025-08-04T10:02:56,Misc transaction,
8054,369,1,1362.47,USD,2022-03-26T12:45:58,Misc transaction,
8055,209,1,976.69,USD,2024-03-03T20:59:52,Misc transaction,
8056,467,1,62.51,USD,2022-10-05T17:50:20,Misc transaction,
8057,323,2,-1235.76,USD,2025-02-10T15:12:45,Misc transaction,
8058,154,1,1428.1,USD,2024-04-01T04:48:35,Misc transaction,
8059,183,1,63.47,USD,2025-01-01T17:42:02,Misc transaction,
8060,237,2,-739.96,USD,2025-02-09T17:28:05,Misc transaction,
8061,271,1,250.55,USD,2022-12-11T07:46:51,Misc transaction,
8062,437,2,-776.66,USD,2024-03-27T01:18:44,Misc transaction,
8063,378,2,-671.95,USD,2022-11-07T17:17:46,Misc transaction,
8064,232,2,-896.47,USD,2024-11-10T22:33:16,Misc transaction,
8065,466,1,747.78,USD,2023-07-25T03:23:38,Misc transaction,
8066,509,1,1300.17,USD,2023-06-08T02:55:14,Misc transaction,
8067,313,2,-460.06,USD,2023-09-03T23:22:41,Misc transaction,
8068,234,1,1736.57,USD,2025-11-27T10:57:27,Misc transaction,
8069,431,2,-1632.83,USD,2022-10-29T13:50:43,Misc transaction,
8070,191,2,-1524.95,USD,2022-12-16T12:50:22,Misc transaction,
8071,341,2,-1617.88,USD,2025-09-14T10:25:42,Misc transaction,
8072,46,1,13.3,USD,2023-10-22T14:52:50,Misc transaction,
8073,516,1,24.07,USD,2023-12-22T18:32:47,Misc transaction,
8074,524,1,553.54,USD,2025-05-09T19:25:53,Misc transaction,
8075,66,2,-1338.44,USD,2023-08-14T08:15:08,Misc transaction,
8076,6,2,-817.45,USD,2025-02-21T04:16:56,Misc transaction,
8077,294,2,-1803.48,USD,2023-07-06T18:57:35,Misc transaction,
8078,350,2,-1498.04,USD,2023-12-23T01:25:29,Misc transaction,
8079,526,1,518.76,USD,2024-06-09T08:53:43,Misc transaction,
8080,302,2,-1605.48,USD,2025-05-03T04:16:35,Misc transaction,
8081,354,1,1791.71,USD,2024-06-10T02:22:42,Misc transaction,
8082,234,2,-445.03,USD,2024-04-06T12:30:54,Misc transaction,
8083,107,1,1104.34,USD,2024-12-21T02:59:03,Misc transaction,
8084,450,1,43.39,USD,2024-12-05T08:52:32,Misc transaction,
8085,139,2,-219.85,USD,2025-03-05T09:24:43,Misc transaction,
8086,383,1,1660.53,USD,2023-01-06T11:24:25,Misc transaction,
8087,170,2,-349.31,USD,2025-10-16T06:48:00,Misc transaction,
8088,374,1,1808.79,USD,2023-12-08T02:51:14,Misc transaction,
8089,181,2,-26.9,USD,2024-09-30T05:20:43,Misc transaction,
8090,310,2,-796.97,USD,2022-12-05T07:02:34,Misc transaction,
8091,527,2,-1568.63,USD,2023-11-17T16:59:50,Misc transaction,
8092,165,2,-98.8,USD,2022-07-06T06:12:12,Misc transaction,
8093,348,2,-639.12,USD,2023-03-20T11:48:29,Misc transaction,
8094,394,2,-1164.83,USD,2022-06-16T09:38:05,Misc transaction,
8095,472,1,926.43,USD,2024-01-04T20:29:46,Misc transaction,
8096,288,1,1237.87,USD,2024-03-05T22:00:11,Misc transaction,
8097,312,1,70.31,USD,2022-06-28T18:28:43,Misc transaction,
8098,33,1,640.93,USD,2024-03-09T04:13:24,Misc transaction,
8099,314,1,821.52,USD,2023-02-28T16:26:13,Misc transaction,
8100,435,1,1838.3,USD,2024-09-15T09:30:53,Misc transaction,
8101,42,2,-829.24,USD,2024-08-26T01:15:05,Misc transaction,
8102,41,1,1406.5,USD,2022-09-02T03:05:56,Misc transaction,
8103,176,2,-1439.67,USD,2024-06-10T03:12:32,Misc transaction,
8104,416,2,-291.02,USD,2023-04-03T20:35:41,Misc transaction,
8105,206,2,-1108.64,USD,2024-05-30T10:23:34,Misc transaction,
8106,68,1,1788.1,USD,2023-06-29T17:58:42,Misc transaction,
8107,336,2,-70.89,USD,2023-10-30T13:15:23,Misc transaction,
8108,231,1,1377.96,USD,2024-06-23T16:28:14,Misc transaction,
8109,302,1,158.48,USD,2025-07-20T14:12:42,Misc transaction,
8110,314,1,1187.92,USD,2024-02-14T09:48:04,Misc transaction,
8111,96,2,-1640.54,USD,2022-08-22T07:36:12,Misc transaction,
8112,401,1,1767.99,USD,2024-10-27T21:23:32,Misc transaction,
8113,140,2,-1157.22,USD,2025-06-24T16:09:50,Misc transaction,
8114,535,1,331.45,USD,2024-12-02T02:27:47,Misc transaction,
8115,120,1,1817.89,USD,2023-03-11T06:49:10,Misc transaction,
8116,264,1,1153.77,USD,2023-07-24T12:53:00,Misc transaction,
8117,5,2,-1110.01,USD,2023-11-09T03:33:48,Misc transaction,
8118,109,2,-1437.75,USD,2024-09-20T11:02:17,Misc transaction,
8119,89,1,1238.71,USD,2023-11-01T00:31:33,Misc transaction,
8120,224,1,347.35,USD,2025-05-17T05:08:46,Misc transaction,
8121,203,2,-822.13,USD,2024-09-13T21:08:37,Misc transaction,
8122,215,2,-498.35,USD,2022-09-12T23:56:54,Misc transaction,
8123,492,2,-1886.39,USD,2022-04-27T17:42:32,Misc transaction,
8124,536,1,1301.74,USD,2025-06-08T01:46:03,Misc transaction,
8125,363,1,317.68,USD,2024-11-14T18:10:57,Misc transaction,
8126,302,1,1801.52,USD,2022-11-25T20:23:51,Misc transaction,
8127,430,1,922.21,USD,2024-09-16T12:53:09,Misc transaction,
8128,444,2,-138.99,USD,2023-09-06T23:02:47,Misc transaction,
8129,511,1,1626.35,USD,2025-01-08T23:31:42,Misc transaction,
8130,199,2,-139.75,USD,2024-02-22T02:31:16,Misc transaction,
8131,122,1,731.84,USD,2025-08-20T04:28:00,Misc transaction,
8132,19,2,-1019.66,USD,2023-03-13T05:18:00,Misc transaction,
8133,496,1,840.81,USD,2024-12-21T07:17:31,Misc transaction,
8134,347,2,-1070.67,USD,2022-01-11T04:39:05,Misc transaction,
8135,277,2,-1777.69,USD,2022-12-04T13:00:34,Misc transaction,
8136,432,1,159.05,USD,2024-03-09T00:30:08,Misc transaction,
8137,185,1,1029.07,USD,2025-05-05T14:02:34,Misc transaction,
8138,347,1,1450.78,USD,2022-03-25T20:57:43,Misc transaction,
8139,525,1,1499.79,USD,2025-07-22T09:39:03,Misc transaction,
8140,47,1,1447.55,USD,2025-01-30T14:49:05,Misc transaction,
8141,62,1,367.4,USD,2024-05-07T23:41:28,Misc transaction,
8142,408,1,1770.11,USD,2025-01-20T03:35:10,Misc transaction,
8143,537,1,1329.9,USD,2022-02-01T22:13:06,Misc transaction,
8144,211,1,32.57,USD,2025-11-01T07:20:30,Misc transaction,
8145,320,1,370.49,USD,2022-05-09T10:58:42,Misc transaction,
8146,509,2,-6.95,USD,2023-04-09T07:59:00,Misc transaction,
8147,77,1,1105.55,USD,2024-09-30T20:41:08,Misc transaction,
8148,73,1,1951.82,USD,2022-03-24T07:56:05,Misc transaction,
8149,393,1,1795.76,USD,2025-07-18T19:34:18,Misc transaction,
8150,56,2,-414.86,USD,2025-12-05T21:38:40,Misc transaction,
8151,252,2,-1540.55,USD,2025-09-22T10:35:51,Misc transaction,
8152,349,2,-1184.73,USD,2023-07-17T08:52:02,Misc transaction,
8153,450,2,-1074.44,USD,2025-10-01T03:44:45,Misc transaction,
8154,547,1,1590.61,USD,2025-03-03T04:37:12,Misc transaction,
8155,81,1,858.21,USD,2023-03-08T01:12:21,Misc transaction,
8156,266,1,1873.75,USD,2025-11-08T03:09:14,Misc transaction,
8157,445,1,1617.69,USD,2024-03-18T01:13:14,Misc transaction,
8158,256,2,-1350.7,USD,2025-11-06T00:49:44,Misc transaction,
8159,321,2,-188.72,USD,2023-11-24T13:45:45,Misc transaction,
8160,341,1,1301.63,USD,2022-10-09T06:18:04,Misc transaction,
8161,339,2,-957.38,USD,2023-11-27T23:55:00,Misc transaction,
8162,115,2,-1359.13,USD,2025-11-10T20:44:17,Misc transaction,
8163,127,2,-1130.85,USD,2025-11-20T18:14:02,Misc transaction,
8164,461,2,-1397.77,USD,2022-12-04T06:11:07,Misc transaction,
8165,172,2,-725.09,USD,2022-03-20T18:48:45,Misc transaction,
8166,143,2,-1688.19,USD,2024-11-01T15:41:43,Misc transaction,
8167,210,2,-374.05,USD,2022-10-30T14:30:41,Misc transaction,
8168,44,1,1899.17,USD,2023-10-28T11:39:02,Misc transaction,
8169,55,2,-402.97,USD,2024-10-03T13:41:06,Misc transaction,
8170,234,1,1471.26,USD,2025-02-15T03:54:27,Misc transaction,
8171,450,2,-1331.85,USD,2022-09-19T22:44:59,Misc transaction,
8172,26,1,1242.46,USD,2023-07-07T18:10:43,Misc transaction,
8173,494,1,764.52,USD,2022-11-11T22:38:26,Misc transaction,
8174,123,1,1521.5,USD,2022-04-10T18:20:40,Misc transaction,
8175,215,1,540.95,USD,2023-01-12T06:00:25,Misc transaction,
8176,484,2,-835.33,USD,2024-07-16T06:12:04,Misc transaction,
8177,400,2,-1730.25,USD,2025-07-31T18:59:34,Misc transaction,
8178,314,2,-1908.12,USD,2022-08-24T07:15:47,Misc transaction,
8179,139,2,-303.16,USD,2025-05-09T03:45:43,Misc transaction,
8180,532,1,1469.14,USD,2025-01-09T23:39:45,Misc transaction,
8181,345,1,763.14,USD,2025-06-11T04:41:45,Misc transaction,
8182,377,2,-741.26,USD,2023-01-06T22:22:08,Misc transaction,
8183,261,1,766.74,USD,2024-03-03T12:48:15,Misc transaction,
8184,515,2,-371.87,USD,2023-04-27T18:22:50,Misc transaction,
8185,88,2,-1380.15,USD,2023-10-15T20:04:50,Misc transaction,
8186,545,2,-1060.12,USD,2022-06-08T07:09:47,Misc transaction,
8187,444,2,-1294.88,USD,2023-02-20T06:16:18,Misc transaction,
8188,128,2,-1085.12,USD,2024-06-27T17:53:54,Misc transaction,
8189,149,2,-725.64,USD,2025-05-17T11:57:10,Misc transaction,
8190,503,2,-229.97,USD,2025-07-30T23:50:12,Misc transaction,
8191,178,1,1374.07,USD,2022-05-20T07:58:14,Misc transaction,
8192,115,1,494.91,USD,2024-07-15T07:46:47,Misc transaction,
8193,238,2,-182.68,USD,2022-06-08T06:53:19,Misc transaction,
8194,239,1,863.49,USD,2025-05-16T03:45:30,Misc transaction,
8195,223,1,1173.75,USD,2024-12-31T17:15:10,Misc transaction,
8196,354,2,-111.75,USD,2022-06-04T17:49:42,Misc transaction,
8197,378,1,1092.28,USD,2024-09-26T12:43:15,Misc transaction,
8198,514,1,663.86,USD,2022-03-12T15:49:29,Misc transaction,
8199,436,1,200.29,USD,2022-12-11T13:46:34,Misc transaction,
8200,279,1,217.28,USD,2025-07-06T08:38:00,Misc transaction,
8201,431,1,541.08,USD,2024-08-13T19:15:11,Misc transaction,
8202,200,2,-946.68,USD,2024-01-29T07:26:45,Misc transaction,
8203,111,1,675.14,USD,2025-08-10T20:23:05,Misc transaction,
8204,204,2,-1234.44,USD,2022-05-07T14:45:09,Misc transaction,
8205,543,1,707.09,USD,2025-10-19T02:19:24,Misc transaction,
8206,46,2,-191.87,USD,2023-11-16T21:49:58,Misc transaction,
8207,244,1,1447.55,USD,2025-06-21T12:57:07,Misc transaction,
8208,198,1,201.11,USD,2023-01-04T10:12:13,Misc transaction,
8209,510,1,1127.36,USD,2022-05-08T04:59:44,Misc transaction,
8210,143,1,407.29,USD,2023-07-24T17:16:41,Misc transaction,
8211,448,1,128.17,USD,2024-05-16T01:54:13,Misc transaction,
8212,2,1,1072.61,USD,2023-04-05T16:26:16,Misc transaction,
8213,174,2,-1234.78,USD,2023-06-25T04:41:33,Misc transaction,
8214,105,2,-1541.6,USD,2024-03-09T01:38:59,Misc transaction,
8215,108,2,-526.15,USD,2022-02-23T12:36:08,Misc transaction,
8216,371,2,-733.51,USD,2025-05-17T03:37:12,Misc transaction,
8217,1,2,-1396.45,USD,2024-09-16T21:21:06,Misc transaction,
8218,265,2,-357.43,USD,2024-05-21T21:31:34,Misc transaction,
8219,58,2,-517.52,USD,2022-11-08T00:39:28,Misc transaction,
8220,408,2,-1026.87,USD,2022-07-13T18:44:54,Misc transaction,
8221,23,1,433.2,USD,2024-08-05T22:06:52,Misc transaction,
8222,529,1,385.84,USD,2025-11-02T11:47:51,Misc transaction,
8223,109,2,-526.61,USD,2024-01-14T08:25:54,Misc transaction,
8224,336,1,454.23,USD,2025-10-09T20:41:37,Misc transaction,
8225,74,2,-59.48,USD,2024-08-08T20:44:13,Misc transaction,
8226,112,1,357.26,USD,2024-01-31T21:07:05,Misc transaction,
8227,459,1,1785.13,USD,2023-02-07T15:31:58,Misc transaction,
8228,489,1,372.26,USD,2025-06-04T04:02:45,Misc transaction,
8229,528,2,-641.57,USD,2023-11-28T09:22:39,Misc transaction,
8230,371,1,591.81,USD,2025-02-22T02:02:42,Misc transaction,
8231,504,2,-557.61,USD,2023-05-24T17:41:29,Misc transaction,
8232,13,1,1923.2,USD,2025-01-27T06:09:05,Misc transaction,
8233,20,1,1214.95,USD,2024-06-21T07:32:42,Misc transaction,
8234,57,1,493.25,USD,2025-02-17T21:14:30,Misc transaction,
8235,127,1,369.6,USD,2025-03-05T01:59:13,Misc transaction,
8236,238,1,1902.26,USD,2023-11-27T21:13:40,Misc transaction,
8237,47,2,-1214.85,USD,2022-05-22T01:01:34,Misc transaction,
8238,116,2,-1330.27,USD,2024-01-16T16:59:44,Misc transaction,
8239,161,1,1999.89,USD,2025-10-06T21:35:24,Misc transaction,
8240,21,2,-600.97,USD,2025-11-23T04:28:30,Misc transaction,
8241,149,2,-1155.49,USD,2024-09-29T05:04:18,Misc transaction,
8242,105,1,1507.28,USD,2022-02-18T05:51:53,Misc transaction,
8243,145,2,-1329.5,USD,2024-08-08T20:53:08,Misc transaction,
8244,386,2,-673.06,USD,2022-02-24T05:28:45,Misc transaction,
8245,407,2,-1687.88,USD,2022-08-24T23:41:49,Misc transaction,
8246,419,2,-1042.51,USD,2025-02-21T09:54:53,Misc transaction,
8247,535,1,942.97,USD,2022-10-16T16:25:17,Misc transaction,
8248,377,2,-165.71,USD,2024-11-22T02:18:43,Misc transaction,
8249,211,1,396.86,USD,2022-11-18T17:09:39,Misc transaction,
8250,90,1,1255.2,USD,2022-05-25T01:28:12,Misc transaction,
8251,58,2,-1961.55,USD,2025-09-12T11:19:56,Misc transaction,
8252,111,1,1166.2,USD,2022-06-25T15:06:17,Misc transaction,
8253,436,2,-338.62,USD,2023-01-30T19:29:49,Misc transaction,
8254,310,1,1719.86,USD,2023-12-20T16:57:34,Misc transaction,
8255,535,1,261.84,USD,2024-06-22T23:43:03,Misc transaction,
8256,505,1,520.38,USD,2023-04-09T05:31:43,Misc transaction,
8257,160,1,256.54,USD,2023-05-26T19:03:42,Misc transaction,
8258,544,2,-765.49,USD,2024-07-06T05:20:18,Misc transaction,
8259,317,1,1651.13,USD,2025-04-27T05:08:34,Misc transaction,
8260,62,1,750.45,USD,2022-08-07T08:22:56,Misc transaction,
8261,405,1,567.67,USD,2023-10-28T23:29:16,Misc transaction,
8262,27,2,-1580.06,USD,2024-05-04T16:24:11,Misc transaction,
8263,449,2,-748.56,USD,2024-05-21T09:58:15,Misc transaction,
8264,285,2,-1120.7,USD,2022-03-04T14:47:10,Misc transaction,
8265,369,1,27.32,USD,2023-03-09T08:50:54,Misc transaction,
8266,441,2,-719.58,USD,2025-02-14T12:01:51,Misc transaction,
8267,2,2,-273.98,USD,2023-06-13T19:36:35,Misc transaction,
8268,419,1,483.91,USD,2023-04-06T14:01:32,Misc transaction,
8269,32,2,-1590.76,USD,2022-03-07T08:49:59,Misc transaction,
8270,373,1,813.85,USD,2024-09-11T07:26:12,Misc transaction,
8271,175,2,-1425.3,USD,2023-01-13T00:13:27,Misc transaction,
8272,394,2,-229.43,USD,2024-11-30T04:02:04,Misc transaction,
8273,438,2,-961.09,USD,2023-01-03T16:44:20,Misc transaction,
8274,502,2,-895.34,USD,2023-02-11T17:55:45,Misc transaction,
8275,73,1,1570.45,USD,2022-09-02T13:18:11,Misc transaction,
8276,506,1,822.36,USD,2023-12-16T20:30:52,Misc transaction,
8277,74,1,1267.0,USD,2024-12-31T21:52:50,Misc transaction,
8278,257,2,-404.84,USD,2022-10-02T14:34:23,Misc transaction,
8279,387,1,147.11,USD,2024-08-23T08:34:10,Misc transaction,
8280,508,2,-1383.25,USD,2025-02-08T03:56:49,Misc transaction,
8281,59,1,594.56,USD,2025-01-18T04:57:56,Misc transaction,
8282,6,1,367.2,USD,2025-07-09T00:28:33,Misc transaction,
8283,337,2,-717.04,USD,2024-12-24T11:04:26,Misc transaction,
8284,389,1,1568.52,USD,2025-09-17T04:23:20,Misc transaction,
8285,266,1,1167.13,USD,2023-08-03T02:31:48,Misc transaction,
8286,7,2,-365.2,USD,2024-12-18T15:13:49,Misc transaction,
8287,18,1,1867.26,USD,2023-07-07T23:24:35,Misc transaction,
8288,167,1,290.28,USD,2025-07-29T20:52:13,Misc transaction,
8289,153,1,1178.73,USD,2023-05-21T02:44:42,Misc transaction,
8290,478,1,1081.91,USD,2025-02-01T00:08:42,Misc transaction,
8291,131,1,1579.43,USD,2024-11-09T12:36:08,Misc transaction,
8292,153,1,457.25,USD,2022-03-16T01:15:43,Misc transaction,
8293,98,1,20.73,USD,2022-11-19T13:41:57,Misc transaction,
8294,374,2,-254.59,USD,2023-09-15T12:31:53,Misc transaction,
8295,439,1,768.81,USD,2025-09-05T08:30:09,Misc transaction,
8296,348,1,1245.33,USD,2025-02-17T20:52:16,Misc transaction,
8297,178,2,-1796.97,USD,2023-08-08T01:02:32,Misc transaction,
8298,534,2,-1370.35,USD,2025-06-04T02:28:19,Misc transaction,
8299,190,1,941.06,USD,2023-01-03T10:24:46,Misc transaction,
8300,255,2,-401.89,USD,2024-12-21T21:00:55,Misc transaction,
8301,198,1,42.71,USD,2023-01-19T02:14:44,Misc transaction,
8302,57,2,-785.32,USD,2022-12-03T18:00:26,Misc transaction,
8303,238,2,-1524.69,USD,2025-12-06T00:07:42,Misc transaction,
8304,245,2,-471.78,USD,2023-12-19T05:31:42,Misc transaction,
8305,488,2,-556.43,USD,2024-06-10T08:49:38,Misc transaction,
8306,204,1,1288.09,USD,2022-05-16T07:08:38,Misc transaction,
8307,494,2,-1900.65,USD,2023-05-07T23:47:14,Misc transaction,
8308,348,2,-424.24,USD,2024-02-18T03:03:23,Misc transaction,
8309,3,2,-1918.75,USD,2023-06-16T01:24:33,Misc transaction,
8310,316,2,-418.51,USD,2022-06-30T01:35:26,Misc transaction,
8311,250,2,-1101.38,USD,2024-01-23T03:10:41,Misc transaction,
8312,23,2,-708.44,USD,2022-03-31T02:21:52,Misc transaction,
8313,342,1,1259.04,USD,2024-12-08T13:27:44,Misc transaction,
8314,61,2,-1857.56,USD,2024-02-09T05:22:36,Misc transaction,
8315,529,1,1311.31,USD,2025-03-14T19:43:23,Misc transaction,
8316,409,2,-1992.56,USD,2024-04-27T06:30:11,Misc transaction,
8317,289,1,1921.28,USD,2022-04-08T23:20:42,Misc transaction,
8318,513,1,1290.15,USD,2023-01-28T14:26:27,Misc transaction,
8319,377,1,1681.48,USD,2024-11-13T07:43:19,Misc transaction,
8320,250,2,-1115.6,USD,2024-12-04T23:13:17,Misc transaction,
8321,539,1,6.56,USD,2024-06-25T03:10:21,Misc transaction,
8322,294,2,-1682.33,USD,2023-08-26T23:15:04,Misc transaction,
8323,223,2,-1540.97,USD,2023-07-25T05:59:50,Misc transaction,
8324,62,1,1335.2,USD,2025-08-20T17:08:32,Misc transaction,
8325,83,1,1028.07,USD,2025-02-03T20:48:50,Misc transaction,
8326,313,1,1723.0,USD,2025-01-07T07:11:45,Misc transaction,
8327,94,1,286.12,USD,2023-05-17T20:05:36,Misc transaction,
8328,71,1,1269.23,USD,2024-08-15T11:11:44,Misc transaction,
8329,494,2,-1961.32,USD,2024-12-19T17:18:30,Misc transaction,
8330,518,1,1398.49,USD,2023-11-25T16:37:56,Misc transaction,
8331,409,2,-1214.84,USD,2022-11-16T02:31:44,Misc transaction,
8332,164,2,-1416.99,USD,2022-03-15T16:10:06,Misc transaction,
8333,216,2,-1220.15,USD,2022-12-17T18:51:53,Misc transaction,
8334,167,1,246.92,USD,2022-01-18T14:54:32,Misc transaction,
8335,295,2,-876.81,USD,2025-05-21T20:21:24,Misc transaction,
8336,105,2,-1424.0,USD,2025-01-08T05:13:10,Misc transaction,
8337,508,1,1097.0,USD,2022-09-24T20:30:56,Misc transaction,
8338,483,2,-172.02,USD,2025-03-03T20:42:28,Misc transaction,
8339,236,1,1262.09,USD,2024-10-18T15:00:24,Misc transaction,
8340,456,2,-861.44,USD,2023-09-17T18:43:02,Misc transaction,
8341,291,2,-1093.62,USD,2024-01-22T21:08:07,Misc transaction,
8342,72,1,1238.6,USD,2023-10-02T08:13:22,Misc transaction,
8343,274,1,123.34,USD,2022-11-24T22:05:40,Misc transaction,
8344,510,2,-1520.16,USD,2024-12-10T02:38:01,Misc transaction,
8345,396,1,983.42,USD,2024-03-23T23:03:46,Misc transaction,
8346,297,2,-839.05,USD,2022-05-08T03:24:15,Misc transaction,
8347,356,2,-502.04,USD,2025-06-06T20:26:48,Misc transaction,
8348,547,2,-922.24,USD,2022-02-03T17:06:17,Misc transaction,
8349,367,1,1014.58,USD,2022-10-05T21:13:28,Misc transaction,
8350,246,2,-1539.71,USD,2024-02-13T06:44:23,Misc transaction,
8351,203,1,692.52,USD,2023-12-02T17:49:53,Misc transaction,
8352,219,1,881.62,USD,2023-03-08T01:37:00,Misc transaction,
8353,77,1,452.73,USD,2023-09-11T13:34:43,Misc transaction,
8354,12,1,1361.04,USD,2024-04-27T19:05:23,Misc transaction,
8355,349,2,-1636.95,USD,2024-05-27T01:10:27,Misc transaction,
8356,503,2,-1255.38,USD,2022-05-19T10:05:35,Misc transaction,
8357,66,1,496.28,USD,2025-09-23T01:17:14,Misc transaction,
8358,257,2,-554.99,USD,2023-11-03T19:05:55,Misc transaction,
8359,220,1,838.9,USD,2023-02-01T16:54:05,Misc transaction,
8360,183,2,-1923.87,USD,2023-07-30T18:34:00,Misc transaction,
8361,160,2,-1105.75,USD,2024-11-23T10:59:56,Misc transaction,
8362,268,2,-988.42,USD,2023-09-22T18:37:35,Misc transaction,
8363,274,2,-1911.1,USD,2023-05-08T17:50:32,Misc transaction,
8364,62,1,716.68,USD,2023-06-19T08:01:34,Misc transaction,
8365,428,1,1797.99,USD,2024-09-17T14:54:45,Misc transaction,
8366,358,2,-1597.72,USD,2023-10-12T12:48:30,Misc transaction,
8367,487,2,-280.99,USD,2023-07-03T18:59:01,Misc transaction,
8368,11,2,-1151.51,USD,2025-08-13T09:16:19,Misc transaction,
8369,64,2,-866.82,USD,2024-01-18T21:22:49,Misc transaction,
8370,72,2,-1792.86,USD,2022-08-18T15:06:34,Misc transaction,
8371,141,1,1947.12,USD,2022-09-11T06:42:01,Misc transaction,
8372,41,2,-1067.82,USD,2022-09-13T23:57:23,Misc transaction,
8373,143,2,-891.93,USD,2025-01-17T15:49:03,Misc transaction,
8374,173,1,761.24,USD,2024-12-22T20:22:17,Misc transaction,
8375,59,1,972.31,USD,2022-09-25T07:55:17,Misc transaction,
8376,522,1,1405.41,USD,2024-02-22T21:09:06,Misc transaction,
8377,76,1,1905.91,USD,2023-09-06T00:41:30,Misc transaction,
8378,505,2,-1931.77,USD,2025-10-10T06:35:50,Misc transaction,
8379,400,1,1721.87,USD,2023-09-25T10:34:42,Misc transaction,
8380,322,2,-1804.86,USD,2024-05-25T15:07:25,Misc transaction,
8381,20,1,813.72,USD,2023-07-19T15:52:48,Misc transaction,
8382,153,2,-1322.61,USD,2022-10-20T04:44:45,Misc transaction,
8383,83,1,1530.41,USD,2025-12-05T10:21:01,Misc transaction,
8384,49,1,382.2,USD,2022-01-01T14:49:47,Misc transaction,
8385,363,1,1600.78,USD,2025-11-14T19:07:52,Misc transaction,
8386,423,2,-300.58,USD,2022-04-16T08:00:34,Misc transaction,
8387,475,2,-473.16,USD,2024-04-20T11:36:35,Misc transaction,
8388,413,2,-1387.82,USD,2022-11-30T05:49:52,Misc transaction,
8389,306,1,1809.56,USD,2024-07-20T18:13:24,Misc transaction,
8390,225,2,-1536.74,USD,2023-09-06T14:02:18,Misc transaction,
8391,62,1,817.87,USD,2025-04-15T04:42:32,Misc transaction,
8392,172,1,1065.8,USD,2024-04-04T13:49:54,Misc transaction,
8393,285,2,-318.84,USD,2023-01-12T19:50:37,Misc transaction,
8394,315,2,-1885.66,USD,2022-04-22T15:47:59,Misc transaction,
8395,269,1,273.72,USD,2025-06-25T12:23:38,Misc transaction,
8396,84,2,-1819.52,USD,2022-06-15T04:06:19,Misc transaction,
8397,218,1,15.38,USD,2022-11-22T16:47:54,Misc transaction,
8398,218,1,771.25,USD,2024-03-02T20:33:26,Misc transaction,
8399,170,1,1017.49,USD,2022-08-09T04:28:29,Misc transaction,
8400,353,2,-435.98,USD,2025-07-07T16:33:11,Misc transaction,
8401,279,1,553.38,USD,2022-08-01T07:27:52,Misc transaction,
8402,519,2,-1183.65,USD,2025-09-10T08:23:45,Misc transaction,
8403,314,2,-586.29,USD,2023-01-25T15:47:15,Misc transaction,
8404,542,1,812.68,USD,2023-08-03T15:40:54,Misc transaction,
8405,314,1,995.74,USD,2025-01-13T11:45:21,Misc transaction,
8406,86,2,-1582.53,USD,2025-12-27T03:09:42,Misc transaction,
8407,299,2,-1617.31,USD,2023-12-29T16:00:32,Misc transaction,
8408,442,1,224.24,USD,2025-07-05T22:07:12,Misc transaction,
8409,342,1,1591.43,USD,2024-02-28T09:09:57,Misc transaction,
8410,361,1,669.48,USD,2025-12-15T21:58:18,Misc transaction,
8411,206,1,1163.04,USD,2023-06-17T17:47:44,Misc transaction,
8412,30,2,-883.81,USD,2022-01-13T22:02:25,Misc transaction,
8413,75,2,-1541.91,USD,2023-04-06T09:52:21,Misc transaction,
8414,90,2,-1148.89,USD,2022-12-30T18:26:34,Misc transaction,
8415,497,2,-1438.29,USD,2025-03-04T02:35:53,Misc transaction,
8416,537,2,-521.59,USD,2024-06-24T12:24:48,Misc transaction,
8417,154,2,-936.26,USD,2024-11-08T12:18:57,Misc transaction,
8418,22,1,1653.81,USD,2022-11-28T07:19:39,Misc transaction,
8419,145,2,-1620.52,USD,2022-08-05T06:09:10,Misc transaction,
8420,263,1,222.12,USD,2025-02-20T21:42:32,Misc transaction,
8421,225,1,585.81,USD,2022-10-17T20:24:21,Misc transaction,
8422,392,1,1057.59,USD,2022-03-06T16:35:29,Misc transaction,
8423,439,2,-977.68,USD,2025-05-26T09:27:21,Misc transaction,
8424,364,1,126.77,USD,2024-06-11T19:33:53,Misc transaction,
8425,345,2,-1621.97,USD,2023-03-13T16:07:06,Misc transaction,
8426,103,2,-560.87,USD,2025-05-15T22:40:10,Misc transaction,
8427,202,1,860.15,USD,2023-10-15T23:02:32,Misc transaction,
8428,113,2,-502.79,USD,2022-08-29T06:02:46,Misc transaction,
8429,107,2,-888.2,USD,2023-11-09T01:58:29,Misc transaction,
8430,231,1,150.51,USD,2024-12-07T06:27:20,Misc transaction,
8431,98,2,-1457.56,USD,2022-10-27T06:55:53,Misc transaction,
8432,542,2,-104.34,USD,2024-09-12T21:50:00,Misc transaction,
8433,220,1,871.24,USD,2022-11-18T05:43:49,Misc transaction,
8434,273,2,-899.81,USD,2022-11-06T17:56:48,Misc transaction,
8435,392,2,-1511.62,USD,2022-08-20T20:33:34,Misc transaction,
8436,351,1,1793.52,USD,2023-05-23T11:17:23,Misc transaction,
8437,175,2,-731.16,USD,2024-04-03T05:58:47,Misc transaction,
8438,172,1,1174.89,USD,2024-07-19T11:05:16,Misc transaction,
8439,100,1,638.39,USD,2024-12-21T20:40:42,Misc transaction,
8440,503,1,734.33,USD,2022-12-21T18:02:49,Misc transaction,
8441,479,2,-479.69,USD,2024-11-24T23:40:51,Misc transaction,
8442,129,2,-637.36,USD,2024-02-23T05:12:07,Misc transaction,
8443,207,1,1496.0,USD,2022-05-17T10:46:46,Misc transaction,
8444,55,2,-169.09,USD,2025-11-09T02:21:01,Misc transaction,
8445,417,2,-1488.84,USD,2025-02-22T05:44:50,Misc transaction,
8446,103,2,-1165.42,USD,2024-02-02T03:52:11,Misc transaction,
8447,272,1,1831.73,USD,2024-04-13T13:49:36,Misc transaction,
8448,114,2,-340.48,USD,2024-04-27T08:00:21,Misc transaction,
8449,140,1,822.09,USD,2023-10-04T23:02:56,Misc transaction,
8450,243,2,-1036.22,USD,2024-12-10T04:30:07,Misc transaction,
8451,519,2,-814.28,USD,2024-10-09T01:56:31,Misc transaction,
8452,149,2,-306.81,USD,2025-05-21T23:31:19,Misc transaction,
8453,298,1,1703.25,USD,2022-12-26T21:04:27,Misc transaction,
8454,65,1,1719.11,USD,2022-02-06T21:27:21,Misc transaction,
8455,352,2,-1846.5,USD,2024-02-25T18:53:41,Misc transaction,
8456,281,1,1445.32,USD,2022-06-02T17:56:05,Misc transaction,
8457,231,2,-132.35,USD,2022-01-24T10:58:38,Misc transaction,
8458,502,1,1063.69,USD,2022-06-09T05:13:40,Misc transaction,
8459,421,1,1995.24,USD,2025-10-05T09:23:08,Misc transaction,
8460,461,2,-140.85,USD,2024-03-19T20:21:55,Misc transaction,
8461,31,2,-270.17,USD,2022-04-27T00:35:33,Misc transaction,
8462,216,1,1829.97,USD,2025-12-19T21:18:44,Misc transaction,
8463,490,1,1201.86,USD,2025-11-20T18:39:09,Misc transaction,
8464,204,1,1780.82,USD,2023-11-11T06:24:56,Misc transaction,
8465,269,1,1042.91,USD,2024-04-26T02:52:02,Misc transaction,
8466,248,1,1956.75,USD,2023-01-05T10:26:48,Misc transaction,
8467,303,1,802.09,USD,2023-07-22T06:30:59,Misc transaction,
8468,75,2,-581.01,USD,2024-03-14T20:04:08,Misc transaction,
8469,260,2,-233.67,USD,2023-12-25T10:06:29,Misc transaction,
8470,495,2,-984.19,USD,2022-10-19T23:22:07,Misc transaction,
8471,339,2,-747.2,USD,2024-05-23T02:33:09,Misc transaction,
8472,159,1,1978.85,USD,2025-01-12T03:00:31,Misc transaction,
8473,225,1,859.29,USD,2023-01-20T23:14:12,Misc transaction,
8474,78,1,357.76,USD,2022-12-20T09:24:48,Misc transaction,
8475,161,2,-241.75,USD,2025-01-19T03:52:06,Misc transaction,
8476,1,1,1731.77,USD,2025-08-03T15:06:44,Misc transaction,
8477,507,1,920.93,USD,2024-09-14T19:23:47,Misc transaction,
8478,236,2,-1122.91,USD,2022-02-14T04:46:33,Misc transaction,
8479,545,2,-930.67,USD,2025-05-22T15:40:25,Misc transaction,
8480,482,2,-1547.94,USD,2025-12-29T10:27:58,Misc transaction,
8481,507,2,-1397.85,USD,2025-07-31T19:23:56,Misc transaction,
8482,134,2,-582.2,USD,2022-01-07T06:24:13,Misc transaction,
8483,350,1,1791.43,USD,2023-08-30T06:35:16,Misc transaction,
8484,328,2,-238.22,USD,2024-02-27T06:30:41,Misc transaction,
8485,57,1,1150.83,USD,2023-12-14T08:57:54,Misc transaction,
8486,514,1,1930.59,USD,2025-07-22T09:36:09,Misc transaction,
8487,211,2,-897.18,USD,2022-01-19T17:10:06,Misc transaction,
8488,73,1,884.76,USD,2025-04-27T06:36:16,Misc transaction,
8489,122,2,-768.42,USD,2022-10-31T14:26:02,Misc transaction,
8490,172,1,1366.84,USD,2023-02-09T23:01:25,Misc transaction,
8491,413,1,1020.03,USD,2022-05-15T15:29:34,Misc transaction,
8492,65,2,-1799.47,USD,2023-02-27T21:55:05,Misc transaction,
8493,264,2,-1518.37,USD,2022-06-09T16:40:37,Misc transaction,
8494,90,2,-1085.26,USD,2024-09-10T21:39:24,Misc transaction,
8495,503,1,1958.73,USD,2023-04-14T04:55:44,Misc transaction,
8496,364,2,-337.43,USD,2025-07-01T04:44:33,Misc transaction,
8497,137,1,1324.74,USD,2022-05-12T20:57:02,Misc transaction,
8498,403,1,442.23,USD,2025-08-10T22:59:18,Misc transaction,
8499,167,2,-1109.95,USD,2025-03-27T03:33:01,Misc transaction,
8500,497,1,1765.3,USD,2022-04-07T19:38:35,Misc transaction,
8501,31,2,-166.01,USD,2023-05-28T16:34:57,Misc transaction,
8502,315,2,-848.53,USD,2024-05-23T02:51:51,Misc transaction,
8503,166,2,-1413.45,USD,2023-11-21T12:32:29,Misc transaction,
8504,387,1,1229.45,USD,2024-08-21T09:10:13,Misc transaction,
8505,6,2,-1817.03,USD,2023-06-12T21:42:26,Misc transaction,
8506,225,2,-31.83,USD,2025-11-03T19:57:30,Misc transaction,
8507,351,1,1557.96,USD,2024-01-11T11:11:04,Misc transaction,
8508,320,1,1490.3,USD,2024-07-23T16:23:07,Misc transaction,
8509,159,2,-1220.34,USD,2022-03-29T23:30:59,Misc transaction,
8510,120,1,1194.01,USD,2024-10-17T05:32:59,Misc transaction,
8511,263,1,990.84,USD,2024-02-25T04:55:32,Misc transaction,
8512,55,2,-430.79,USD,2025-11-23T23:09:19,Misc transaction,
8513,198,1,107.59,USD,2024-04-08T20:00:30,Misc transaction,
8514,354,2,-205.22,USD,2024-03-14T22:34:26,Misc transaction,
8515,113,2,-1909.43,USD,2024-04-30T22:28:02,Misc transaction,
8516,286,1,1224.34,USD,2022-07-20T06:58:08,Misc transaction,
8517,299,2,-998.13,USD,2024-04-04T10:32:05,Misc transaction,
8518,477,2,-1004.17,USD,2025-06-24T10:16:22,Misc transaction,
8519,294,2,-1411.26,USD,2022-11-07T23:21:14,Misc transaction,
8520,93,2,-156.18,USD,2022-05-10T04:50:17,Misc transaction,
8521,459,2,-1611.44,USD,2025-03-26T11:33:24,Misc transaction,
8522,451,1,1253.21,USD,2024-09-05T16:04:06,Misc transaction,
8523,294,1,1372.97,USD,2022-07-26T02:22:07,Misc transaction,
8524,527,2,-110.79,USD,2023-03-02T10:49:44,Misc transaction,
8525,33,2,-1116.21,USD,2024-05-13T23:35:28,Misc transaction,
8526,532,2,-1025.37,USD,2025-06-24T11:14:40,Misc transaction,
8527,357,2,-676.83,USD,2024-09-26T00:41:20,Misc transaction,
8528,240,1,1210.05,USD,2022-01-20T18:12:26,Misc transaction,
8529,467,2,-53.78,USD,2025-01-11T07:27:35,Misc transaction,
8530,182,2,-55.96,USD,2023-01-28T12:43:45,Misc transaction,
8531,224,2,-814.21,USD,2025-06-21T03:26:08,Misc transaction,
8532,458,1,1354.15,USD,2025-02-06T06:43:05,Misc transaction,
8533,164,1,1556.57,USD,2025-06-24T12:58:55,Misc transaction,
8534,499,1,1843.07,USD,2023-12-25T04:28:14,Misc transaction,
8535,134,2,-1704.51,USD,2022-08-03T19:57:17,Misc transaction,
8536,81,1,1379.8,USD,2023-05-18T13:12:16,Misc transaction,
8537,528,1,1968.74,USD,2023-10-28T04:30:03,Misc transaction,
8538,432,1,1495.08,USD,2025-11-06T23:15:43,Misc transaction,
8539,252,2,-1400.12,USD,2023-12-07T07:59:13,Misc transaction,
8540,249,1,1348.2,USD,2022-11-19T19:49:25,Misc transaction,
8541,377,1,607.26,USD,2023-01-13T03:14:38,Misc transaction,
8542,236,2,-1635.98,USD,2022-08-13T13:48:36,Misc transaction,
8543,358,2,-640.56,USD,2024-03-19T07:36:48,Misc transaction,
8544,16,1,1279.43,USD,2023-08-12T16:09:26,Misc transaction,
8545,264,2,-1606.36,USD,2022-12-28T08:56:00,Misc transaction,
8546,27,2,-1982.85,USD,2023-03-16T22:22:31,Misc transaction,
8547,219,2,-1140.02,USD,2022-09-21T14:01:29,Misc transaction,
8548,345,1,1879.03,USD,2022-12-07T21:29:03,Misc transaction,
8549,522,1,1261.22,USD,2023-05-08T16:00:29,Misc transaction,
8550,496,1,736.57,USD,2023-07-04T23:26:40,Misc transaction,
8551,484,2,-1656.59,USD,2024-01-08T14:25:55,Misc transaction,
8552,37,1,1041.0,USD,2024-04-13T21:54:31,Misc transaction,
8553,181,2,-666.9,USD,2024-02-04T00:57:41,Misc transaction,
8554,365,1,700.72,USD,2025-03-31T20:58:14,Misc transaction,
8555,477,1,217.9,USD,2023-07-29T14:57:58,Misc transaction,
8556,474,2,-1280.78,USD,2024-11-23T09:21:53,Misc transaction,
8557,266,1,990.38,USD,2022-10-04T22:11:05,Misc transaction,
8558,264,2,-627.45,USD,2025-10-31T06:34:30,Misc transaction,
8559,313,2,-678.45,USD,2025-07-22T02:24:54,Misc transaction,
8560,182,2,-614.27,USD,2025-07-30T03:52:09,Misc transaction,
8561,213,1,1075.12,USD,2025-02-28T18:34:41,Misc transaction,
8562,102,2,-1177.05,USD,2025-11-14T05:38:09,Misc transaction,
8563,283,2,-207.35,USD,2024-03-19T00:46:18,Misc transaction,
8564,128,2,-844.32,USD,2023-08-18T03:21:04,Misc transaction,
8565,460,1,1841.92,USD,2022-02-09T13:39:48,Misc transaction,
8566,399,1,857.85,USD,2023-12-03T11:01:32,Misc transaction,
8567,316,2,-131.08,USD,2022-01-19T03:58:46,Misc transaction,
8568,441,2,-338.83,USD,2022-11-20T04:05:59,Misc transaction,
8569,438,2,-685.15,USD,2024-12-08T14:32:25,Misc transaction,
8570,279,2,-686.95,USD,2025-01-14T02:41:49,Misc transaction,
8571,362,2,-798.39,USD,2025-02-24T09:39:10,Misc transaction,
8572,466,1,1780.12,USD,2024-01-30T12:10:10,Misc transaction,
8573,328,2,-934.1,USD,2024-07-13T22:43:23,Misc transaction,
8574,514,1,648.36,USD,2022-09-22T10:29:34,Misc transaction,
8575,11,2,-843.38,USD,2022-12-15T10:52:36,Misc transaction,
8576,339,1,1667.21,USD,2022-06-26T08:13:02,Misc transaction,
8577,518,2,-775.24,USD,2023-04-04T09:05:31,Misc transaction,
8578,281,1,929.2,USD,2024-10-01T18:44:10,Misc transaction,
8579,364,1,1236.11,USD,2025-11-08T13:45:11,Misc transaction,
8580,476,2,-1748.86,USD,2025-04-16T02:52:21,Misc transaction,
8581,71,2,-992.62,USD,2023-09-13T10:52:29,Misc transaction,
8582,253,2,-517.16,USD,2022-11-24T14:22:04,Misc transaction,
8583,209,1,1570.42,USD,2022-03-08T03:50:52,Misc transaction,
8584,13,1,114.76,USD,2024-08-26T03:26:14,Misc transaction,
8585,82,1,149.2,USD,2023-02-08T11:48:51,Misc transaction,
8586,427,2,-920.14,USD,2024-08-23T02:04:45,Misc transaction,
8587,235,1,1975.08,USD,2022-09-29T01:16:09,Misc transaction,
8588,453,1,463.7,USD,2024-03-01T20:53:24,Misc transaction,
8589,254,1,308.44,USD,2024-04-20T04:01:23,Misc transaction,
8590,149,2,-762.42,USD,2022-09-18T23:36:56,Misc transaction,
8591,408,2,-164.86,USD,2023-04-30T20:39:31,Misc transaction,
8592,145,1,844.09,USD,2022-07-07T11:36:47,Misc transaction,
8593,109,2,-1122.22,USD,2024-04-28T03:43:58,Misc transaction,
8594,131,2,-1334.56,USD,2025-10-29T23:03:10,Misc transaction,
8595,298,1,830.84,USD,2025-07-14T16:38:43,Misc transaction,
8596,540,1,1555.7,USD,2022-03-10T08:09:23,Misc transaction,
8597,110,2,-1214.62,USD,2023-06-28T13:13:48,Misc transaction,
8598,273,2,-629.54,USD,2023-11-04T07:29:18,Misc transaction,
8599,340,1,748.28,USD,2025-08-28T10:27:00,Misc transaction,
8600,524,2,-979.64,USD,2025-09-11T00:31:41,Misc transaction,
8601,89,1,929.67,USD,2024-03-17T06:50:13,Misc transaction,
8602,444,2,-205.8,USD,2025-09-06T20:04:23,Misc transaction,
8603,68,2,-1177.6,USD,2023-08-27T15:09:35,Misc transaction,
8604,272,1,365.18,USD,2023-10-18T16:23:21,Misc transaction,
8605,215,1,50.16,USD,2025-03-13T17:13:25,Misc transaction,
8606,194,2,-1795.2,USD,2022-02-27T01:21:32,Misc transaction,
8607,306,2,-1879.01,USD,2022-06-07T13:01:36,Misc transaction,
8608,71,1,929.61,USD,2025-12-18T19:48:17,Misc transaction,
8609,215,1,389.2,USD,2025-12-11T17:28:57,Misc transaction,
8610,97,2,-1215.43,USD,2023-12-13T11:16:30,Misc transaction,
8611,116,2,-689.56,USD,2023-09-12T21:28:03,Misc transaction,
8612,77,2,-1055.97,USD,2025-01-29T03:05:02,Misc transaction,
8613,27,1,1529.8,USD,2023-09-19T06:15:31,Misc transaction,
8614,62,2,-1836.39,USD,2025-06-07T14:34:28,Misc transaction,
8615,189,1,1290.48,USD,2024-07-23T09:31:30,Misc transaction,
8616,243,1,791.9,USD,2024-05-31T02:07:43,Misc transaction,
8617,512,2,-235.89,USD,2025-12-16T23:28:27,Misc transaction,
8618,386,2,-1381.53,USD,2024-01-02T15:06:51,Misc transaction,
8619,532,2,-244.17,USD,2022-10-18T01:07:28,Misc transaction,
8620,547,1,973.51,USD,2025-01-27T15:20:19,Misc transaction,
8621,322,2,-174.78,USD,2025-10-16T18:03:10,Misc transaction,
8622,173,2,-1862.08,USD,2023-05-19T09:45:27,Misc transaction,
8623,484,2,-1043.74,USD,2024-12-22T10:07:34,Misc transaction,
8624,523,2,-180.06,USD,2024-02-25T07:26:56,Misc transaction,
8625,166,1,431.63,USD,2025-06-19T12:39:12,Misc transaction,
8626,103,1,984.17,USD,2023-02-11T10:21:22,Misc transaction,
8627,432,1,764.18,USD,2023-03-03T08:30:45,Misc transaction,
8628,273,2,-104.34,USD,2023-02-02T06:15:26,Misc transaction,
8629,465,1,342.42,USD,2022-07-28T22:12:54,Misc transaction,
8630,512,2,-141.05,USD,2023-04-04T10:11:12,Misc transaction,
8631,220,1,1204.81,USD,2024-10-08T22:11:54,Misc transaction,
8632,480,1,238.68,USD,2022-03-08T07:49:42,Misc transaction,
8633,242,2,-1098.46,USD,2023-05-03T15:12:25,Misc transaction,
8634,68,1,163.16,USD,2022-04-12T03:38:44,Misc transaction,
8635,435,1,315.15,USD,2022-01-26T21:53:47,Misc transaction,
8636,88,2,-1378.68,USD,2025-04-22T23:35:23,Misc transaction,
8637,111,2,-1581.23,USD,2024-03-06T12:56:31,Misc transaction,
8638,308,2,-226.06,USD,2023-07-09T23:38:35,Misc transaction,
8639,351,1,919.64,USD,2025-07-20T07:08:13,Misc transaction,
8640,470,2,-844.89,USD,2025-12-05T17:52:14,Misc transaction,
8641,169,2,-1076.85,USD,2024-04-03T05:07:45,Misc transaction,
8642,288,2,-239.74,USD,2022-05-11T00:24:46,Misc transaction,
8643,350,1,1297.06,USD,2025-12-15T17:56:11,Misc transaction,
8644,358,2,-341.05,USD,2024-03-22T19:27:29,Misc transaction,
8645,484,2,-666.27,USD,2023-10-20T21:32:50,Misc transaction,
8646,423,1,501.23,USD,2025-08-29T06:22:27,Misc transaction,
8647,207,2,-1104.3,USD,2024-06-28T19:46:23,Misc transaction,
8648,171,1,389.81,USD,2025-04-27T22:38:28,Misc transaction,
8649,96,2,-1680.17,USD,2024-01-27T00:56:14,Misc transaction,
8650,228,2,-986.26,USD,2022-06-18T15:29:09,Misc transaction,
8651,423,2,-1949.4,USD,2022-07-18T12:55:18,Misc transaction,
8652,391,1,363.66,USD,2022-05-08T10:40:26,Misc transaction,
8653,115,2,-1216.14,USD,2024-10-25T21:48:02,Misc transaction,
8654,227,2,-737.2,USD,2022-10-28T07:47:53,Misc transaction,
8655,59,1,1261.84,USD,2025-06-22T06:48:04,Misc transaction,
8656,97,1,295.33,USD,2025-12-03T08:12:06,Misc transaction,
8657,496,2,-1934.59,USD,2024-12-27T04:45:48,Misc transaction,
8658,357,1,363.57,USD,2025-05-23T18:04:47,Misc transaction,
8659,117,2,-1589.82,USD,2022-01-10T04:52:23,Misc transaction,
8660,151,1,990.41,USD,2023-01-29T23:18:27,Misc transaction,
8661,279,1,1010.45,USD,2024-12-15T08:08:54,Misc transaction,
8662,367,2,-1902.54,USD,2024-06-30T22:37:37,Misc transaction,
8663,473,1,1079.91,USD,2022-02-12T11:10:35,Misc transaction,
8664,352,1,1233.09,USD,2024-04-15T11:25:34,Misc transaction,
8665,389,2,-231.02,USD,2025-06-30T00:08:49,Misc transaction,
8666,297,2,-1943.62,USD,2023-03-26T05:57:14,Misc transaction,
8667,531,2,-1995.91,USD,2024-05-15T18:14:37,Misc transaction,
8668,529,1,789.88,USD,2022-10-02T02:13:09,Misc transaction,
8669,373,2,-154.94,USD,2024-07-21T00:36:07,Misc transaction,
8670,371,1,137.22,USD,2024-03-06T09:38:40,Misc transaction,
8671,199,2,-1081.65,USD,2024-12-23T11:01:30,Misc transaction,
8672,54,1,1062.68,USD,2025-04-13T22:16:47,Misc transaction,
8673,71,2,-990.87,USD,2022-10-23T03:39:26,Misc transaction,
8674,200,1,1345.17,USD,2022-12-11T03:01:10,Misc transaction,
8675,354,1,1046.08,USD,2024-11-27T05:50:56,Misc transaction,
8676,234,2,-1206.92,USD,2025-02-05T11:35:16,Misc transaction,
8677,441,2,-1037.73,USD,2023-01-04T15:59:10,Misc transaction,
8678,83,2,-1282.01,USD,2024-11-04T04:57:21,Misc transaction,
8679,46,2,-666.04,USD,2023-03-30T05:00:42,Misc transaction,
8680,547,1,629.84,USD,2025-05-18T07:40:30,Misc transaction,
8681,213,2,-101.94,USD,2025-09-09T06:46:14,Misc transaction,
8682,367,2,-568.21,USD,2024-04-24T10:13:51,Misc transaction,
8683,429,2,-323.16,USD,2022-04-07T22:21:56,Misc transaction,
8684,252,1,750.09,USD,2023-07-03T21:21:32,Misc transaction,
8685,13,2,-910.28,USD,2025-03-22T05:55:34,Misc transaction,
8686,216,1,638.5,USD,2025-06-05T14:23:20,Misc transaction,
8687,366,1,267.53,USD,2022-12-15T16:25:52,Misc transaction,
8688,158,1,1645.89,USD,2024-01-11T09:10:02,Misc transaction,
8689,20,1,175.39,USD,2022-02-15T15:32:02,Misc transaction,
8690,89,2,-798.09,USD,2024-04-07T23:48:58,Misc transaction,
8691,259,1,415.49,USD,2025-09-11T17:17:32,Misc transaction,
8692,38,1,263.96,USD,2022-10-29T03:56:47,Misc transaction,
8693,292,1,974.21,USD,2025-01-21T02:02:32,Misc transaction,
8694,290,2,-1082.01,USD,2023-06-01T21:09:21,Misc transaction,
8695,111,2,-1085.93,USD,2022-07-27T00:55:35,Misc transaction,
8696,304,2,-692.63,USD,2025-10-22T08:40:45,Misc transaction,
8697,187,1,356.96,USD,2024-01-27T08:58:20,Misc transaction,
8698,262,1,1413.36,USD,2025-05-28T02:13:51,Misc transaction,
8699,347,2,-741.92,USD,2023-09-20T05:11:28,Misc transaction,
8700,145,2,-230.53,USD,2023-05-13T04:33:19,Misc transaction,
8701,206,2,-1134.94,USD,2025-08-25T16:23:07,Misc transaction,
8702,62,1,914.16,USD,2022-05-16T03:17:27,Misc transaction,
8703,459,1,1718.51,USD,2023-10-07T23:30:38,Misc transaction,
8704,195,2,-357.9,USD,2025-12-27T23:06:35,Misc transaction,
8705,489,2,-1305.7,USD,2023-12-20T19:23:43,Misc transaction,
8706,10,2,-1417.37,USD,2025-11-26T19:14:55,Misc transaction,
8707,389,2,-867.65,USD,2025-06-05T12:02:07,Misc transaction,
8708,491,2,-1962.29,USD,2025-03-04T12:52:24,Misc transaction,
8709,434,1,310.9,USD,2023-07-06T13:08:36,Misc transaction,
8710,462,1,665.67,USD,2025-12-26T23:16:12,Misc transaction,
8711,27,1,1970.38,USD,2024-10-14T23:47:28,Misc transaction,
8712,426,1,18.24,USD,2023-03-03T19:05:40,Misc transaction,
8713,437,1,992.82,USD,2024-05-24T03:02:26,Misc transaction,
8714,257,2,-611.46,USD,2022-06-19T13:36:11,Misc transaction,
8715,207,1,1734.03,USD,2022-10-02T19:43:43,Misc transaction,
8716,56,2,-285.51,USD,2022-07-21T09:45:03,Misc transaction,
8717,537,1,206.01,USD,2023-09-30T16:52:13,Misc transaction,
8718,538,1,854.33,USD,2022-11-14T22:33:07,Misc transaction,
8719,225,1,923.07,USD,2023-08-11T20:43:33,Misc transaction,
8720,61,2,-440.16,USD,2025-10-30T00:18:55,Misc transaction,
8721,425,1,1906.09,USD,2024-09-08T09:29:22,Misc transaction,
8722,200,2,-1344.91,USD,2023-10-21T15:58:59,Misc transaction,
8723,421,1,745.46,USD,2022-04-23T02:23:01,Misc transaction,
8724,210,2,-496.41,USD,2025-05-07T08:54:44,Misc transaction,
8725,195,1,1041.86,USD,2025-10-05T08:07:48,Misc transaction,
8726,309,2,-1896.52,USD,2023-03-17T15:59:35,Misc transaction,
8727,59,2,-566.76,USD,2024-01-17T02:22:40,Misc transaction,
8728,410,2,-1544.13,USD,2024-06-29T07:54:05,Misc transaction,
8729,475,2,-1520.2,USD,2023-08-29T14:27:09,Misc transaction,
8730,104,1,359.68,USD,2024-03-03T12:21:04,Misc transaction,
8731,443,1,827.04,USD,2022-04-30T02:54:40,Misc transaction,
8732,198,1,1394.58,USD,2023-04-28T12:01:12,Misc transaction,
8733,51,2,-1050.8,USD,2022-05-13T00:08:14,Misc transaction,
8734,392,1,1066.37,USD,2022-12-09T20:30:52,Misc transaction,
8735,498,2,-1649.73,USD,2025-04-29T00:41:52,Misc transaction,
8736,392,1,1565.3,USD,2022-10-26T00:36:38,Misc transaction,
8737,92,2,-1619.53,USD,2022-06-12T10:36:21,Misc transaction,
8738,386,2,-762.79,USD,2022-03-17T21:37:52,Misc transaction,
8739,146,1,1060.8,USD,2023-12-23T06:11:34,Misc transaction,
8740,168,1,1008.77,USD,2023-06-07T08:45:42,Misc transaction,
8741,114,2,-1826.74,USD,2025-02-06T06:36:47,Misc transaction,
8742,271,2,-863.11,USD,2023-11-19T21:01:32,Misc transaction,
8743,292,1,1080.68,USD,2025-08-16T07:54:24,Misc transaction,
8744,48,2,-1514.75,USD,2023-01-24T17:02:38,Misc transaction,
8745,199,1,880.16,USD,2023-10-02T06:23:01,Misc transaction,
8746,209,2,-44.57,USD,2022-01-18T07:48:01,Misc transaction,
8747,255,1,1909.48,USD,2023-08-18T23:03:38,Misc transaction,
8748,351,2,-272.63,USD,2024-12-12T19:56:16,Misc transaction,
8749,272,2,-1395.63,USD,2023-10-27T06:05:39,Misc transaction,
8750,47,2,-698.58,USD,2025-11-03T19:34:05,Misc transaction,
8751,513,2,-496.73,USD,2023-09-25T08:52:46,Misc transaction,
8752,299,2,-1554.03,USD,2025-05-24T00:52:01,Misc transaction,
8753,476,1,954.74,USD,2025-07-26T08:58:36,Misc transaction,
8754,359,1,821.52,USD,2024-06-14T00:41:32,Misc transaction,
8755,316,1,151.01,USD,2023-09-01T08:41:47,Misc transaction,
8756,56,2,-624.98,USD,2023-11-11T05:56:09,Misc transaction,
8757,366,2,-1747.84,USD,2024-01-04T18:04:47,Misc transaction,
8758,246,1,1530.28,USD,2022-02-03T23:53:13,Misc transaction,
8759,478,2,-357.11,USD,2025-12-04T18:38:18,Misc transaction,
8760,330,2,-1050.29,USD,2024-07-10T10:14:09,Misc transaction,
8761,438,1,452.62,USD,2025-07-27T14:45:50,Misc transaction,
8762,67,1,929.62,USD,2023-10-17T03:58:38,Misc transaction,
8763,244,2,-1225.44,USD,2024-10-31T22:18:06,Misc transaction,
8764,434,1,636.24,USD,2024-04-25T15:53:37,Misc transaction,
8765,383,2,-153.68,USD,2022-06-12T01:38:00,Misc transaction,
8766,69,1,297.6,USD,2025-02-18T08:59:55,Misc transaction,
8767,452,1,53.13,USD,2024-09-13T08:52:34,Misc transaction,
8768,219,2,-1339.52,USD,2024-07-18T12:35:51,Misc transaction,
8769,117,1,484.49,USD,2023-07-27T15:05:28,Misc transaction,
8770,226,2,-806.24,USD,2025-01-01T13:53:02,Misc transaction,
8771,531,1,294.89,USD,2023-11-18T03:26:31,Misc transaction,
8772,52,1,718.07,USD,2024-06-16T14:50:14,Misc transaction,
8773,313,2,-641.28,USD,2024-12-18T19:59:50,Misc transaction,
8774,93,2,-253.85,USD,2025-05-18T15:10:12,Misc transaction,
8775,511,1,1019.81,USD,2023-02-28T10:11:33,Misc transaction,
8776,22,2,-831.52,USD,2022-09-13T14:16:38,Misc transaction,
8777,460,1,775.05,USD,2022-12-26T14:38:52,Misc transaction,
8778,446,1,312.11,USD,2025-07-20T21:10:09,Misc transaction,
8779,10,1,1426.69,USD,2022-10-13T02:03:06,Misc transaction,
8780,387,1,620.86,USD,2022-06-25T03:30:25,Misc transaction,
8781,265,2,-1333.61,USD,2024-10-10T12:42:12,Misc transaction,
8782,15,2,-745.99,USD,2022-03-14T09:49:02,Misc transaction,
8783,110,1,872.22,USD,2023-12-21T16:06:51,Misc transaction,
8784,461,2,-1653.55,USD,2024-11-30T04:08:37,Misc transaction,
8785,280,1,553.88,USD,2024-05-17T02:50:09,Misc transaction,
8786,209,1,545.62,USD,2022-11-07T08:59:05,Misc transaction,
8787,242,1,1873.37,USD,2024-11-22T18:30:28,Misc transaction,
8788,232,1,327.4,USD,2023-12-14T00:03:28,Misc transaction,
8789,337,2,-87.51,USD,2023-04-15T03:08:50,Misc transaction,
8790,157,2,-693.1,USD,2023-11-14T03:07:57,Misc transaction,
8791,476,1,831.89,USD,2022-07-23T14:42:11,Misc transaction,
8792,454,1,33.71,USD,2024-01-21T20:57:22,Misc transaction,
8793,124,2,-1163.07,USD,2024-10-11T06:32:26,Misc transaction,
8794,200,2,-291.35,USD,2022-04-20T05:27:06,Misc transaction,
8795,205,2,-955.62,USD,2025-09-04T22:09:59,Misc transaction,
8796,332,1,1321.1,USD,2023-01-24T03:46:35,Misc transaction,
8797,455,1,1707.05,USD,2023-08-10T11:03:45,Misc transaction,
8798,201,2,-1407.66,USD,2023-08-22T01:14:49,Misc transaction,
8799,260,2,-759.48,USD,2023-02-02T23:19:29,Misc transaction,
8800,360,2,-1910.55,USD,2025-05-07T06:13:14,Misc transaction,
8801,69,2,-1207.78,USD,2024-01-21T00:49:14,Misc transaction,
8802,179,1,637.34,USD,2024-10-14T01:00:58,Misc transaction,
8803,45,2,-929.85,USD,2025-11-26T09:15:57,Misc transaction,
8804,424,2,-1457.58,USD,2025-10-05T23:33:48,Misc transaction,
8805,543,1,630.29,USD,2023-12-12T03:55:36,Misc transaction,
8806,110,1,35.36,USD,2025-01-03T20:36:46,Misc transaction,
8807,128,1,87.95,USD,2023-11-07T18:52:15,Misc transaction,
8808,49,2,-1021.46,USD,2023-04-19T22:01:06,Misc transaction,
8809,416,1,1192.02,USD,2024-11-28T10:47:29,Misc transaction,
8810,492,2,-610.84,USD,2023-03-14T00:54:46,Misc transaction,
8811,474,2,-1377.27,USD,2024-01-06T16:50:44,Misc transaction,
8812,318,2,-1127.32,USD,2023-01-19T23:13:07,Misc transaction,
8813,245,2,-41.04,USD,2025-07-25T05:23:58,Misc transaction,
8814,128,2,-1077.25,USD,2022-03-15T22:38:55,Misc transaction,
8815,455,2,-266.34,USD,2022-11-13T06:20:32,Misc transaction,
8816,126,2,-1369.05,USD,2025-06-22T05:46:40,Misc transaction,
8817,417,2,-161.51,USD,2025-12-15T19:08:52,Misc transaction,
8818,26,2,-724.11,USD,2022-07-08T10:45:58,Misc transaction,
8819,476,1,384.42,USD,2023-04-23T18:44:01,Misc transaction,
8820,55,2,-806.91,USD,2023-06-09T10:27:54,Misc transaction,
8821,489,2,-710.17,USD,2024-03-21T09:00:13,Misc transaction,
8822,24,1,1922.92,USD,2025-12-23T05:28:26,Misc transaction,
8823,389,1,1160.79,USD,2023-12-04T19:37:34,Misc transaction,
8824,314,1,363.78,USD,2025-08-09T01:26:35,Misc transaction,
8825,295,2,-1192.11,USD,2024-12-22T21:18:54,Misc transaction,
8826,12,2,-1073.5,USD,2024-09-12T14:13:29,Misc transaction,
8827,319,2,-1565.82,USD,2022-08-26T05:02:42,Misc transaction,
8828,151,1,12.77,USD,2022-09-02T08:38:04,Misc transaction,
8829,416,2,-646.98,USD,2024-06-26T08:46:45,Misc transaction,
8830,171,1,266.29,USD,2022-01-16T20:34:16,Misc transaction,
8831,265,1,766.86,USD,2025-11-24T13:17:23,Misc transaction,
8832,475,2,-1958.11,USD,2024-02-20T13:30:10,Misc transaction,
8833,67,2,-728.09,USD,2024-11-10T15:08:46,Misc transaction,
8834,544,1,1637.6,USD,2025-09-26T13:30:14,Misc transaction,
8835,462,2,-1499.77,USD,2024-04-14T14:38:48,Misc transaction,
8836,280,2,-1918.15,USD,2023-11-11T00:32:33,Misc transaction,
8837,138,2,-758.61,USD,2023-01-19T03:27:21,Misc transaction,
8838,483,1,106.87,USD,2025-01-04T06:06:04,Misc transaction,
8839,235,1,951.29,USD,2023-01-17T07:57:04,Misc transaction,
8840,484,2,-690.36,USD,2025-08-09T22:59:07,Misc transaction,
8841,232,2,-1111.42,USD,2024-10-12T12:59:49,Misc transaction,
8842,454,2,-1717.39,USD,2025-03-25T20:37:59,Misc transaction,
8843,306,1,1978.68,USD,2024-09-04T00:30:53,Misc transaction,
8844,53,2,-1878.24,USD,2025-04-29T14:26:17,Misc transaction,
8845,9,2,-1003.74,USD,2025-10-12T18:37:54,Misc transaction,
8846,248,2,-1790.11,USD,2024-08-06T02:15:40,Misc transaction,
8847,319,1,1245.95,USD,2024-01-25T01:57:56,Misc transaction,
8848,148,2,-561.55,USD,2025-11-01T02:57:51,Misc transaction,
8849,454,1,1629.41,USD,2024-12-28T19:24:44,Misc transaction,
8850,438,2,-147.63,USD,2025-05-13T05:50:01,Misc transaction,
8851,424,2,-341.23,USD,2022-11-24T03:35:03,Misc transaction,
8852,113,1,1995.01,USD,2024-05-19T17:01:39,Misc transaction,
8853,445,2,-1652.35,USD,2024-12-03T12:00:59,Misc transaction,
8854,248,1,306.92,USD,2023-02-02T09:36:49,Misc transaction,
8855,463,1,1867.21,USD,2025-03-15T00:32:49,Misc transaction,
8856,256,2,-1357.96,USD,2024-09-23T01:33:00,Misc transaction,
8857,289,1,1224.13,USD,2024-02-23T01:11:02,Misc transaction,
8858,254,2,-1511.68,USD,2023-05-27T09:11:15,Misc transaction,
8859,217,1,647.69,USD,2024-02-26T16:46:09,Misc transaction,
8860,127,1,121.85,USD,2023-01-09T06:04:02,Misc transaction,
8861,241,1,1004.25,USD,2025-08-20T12:38:04,Misc transaction,
8862,202,2,-571.86,USD,2022-09-06T07:48:12,Misc transaction,
8863,390,2,-98.86,USD,2025-11-10T04:10:03,Misc transaction,
8864,519,1,684.3,USD,2025-06-09T02:02:03,Misc transaction,
8865,167,2,-352.87,USD,2023-04-27T02:08:25,Misc transaction,
8866,506,2,-1279.49,USD,2023-05-02T12:08:19,Misc transaction,
8867,543,2,-1005.41,USD,2023-07-02T16:23:25,Misc transaction,
8868,127,1,1120.62,USD,2023-08-28T18:38:05,Misc transaction,
8869,483,2,-1767.58,USD,2024-06-11T13:12:20,Misc transaction,
8870,364,2,-350.25,USD,2022-07-26T03:30:52,Misc transaction,
8871,210,1,186.41,USD,2024-04-28T03:05:37,Misc transaction,
8872,127,1,1146.25,USD,2023-03-21T09:10:55,Misc transaction,
8873,233,1,656.94,USD,2022-03-15T13:06:00,Misc transaction,
8874,543,2,-1257.42,USD,2023-02-15T05:15:47,Misc transaction,
8875,114,1,107.43,USD,2023-09-10T16:29:49,Misc transaction,
8876,234,2,-584.37,USD,2024-02-25T04:23:39,Misc transaction,
8877,461,2,-1755.23,USD,2022-09-05T22:20:06,Misc transaction,
8878,504,1,595.84,USD,2023-03-12T11:25:09,Misc transaction,
8879,514,1,695.34,USD,2022-05-17T11:52:17,Misc transaction,
8880,20,1,687.27,USD,2023-03-19T01:47:07,Misc transaction,
8881,291,2,-208.51,USD,2023-06-22T19:34:42,Misc transaction,
8882,499,2,-911.38,USD,2024-06-01T16:17:29,Misc transaction,
8883,52,2,-1717.82,USD,2022-09-26T11:45:49,Misc transaction,
8884,74,2,-727.25,USD,2023-03-21T23:52:55,Misc transaction,
8885,29,1,1020.58,USD,2023-08-03T21:59:34,Misc transaction,
8886,528,1,517.88,USD,2022-05-15T02:47:01,Misc transaction,
8887,505,1,271.16,USD,2024-12-06T07:26:07,Misc transaction,
8888,326,2,-1766.79,USD,2023-04-07T22:24:17,Misc transaction,
8889,335,2,-1242.9,USD,2023-10-09T00:50:36,Misc transaction,
8890,138,2,-413.66,USD,2023-09-23T23:34:05,Misc transaction,
8891,446,2,-668.27,USD,2025-08-05T21:05:42,Misc transaction,
8892,405,1,751.44,USD,2022-03-01T08:04:10,Misc transaction,
8893,152,2,-1988.15,USD,2023-09-26T03:19:53,Misc transaction,
8894,290,1,1672.81,USD,2022-12-03T03:54:06,Misc transaction,
8895,63,1,241.25,USD,2025-04-11T04:44:07,Misc transaction,
8896,371,1,68.97,USD,2022-01-29T18:58:07,Misc transaction,
8897,444,2,-1522.0,USD,2025-12-26T16:20:16,Misc transaction,
8898,389,1,616.36,USD,2024-08-25T16:47:38,Misc transaction,
8899,484,1,366.1,USD,2024-09-09T14:41:25,Misc transaction,
8900,479,1,956.73,USD,2025-12-20T01:40:27,Misc transaction,
8901,461,2,-400.66,USD,2024-04-27T17:12:48,Misc transaction,
8902,410,1,781.05,USD,2024-10-31T09:59:25,Misc transaction,
8903,160,1,91.9,USD,2025-08-05T13:37:13,Misc transaction,
8904,483,2,-523.52,USD,2023-08-29T23:09:47,Misc transaction,
8905,28,2,-359.28,USD,2025-09-22T13:47:58,Misc transaction,
8906,324,2,-1087.18,USD,2024-03-29T14:34:25,Misc transaction,
8907,105,1,526.67,USD,2025-01-15T20:53:10,Misc transaction,
8908,150,2,-198.34,USD,2025-03-23T00:08:05,Misc transaction,
8909,80,1,1807.65,USD,2025-10-19T01:03:21,Misc transaction,
8910,464,1,1436.53,USD,2025-10-12T17:53:23,Misc transaction,
8911,39,1,885.25,USD,2025-09-15T00:36:43,Misc transaction,
8912,307,1,1084.72,USD,2022-11-13T01:19:31,Misc transaction,
8913,398,2,-1601.96,USD,2025-03-20T00:35:35,Misc transaction,
8914,184,2,-114.44,USD,2024-04-11T01:49:59,Misc transaction,
8915,439,2,-1971.28,USD,2024-10-19T17:55:44,Misc transaction,
8916,155,2,-1016.76,USD,2023-02-22T22:55:31,Misc transaction,
8917,285,1,1627.33,USD,2024-06-28T08:52:21,Misc transaction,
8918,374,1,1132.38,USD,2025-11-12T08:23:32,Misc transaction,
8919,96,2,-463.25,USD,2024-08-13T08:04:56,Misc transaction,
8920,377,2,-306.2,USD,2022-08-08T05:09:26,Misc transaction,
8921,270,2,-1046.78,USD,2023-09-23T16:57:28,Misc transaction,
8922,386,1,1731.11,USD,2025-06-02T08:49:09,Misc transaction,
8923,284,2,-1871.12,USD,2025-06-12T07:45:34,Misc transaction,
8924,160,2,-1928.23,USD,2024-05-27T06:04:00,Misc transaction,
8925,114,1,454.9,USD,2023-03-12T11:19:11,Misc transaction,
8926,263,2,-694.6,USD,2022-11-07T12:45:41,Misc transaction,
8927,309,2,-1187.8,USD,2024-05-13T17:15:14,Misc transaction,
8928,512,1,400.44,USD,2022-07-29T02:26:38,Misc transaction,
8929,97,1,682.57,USD,2025-02-02T02:59:27,Misc transaction,
8930,421,2,-1248.15,USD,2022-07-02T16:18:29,Misc transaction,
8931,39,2,-1884.93,USD,2022-05-30T01:49:33,Misc transaction,
8932,378,2,-721.51,USD,2023-06-15T01:56:50,Misc transaction,
8933,475,2,-380.15,USD,2023-08-22T17:27:29,Misc transaction,
8934,72,1,1237.61,USD,2024-03-21T07:49:41,Misc transaction,
8935,259,1,1711.23,USD,2024-03-28T04:53:28,Misc transaction,
8936,389,1,316.15,USD,2024-10-16T23:37:39,Misc transaction,
8937,73,1,1278.87,USD,2024-03-23T13:05:32,Misc transaction,
8938,241,1,188.65,USD,2025-07-31T08:06:01,Misc transaction,
8939,315,1,397.7,USD,2025-03-21T04:26:01,Misc transaction,
8940,517,2,-362.1,USD,2024-05-03T21:31:34,Misc transaction,
8941,539,2,-21.17,USD,2022-02-19T03:45:44,Misc transaction,
8942,39,1,1907.58,USD,2024-03-06T20:15:51,Misc transaction,
8943,440,1,1691.91,USD,2022-02-14T11:11:48,Misc transaction,
8944,308,1,1114.64,USD,2024-01-07T01:39:00,Misc transaction,
8945,213,1,186.78,USD,2024-01-07T16:47:27,Misc transaction,
8946,174,2,-208.31,USD,2022-09-01T07:10:06,Misc transaction,
8947,364,2,-948.97,USD,2025-07-09T06:08:50,Misc transaction,
8948,485,1,1391.08,USD,2024-08-23T01:48:28,Misc transaction,
8949,98,2,-1580.83,USD,2025-07-23T16:49:08,Misc transaction,
8950,182,1,432.13,USD,2022-03-26T06:58:37,Misc transaction,
8951,28,2,-124.92,USD,2025-01-11T00:57:51,Misc transaction,
8952,500,1,1710.81,USD,2022-01-24T03:52:22,Misc transaction,
8953,340,2,-1230.32,USD,2025-04-03T17:49:57,Misc transaction,
8954,335,2,-121.56,USD,2023-03-16T14:10:07,Misc transaction,
8955,280,1,1040.67,USD,2022-10-13T19:22:42,Misc transaction,
8956,292,2,-31.8,USD,2023-07-31T03:37:59,Misc transaction,
8957,247,1,1827.58,USD,2024-07-05T23:21:21,Misc transaction,
8958,165,1,725.15,USD,2022-04-26T20:10:28,Misc transaction,
8959,463,1,379.17,USD,2025-06-06T20:42:30,Misc transaction,
8960,68,2,-1215.74,USD,2022-05-29T06:17:05,Misc transaction,
8961,228,1,874.5,USD,2023-03-19T12:49:53,Misc transaction,
8962,516,1,1959.76,USD,2025-06-27T06:37:44,Misc transaction,
8963,392,1,1533.72,USD,2023-06-07T08:44:24,Misc transaction,
8964,68,2,-747.52,USD,2025-07-07T12:13:31,Misc transaction,
8965,60,1,922.36,USD,2022-03-24T05:20:15,Misc transaction,
8966,513,1,1725.11,USD,2022-11-23T17:49:36,Misc transaction,
8967,469,2,-213.57,USD,2024-11-22T08:30:56,Misc transaction,
8968,300,2,-164.79,USD,2022-12-25T14:21:00,Misc transaction,
8969,347,1,1575.89,USD,2023-02-17T13:03:50,Misc transaction,
8970,196,2,-1705.96,USD,2022-12-17T06:02:53,Misc transaction,
8971,79,2,-848.47,USD,2022-03-06T03:56:51,Misc transaction,
8972,181,1,1598.48,USD,2024-07-29T21:44:29,Misc transaction,
8973,165,1,316.28,USD,2022-10-23T04:30:27,Misc transaction,
8974,281,1,688.94,USD,2022-12-25T09:09:27,Misc transaction,
8975,453,1,1139.09,USD,2025-10-30T08:50:07,Misc transaction,
8976,221,1,357.87,USD,2025-11-23T08:25:06,Misc transaction,
8977,481,2,-1444.14,USD,2025-06-07T23:44:27,Misc transaction,
8978,488,1,1632.48,USD,2024-05-09T00:13:44,Misc transaction,
8979,340,2,-1173.81,USD,2024-04-10T02:58:46,Misc transaction,
8980,346,2,-799.11,USD,2022-12-04T16:34:21,Misc transaction,
8981,125,2,-1795.33,USD,2022-07-13T05:38:47,Misc transaction,
8982,160,2,-1617.51,USD,2024-01-15T12:23:28,Misc transaction,
8983,104,1,1243.12,USD,2025-05-27T11:34:56,Misc transaction,
8984,469,1,168.19,USD,2023-02-22T06:40:22,Misc transaction,
8985,57,2,-941.08,USD,2025-11-26T12:17:43,Misc transaction,
8986,191,1,1561.57,USD,2023-12-20T19:04:12,Misc transaction,
8987,371,2,-887.21,USD,2024-08-26T15:04:19,Misc transaction,
8988,132,2,-1202.65,USD,2024-09-24T07:03:30,Misc transaction,
8989,67,2,-952.25,USD,2022-09-16T13:38:43,Misc transaction,
8990,399,1,523.77,USD,2023-12-16T21:12:24,Misc transaction,
8991,87,1,633.26,USD,2023-02-02T17:05:01,Misc transaction,
8992,105,2,-1438.97,USD,2022-08-17T12:55:15,Misc transaction,
8993,319,1,1262.01,USD,2023-12-06T10:07:08,Misc transaction,
8994,205,2,-335.36,USD,2023-01-09T18:50:54,Misc transaction,
8995,432,2,-331.09,USD,2025-05-09T05:07:26,Misc transaction,
8996,341,1,1700.04,USD,2024-05-27T00:54:21,Misc transaction,
8997,6,2,-1639.55,USD,2022-06-30T22:23:00,Misc transaction,
8998,473,1,453.12,USD,2025-09-02T20:37:21,Misc transaction,
8999,299,1,1091.61,USD,2023-11-02T23:32:08,Misc transaction,
9000,253,1,1673.43,USD,2025-11-19T09:44:09,Misc transaction,
